group,comparison,metric,n,n_tasks,mean,median,ci_low,ci_high,median_ci_low,median_ci_high
pooled,early_middle,Recovery,270,6,0.12968675412248878,0.1677189230460301,-0.022326600086991173,0.28161762460836964,0.03937783487886126,0.3813707134380915
pooled,early_middle,D_BG_px,270,6,1.463529528822336,0.19648952037096024,0.24339875964516844,3.741473471037871,0.12920014299452304,0.5678273223340508
pooled,early_middle,D_int_px,270,6,1.1914825232975461,0.16978797316551208,0.18235798294621486,3.1486270473373157,0.11514337360858917,0.5019500099122522
pooled,early_middle,ADE_GT,270,6,2.0718428324361327,0.9798815700805188,0.6929050950101386,4.408384989284243,0.6204068978489495,2.2507828135423615
pooled,early_middle,GT_ADE_improvement_px,270,6,0.22145956513005577,0.025502593907713034,0.034073051728812906,0.5523881497834732,-0.007273841674916398,0.10581430253640421
pooled,early,Delta_recovery,269,6,0.07898993862072533,0.1299458223658082,-0.040442072245904494,0.19507440453667504,0.030126447748200613,0.33634199560656913
pooled,early,absolute_improvement_px,269,6,0.1935635105010856,0.028612390160560608,0.039807966061764295,0.41009123977762035,0.0029127933084964752,0.09988593012094493
pooled,early,Recovery_early_middle,269,6,0.13004863095024347,0.1679759767181882,-0.02233209159941368,0.28164150819922035,0.03937783487886126,0.3813707134380915
pooled,early,Recovery_other,269,6,0.051058692329518145,0.0499957565547523,0.01333612502300093,0.09521026410763306,0.015466110394922168,0.0832068933199811
pooled,middle,Delta_recovery,270,6,0.021759026456156804,0.02937417414314042,-0.010245684304844085,0.04768252503130124,0.004478802978932994,0.05431642375548251
pooled,middle,absolute_improvement_px,270,6,0.09497970206732,0.005937002599239349,0.0052484786579454394,0.2506832463126974,0.0007235407829284668,0.03868155144155025
pooled,middle,Recovery_early_middle,270,6,0.12968675412248878,0.1677189230460301,-0.022326600086991173,0.28161762460836964,0.03937783487886126,0.3813707134380915
pooled,middle,Recovery_other,270,6,0.10792772766633199,0.13205227227898647,-0.01886800632497236,0.24911742006561646,0.03018037757782245,0.3630952366772596
pooled,late,Delta_recovery,270,6,0.1276563070915643,0.17530475891407155,-0.008081897374942611,0.2546063462660591,0.06787146375978892,0.322295006199092
pooled,late,absolute_improvement_px,270,6,0.2711700938021143,0.03884431719779968,0.04833900896073492,0.6020502396479801,0.005736146122217178,0.12079478362575173
pooled,late,Recovery_early_middle,270,6,0.12968675412248878,0.1677189230460301,-0.022326600086991173,0.28161762460836964,0.03937783487886126,0.3813707134380915
pooled,late,Recovery_other,270,6,0.002030447030924494,0.016525090968208367,-0.057387540823639144,0.05712214422216086,-0.004138187190893761,0.07334099799486316
pooled,full,Delta_recovery,270,6,0.0688505570903934,0.0048926565403092925,0.02621567807758258,0.10907959868959542,-0.010021616938702183,0.04930216725372427
pooled,full,absolute_improvement_px,270,6,0.010006718227156887,0.003551928326487541,-0.0006981888510010861,0.021188734154458398,-0.003750036284327507,0.010121658444404602
pooled,full,Recovery_early_middle,270,6,0.12968675412248878,0.1677189230460301,-0.022326600086991173,0.28161762460836964,0.03937783487886126,0.3813707134380915
pooled,full,Recovery_other,270,6,0.06083619703209543,0.184567294360374,-0.11181427058479594,0.20529197283094655,0.03857012843876029,0.3799989974750512
Original,early_middle,Recovery,45,1,0.07077292263584016,0.1412281513026683,,,,
Original,early_middle,D_BG_px,45,1,7.112732715904713,3.0308902263641357,,,,
Original,early_middle,D_int_px,45,1,6.080087378703886,2.465747594833374,,,,
Original,early_middle,ADE_GT,45,1,7.837341903218866,4.48272166485758,,,,
Original,early_middle,GT_ADE_improvement_px,45,1,1.0302795493993655,0.41346866836244767,,,,
Original,early,Delta_recovery,44,1,0.007574610720977007,0.08657624630355915,,,,
Original,early,absolute_improvement_px,44,1,0.714688543822955,0.2518518567085266,,,,
Original,early,Recovery_early_middle,44,1,0.07164635525355278,0.143582721849895,,,,
Original,early,Recovery_other,44,1,0.06407174453257579,0.049982837531911184,,,,
Original,middle,Delta_recovery,45,1,0.06262078134590104,0.05392120150180291,,,,
Original,middle,absolute_improvement_px,45,1,0.4803022009630998,0.13237881660461426,,,,
Original,middle,Recovery_early_middle,45,1,0.07077292263584016,0.1412281513026683,,,,
Original,middle,Recovery_other,45,1,0.008152141289939142,0.06614619790197418,,,,
Original,late,Delta_recovery,45,1,0.072409598288217,0.13043486173444774,,,,
Original,late,absolute_improvement_px,45,1,1.0657454819315009,0.4305008053779602,,,,
Original,late,Recovery_early_middle,45,1,0.07077292263584016,0.1412281513026683,,,,
Original,late,Recovery_other,45,1,-0.0016366756523768327,0.0012991720480474145,,,,
Original,full,Delta_recovery,45,1,0.018161497106692584,0.0012074647312442233,,,,
Original,full,absolute_improvement_px,45,1,0.03377200903164016,0.0033082962036132812,,,,
Original,full,Recovery_early_middle,45,1,0.07077292263584016,0.1412281513026683,,,,
Original,full,Recovery_other,45,1,0.0526114255291476,0.1447298276658775,,,,
T01,early_middle,Recovery,45,1,-0.0320872751170759,-0.02952583301715328,,,,
T01,early_middle,D_BG_px,45,1,0.14945788197219373,0.11310245096683502,,,,
T01,early_middle,D_int_px,45,1,0.1501723842488395,0.11896471679210663,,,,
T01,early_middle,ADE_GT,45,1,0.3718810278754696,0.2836411144104366,,,,
T01,early_middle,GT_ADE_improvement_px,45,1,0.013842060754786977,0.003737985148524607,,,,
T01,early,Delta_recovery,45,1,-0.026945504230729188,-0.0032739280701534756,,,,
T01,early,absolute_improvement_px,45,1,-0.00014702694283591375,-0.0008077025413513184,,,,
T01,early,Recovery_early_middle,45,1,-0.0320872751170759,-0.02952583301715328,,,,
T01,early,Recovery_other,45,1,-0.005141770886346718,0.0026105718344918705,,,,
T01,middle,Delta_recovery,45,1,-0.0041166137170016315,-0.0032532640242591837,,,,
T01,middle,absolute_improvement_px,45,1,0.00019181743264198303,-0.0003417879343032837,,,,
T01,middle,Recovery_early_middle,45,1,-0.0320872751170759,-0.02952583301715328,,,,
T01,middle,Recovery_other,45,1,-0.02797066140007427,-0.0012111421600853323,,,,
T01,late,Delta_recovery,45,1,-0.08720354501444423,-0.06610758975272923,,,,
T01,late,absolute_improvement_px,45,1,-0.00894679000808133,-0.008134327828884125,,,,
T01,late,Recovery_early_middle,45,1,-0.0320872751170759,-0.02952583301715328,,,,
T01,late,Recovery_other,45,1,0.055116269897368335,0.06609177795517429,,,,
T01,full,Delta_recovery,45,1,-0.018128319978854876,-0.06913082426059813,,,,
T01,full,absolute_improvement_px,45,1,-0.004434305967556106,-0.00550466775894165,,,,
T01,full,Recovery_early_middle,45,1,-0.0320872751170759,-0.02952583301715328,,,,
T01,full,Recovery_other,45,1,-0.013958955138221025,0.03800409814794248,,,,
T02,early_middle,Recovery,45,1,0.25075598966657836,0.2707721279910067,,,,
T02,early_middle,D_BG_px,45,1,0.46703707153598467,0.15081799030303955,,,,
T02,early_middle,D_int_px,45,1,0.3037230185336537,0.10121047496795654,,,,
T02,early_middle,ADE_GT,45,1,0.9778400888307691,0.9792921101675722,,,,
T02,early_middle,GT_ADE_improvement_px,45,1,0.011776868177845224,-0.042302481053510185,,,,
T02,early,Delta_recovery,45,1,0.19086722476252196,0.21976818579853674,,,,
T02,early,absolute_improvement_px,45,1,0.13236641966634327,0.04491569846868515,,,,
T02,early,Recovery_early_middle,45,1,0.25075598966657836,0.2707721279910067,,,,
T02,early,Recovery_other,45,1,0.05988876490405638,0.06396653652814799,,,,
T02,middle,Delta_recovery,45,1,0.04841935482530206,0.05756930789920611,,,,
T02,middle,absolute_improvement_px,45,1,0.030787358433008193,0.009154416620731354,,,,
T02,middle,Recovery_early_middle,45,1,0.25075598966657836,0.2707721279910067,,,,
T02,middle,Recovery_other,45,1,0.2023366348412763,0.21667184920467453,,,,
T02,late,Delta_recovery,45,1,0.24256974494648278,0.26238102365220106,,,,
T02,late,absolute_improvement_px,45,1,0.1551568787958887,0.04474900662899017,,,,
T02,late,Recovery_early_middle,45,1,0.25075598966657836,0.2707721279910067,,,,
T02,late,Recovery_other,45,1,0.00818624472009558,0.03314230483165892,,,,
T02,full,Delta_recovery,45,1,0.07142598328477505,0.0075968890968618474,,,,
T02,full,absolute_improvement_px,45,1,0.002398661110136244,0.006335154175758362,,,,
T02,full,Recovery_early_middle,45,1,0.25075598966657836,0.2707721279910067,,,,
T02,full,Recovery_other,45,1,0.17933000638180327,0.28400951237531946,,,,
T03,early_middle,Recovery,45,1,0.195352409771566,0.23119106381684618,,,,
T03,early_middle,D_BG_px,45,1,0.3216384453078111,0.15324446558952332,,,,
T03,early_middle,D_int_px,45,1,0.1788907708807124,0.1425132155418396,,,,
T03,early_middle,ADE_GT,45,1,0.7660696085030894,0.7275498509580606,,,,
T03,early_middle,GT_ADE_improvement_px,45,1,0.11965845994072408,0.0442614184019111,,,,
T03,early,Delta_recovery,45,1,0.15611214587976815,0.2217882527018542,,,,
T03,early,absolute_improvement_px,45,1,0.12163180828922325,0.02312953770160675,,,,
T03,early,Recovery_early_middle,45,1,0.195352409771566,0.23119106381684618,,,,
T03,early,Recovery_other,45,1,0.039240263891797876,0.05312475426712138,,,,
T03,middle,Delta_recovery,45,1,0.015375877750620711,0.0298402853777342,,,,
T03,middle,absolute_improvement_px,45,1,0.014929246116015647,0.0021744705736637115,,,,
T03,middle,Recovery_early_middle,45,1,0.195352409771566,0.23119106381684618,,,,
T03,middle,Recovery_other,45,1,0.1799765320209453,0.202176952108151,,,,
T03,late,Delta_recovery,45,1,0.2944720094551815,0.3233288561006916,,,,
T03,late,absolute_improvement_px,45,1,0.14655539091262554,0.029527530074119568,,,,
T03,late,Recovery_early_middle,45,1,0.195352409771566,0.23119106381684618,,,,
T03,late,Recovery_other,45,1,-0.09911959968361551,-0.010018691922752732,,,,
T03,full,Delta_recovery,45,1,0.11432572498697711,0.028706339238839695,,,,
T03,full,absolute_improvement_px,45,1,0.006174294940299458,0.0072668492794036865,,,,
T03,full,Recovery_early_middle,45,1,0.195352409771566,0.23119106381684618,,,,
T03,full,Recovery_other,45,1,0.08102668478458891,0.21099870049432679,,,,
T04,early_middle,Recovery,45,1,-0.13150625818287667,-0.07356450865329389,,,,
T04,early_middle,D_BG_px,45,1,0.22334339511063364,0.17303702235221863,,,,
T04,early_middle,D_int_px,45,1,0.2205430269241333,0.20141944289207458,,,,
T04,early_middle,ADE_GT,45,1,1.0861073087728854,1.0755737389228073,,,,
T04,early_middle,GT_ADE_improvement_px,45,1,0.06321072270038043,0.028536213651140684,,,,
T04,early,Delta_recovery,45,1,-0.1374161402464283,-0.06375866156785892,,,,
T04,early,absolute_improvement_px,45,1,-0.0020608831610944536,-0.009912684559822083,,,,
T04,early,Recovery_early_middle,45,1,-0.13150625818287667,-0.07356450865329389,,,,
T04,early,Recovery_other,45,1,0.005909882063551633,0.020860777982510403,,,,
T04,middle,Delta_recovery,45,1,-0.04038424156266189,-0.004777433270581444,,,,
T04,middle,absolute_improvement_px,45,1,-0.004115450878938039,-0.0011806488037109375,,,,
T04,middle,Recovery_early_middle,45,1,-0.13150625818287667,-0.07356450865329389,,,,
T04,middle,Recovery_other,45,1,-0.09112201662021478,-0.06981718879439613,,,,
T04,late,Delta_recovery,45,1,-0.06816732285169719,0.07160746829760778,,,,
T04,late,absolute_improvement_px,45,1,0.015162154080139266,0.016424521803855896,,,,
T04,late,Recovery_early_middle,45,1,-0.13150625818287667,-0.07356450865329389,,,,
T04,late,Recovery_other,45,1,-0.06333893533117947,-0.019215860725286138,,,,
T04,full,Delta_recovery,45,1,0.14148708779703412,0.09599747723235241,,,,
T04,full,absolute_improvement_px,45,1,0.024076388859086566,0.020075500011444092,,,,
T04,full,Recovery_early_middle,45,1,-0.13150625818287667,-0.07356450865329389,,,,
T04,full,Recovery_other,45,1,-0.27299334597991076,-0.17384979827550495,,,,
T05,early_middle,Recovery,45,1,0.42483273596090093,0.5533568519295886,,,,
T05,early_middle,D_BG_px,45,1,0.5069676631026798,0.2558152377605438,,,,
T05,early_middle,D_int_px,45,1,0.21547856049405203,0.11787556111812592,,,,
T05,early_middle,ADE_GT,45,1,1.3918170574157165,0.9804710299934655,,,,
T05,early_middle,GT_ADE_improvement_px,45,1,0.08998972980723256,0.0854111325295869,,,,
T05,early,Delta_recovery,45,1,0.28216028755158123,0.4093738556461777,,,,
T05,early,absolute_improvement_px,45,1,0.20648275762796403,0.10921311378479004,,,,
T05,early,Recovery_early_middle,45,1,0.42483273596090093,0.5533568519295886,,,,
T05,early,Recovery_other,45,1,0.1426724484093196,0.1570384466167346,,,,
T05,middle,Delta_recovery,45,1,0.04863900009478053,0.06952475297543059,,,,
T05,middle,absolute_improvement_px,45,1,0.04778304033809238,0.01190996915102005,,,,
T05,middle,Recovery_early_middle,45,1,0.42483273596090093,0.5533568519295886,,,,
T05,middle,Recovery_other,45,1,0.3761937358661203,0.4848406634258753,,,,
T05,late,Delta_recovery,45,1,0.31185735772564604,0.48110931508395927,,,,
T05,late,absolute_improvement_px,45,1,0.25334744710061285,0.11221852898597717,,,,
T05,late,Recovery_early_middle,45,1,0.42483273596090093,0.5533568519295886,,,,
T05,late,Recovery_other,45,1,0.11297537823525484,0.12087689695071557,,,,
T05,full,Delta_recovery,45,1,0.08583136934573633,-0.03185385133020324,,,,
T05,full,absolute_improvement_px,45,1,-0.0019467386106650035,-0.008948273956775665,,,,
T05,full,Recovery_early_middle,45,1,0.42483273596090093,0.5533568519295886,,,,
T05,full,Recovery_other,45,1,0.33900136661516456,0.5662435484210551,,,,
