task,seed,background,condition,D_BG_px,D_int_px,nD_BG,nD_int,Recovery,ADE_GT,FDE_GT,GT_ADE_improvement_px,tracker_failed,paired_tracker_failed,confidence_min,confidence_mean,valid_future_fraction,paired_future_fraction,nADE_GT,nFDE_GT
Original,0,BG1,early_middle,2.4180679321289062,2.0131337642669678,0.006679032156945632,0.005560548969331146,0.16746186937387197,3.5203198643674107,8.314482872362083,0.4087756255506979,False,False,0.9996168613433838,0.9999366998672485,1.0,1.0,0.009723601750155872,0.02296573133244778
Original,0,BG2,early_middle,0.5472681522369385,0.5291110277175903,0.0015116289905241055,0.0014614765457019196,0.033177765074313026,2.1047011721365982,5.395431387909106,0.019687324500640205,False,False,0.9996998310089111,0.9999496340751648,1.0,1.0,0.0058134705905822795,0.014902914538348728
Original,0,BG3,early_middle,2.7398698329925537,2.3400206565856934,0.007567892728427688,0.006463454978079457,0.14593729239712172,3.8657776787207503,9.161275134866932,0.39518127391460134,False,False,0.9997178912162781,0.9999517202377319,1.0,1.0,0.010677803168683723,0.025304686610078553
Original,0,BG4,early_middle,2.1726555824279785,1.9778505563735962,0.006001169904365748,0.005463091955411546,0.08966217965392498,3.501414029995673,8.297478231226957,0.192115765747822,False,False,0.9997919201850891,0.9999617338180542,1.0,1.0,0.009671381266998662,0.022918762203313833
Original,0,BG5,early_middle,6.009836196899414,5.123404026031494,0.01659998409628104,0.014151538006114564,0.14749689514836983,6.648089025258299,17.59602945277047,0.8753971564894056,False,False,0.9998818635940552,0.9999801516532898,1.0,1.0,0.018362925123796905,0.04860262401567271
Original,0,BG6,early_middle,16.993370056152344,14.720932006835938,0.04693799688249119,0.04066121424773352,0.13372497924014992,16.247557580662708,40.89499227033551,2.2791859757064583,False,False,0.9999574422836304,0.9999939203262329,1.0,1.0,0.04487796149611522,0.11295752480830344
Original,0,BG7,early_middle,3.6982169151306152,2.956228256225586,0.010214977574170519,0.00816550408872029,0.20063416612015628,4.48272166485758,11.53207408248676,0.7454305978477092,False,False,0.9998617172241211,0.9999797940254211,1.0,1.0,0.012381886278877518,0.03185315540965633
Original,0,BG8,early_middle,25.3856143951416,26.236251831054688,0.0701185159507479,0.0724680921197529,-0.03350864045822721,27.760205688691883,67.39397137319769,-0.8383209359917183,False,False,0.9986680746078491,0.9998677968978882,1.0,1.0,0.07667745972502892,0.1861513053479693
Original,0,BG9,early_middle,13.222055435180664,10.456460952758789,0.036521113513440215,0.028882165808234713,0.20916524695333305,11.963909335881333,29.745456838070904,2.7740329590751407,False,False,0.999339759349823,0.9999524354934692,1.0,1.0,0.0330459430504013,0.08216099312379568
Original,0,BG10,early_middle,23.93341064453125,22.800077438354492,0.06610733188933729,0.06297691159468308,0.047353602565716524,24.32712154274835,59.232895656482725,1.1207200485030306,False,False,0.9996331930160522,0.9999722242355347,1.0,1.0,0.06719481488135431,0.1636093054219302
Original,0,BG11,early_middle,13.86436939239502,11.753270149230957,0.03829527193061614,0.032464128998588415,0.15226796054636127,13.265476205707518,34.595966520498436,2.1116931102394068,False,False,0.9999525547027588,0.9999883770942688,1.0,1.0,0.036641047580955384,0.09555875987635629
Original,0,BG12,early_middle,3.8575217723846436,3.4390530586242676,0.010654999233702856,0.009499131791459206,0.10848123416212752,4.9716155284460015,12.269854679493186,0.4196619093526106,False,False,0.9997298121452332,0.999969482421875,1.0,1.0,0.013732277553189487,0.03389100565641845
Original,0,BG13,early_middle,0.7604745626449585,1.091633915901184,0.002100534063148922,0.0030152411894802836,-0.4354640577980684,2.6281228487892383,6.633606334068077,-0.30924810926477175,False,False,0.9997339844703674,0.9999483227729797,1.0,1.0,0.007259232375664757,0.01832292196305301
Original,0,BG14,early_middle,14.419865608215332,12.048704147338867,0.039829627950655234,0.03328015784021012,0.16443714065415338,13.566337046659651,34.930586600023716,2.3721321216607083,False,False,0.9999041557312012,0.9999818801879883,1.0,1.0,0.037472066099825466,0.09648302599883092
Original,0,BG15,early_middle,5.427455425262451,4.793853282928467,0.014991369280432798,0.013241274079578562,0.11674018513674733,6.311806182593038,16.98192947326126,0.611403138915305,False,False,0.9998462200164795,0.9999752044677734,1.0,1.0,0.01743406622361997,0.04690639643818254
Original,1,BG1,early_middle,1.3454056978225708,0.9017307162284851,0.0037161933295990577,0.0024907027509740785,0.3297704097837799,2.996962078861794,6.848087510057713,0.42468718450293413,False,False,0.9995853304862976,0.9999397993087769,1.0,1.0,0.00827801644110198,0.018915348111409016
Original,1,BG2,early_middle,0.09256619215011597,0.13952597975730896,0.00025568039913267173,0.0003853897126487895,-0.507310190073885,2.2835443405186924,5.365496855936727,-0.046667714725635016,False,False,0.999642014503479,0.9999440908432007,1.0,1.0,0.006307459720003632,0.014820231294015468
Original,1,BG3,early_middle,1.5806487798690796,1.3215488195419312,0.004365966683279955,0.0036502973904967827,0.16392001309070614,3.3932619838157345,7.741661058296086,0.2620518495232175,False,False,0.99980229139328,0.9999655485153198,1.0,1.0,0.009372650621478995,0.021383519656128853
Original,1,BG4,early_middle,1.2589232921600342,1.0196030139923096,0.003477317175312708,0.0028162820520007984,0.19009918059114783,3.1048323813210796,7.180377841843247,0.2371265595224187,False,False,0.9997952580451965,0.9999656677246094,1.0,1.0,0.008575968872186375,0.019833179154097606
Original,1,BG5,early_middle,3.0308902263641357,2.465747594833374,0.008371730594117619,0.00681072986328554,0.18646093967715183,4.498517797471882,9.69696683078526,0.5557114348662962,False,False,0.9998663663864136,0.9999774694442749,1.0,1.0,0.01242551734328414,0.026784339855426883
Original,1,BG6,early_middle,8.414840698242188,8.016642570495605,0.023242933282545286,0.022143055952914836,0.047320935897996796,10.036986176720003,24.823621894749785,0.3985250985800268,False,False,0.9999109506607056,0.9999858736991882,1.0,1.0,0.027723519485290442,0.06856621631011103
Original,1,BG7,early_middle,0.5526313185691833,1.0317659378051758,0.0015264427845950498,0.002849877700075537,-0.8670058761896811,3.101349240057198,6.944401987072477,-0.4634995496597741,False,False,0.9998444318771362,0.9999763369560242,1.0,1.0,0.008566347962781993,0.019181381782594858
Original,1,BG8,early_middle,20.541980743408203,15.923721313476562,0.056739741729169596,0.04398348172845326,0.22482055140497625,17.9417877497043,43.34645912032459,4.611143702133562,False,False,0.9998905658721924,0.9999923706054688,1.0,1.0,0.04955765540791264,0.11972880931408979
Original,1,BG9,early_middle,7.5841546058654785,6.970559597015381,0.020948465435057295,0.019253632655134936,0.08090486678192232,9.00648328400077,22.08981596737621,0.6065117007573733,False,False,0.9996249675750732,0.9999631643295288,1.0,1.0,0.02487713048734465,0.061015072912869506
Original,1,BG10,early_middle,17.569000244140625,14.617830276489258,0.04852796566914041,0.04037643326070148,0.1679759767181882,16.637431725095418,39.495700285129566,2.959188178829122,False,False,0.9999651908874512,0.9999950528144836,1.0,1.0,0.045954846852903006,0.10909249023174443
Original,1,BG11,early_middle,7.897454261779785,7.483389854431152,0.021813841650840177,0.020670139501292494,0.05243011267924924,9.515750220731785,23.413284738789894,0.41346866836244767,False,False,0.9998847246170044,0.9999836087226868,1.0,1.0,0.026283794957643873,0.06467067347128842
Original,1,BG12,early_middle,2.2352547645568848,2.055753231048584,0.006174077350381691,0.005678269727033629,0.0803047355279154,4.094457801211965,8.947440658977605,0.1764269472502773,False,False,0.9998044371604919,0.9999700784683228,1.0,1.0,0.011309448736402895,0.024714046735262875
Original,1,BG13,early_middle,0.6818767189979553,1.0079562664031982,0.001883436140377688,0.0027841121527858426,-0.4782089247779866,3.081858728421842,7.142087016389048,-0.3144128687931924,False,False,0.9996445178985596,0.9999507069587708,1.0,1.0,0.008512512521586073,0.01972741469184802
Original,1,BG14,early_middle,8.05540657043457,7.4957594871521,0.022250127387378728,0.02070430610745565,0.06947471709767872,9.526131952594591,23.39272107678461,0.5572072754171818,False,False,0.9998527765274048,0.9999723434448242,1.0,1.0,0.02631247071155266,0.06461387384296825
Original,1,BG15,early_middle,2.526517152786255,2.1697018146514893,0.0069785836387472235,0.00599301119645635,0.1412281513026683,4.222114226208243,9.487263522130547,0.35923081785771993,False,False,0.9998075366020203,0.9999680519104004,1.0,1.0,0.01166205312615641,0.026205110825790152
Original,2,BG1,early_middle,0.5151075124740601,0.4156568944454193,0.0014227969340255544,0.0011481008152706912,0.1930677066236185,2.18301165108838,5.972089535252375,0.07863566558930228,False,False,0.9997554421424866,0.9999562501907349,1.0,1.0,0.006029774773022792,0.016495722688399106
Original,2,BG2,early_middle,0.12120405584573746,0.05344756320118904,0.0003347820695149764,0.00014762943116194277,0.5590282980340406,1.9169597917542032,5.233493554925853,-0.09418012069686299,False,False,0.9996824264526367,0.9999534487724304,1.0,1.0,0.005294903390669332,0.014455620242125631
Original,2,BG3,early_middle,0.6737686395645142,0.5789393186569214,0.0018610405233863386,0.001599109055147768,0.14074464724484448,2.290637252976731,6.270761664124691,0.09279688705251482,False,False,0.9998334646224976,0.9999661445617676,1.0,1.0,0.006327051307884263,0.01732069568713753
Original,2,BG4,early_middle,0.49805107712745667,0.47225284576416016,0.0013756847422425342,0.0013044265221659466,0.051798383800524594,2.2180212865660307,6.094820005059347,0.04478297156801061,False,False,0.9998252987861633,0.999967098236084,1.0,1.0,0.006126476142761526,0.016834720920659733
Original,2,BG5,early_middle,1.9634336233139038,1.5923354625701904,0.0054232704275583386,0.004398246888699998,0.18900469282344423,3.238110534965421,8.026469854000926,0.36847536069822884,False,False,0.9999099969863892,0.9999797940254211,1.0,1.0,0.00894410124025644,0.022170200245130674
Original,2,BG6,early_middle,12.718385696411133,8.9994478225708,0.03512990926436837,0.02485769758700907,0.29240643975482483,10.641892912781257,27.910263826068338,3.716019889912249,False,False,0.9999102354049683,0.9999855160713196,1.0,1.0,0.02939435407534643,0.07709194068796295
Original,2,BG7,early_middle,0.3525125980377197,0.5398524403572083,0.0009736876895553095,0.001491145786783938,-0.5314415088933293,2.297439276480672,6.33706071546559,-0.1560929874315044,False,False,0.9999370574951172,0.9999855160713196,1.0,1.0,0.006345839420952338,0.017503822674596065
Original,2,BG8,early_middle,25.355228424072266,24.535192489624023,0.07003458577029452,0.06776953510597812,0.03234188745648536,26.08692135780526,67.99720376549578,0.824396011306623,False,False,0.9829621911048889,0.997951328754425,1.0,0.95,0.07205562106400108,0.18781751517306838
Original,2,BG9,early_middle,11.4099760055542,6.880382537841797,0.03151590393243426,0.019004551365880633,0.3969853636447275,8.527257103065972,21.998428749958297,4.526273539160342,False,False,0.9997095465660095,0.999964714050293,1.0,1.0,0.02355344266601212,0.06076264900212741
Original,2,BG10,early_middle,23.414058685302734,19.353918075561523,0.06467281121670837,0.053458151225618936,0.17340610069264695,20.99562321912633,54.466206564526225,4.057540762026406,False,False,0.9997407793998718,0.9999837875366211,1.0,1.0,0.057992763880788896,0.1504430625284521
Original,2,BG11,early_middle,9.314845085144043,6.00715970993042,0.025728867677373188,0.01659259127563443,0.35509827070961875,7.656284807276724,19.690557895838516,3.3063479998356575,False,False,0.9999101161956787,0.9999853372573853,1.0,1.0,0.021147698851253557,0.05438799614645989
Original,2,BG12,early_middle,1.0861239433288574,1.0706218481063843,0.0030000218966285486,0.0029572030034472584,0.014272869293565194,2.761148651412145,7.205090567845844,0.01999063282753788,False,False,0.999875545501709,0.9999734163284302,1.0,1.0,0.007626667715928196,0.01990143906088683
Original,2,BG13,early_middle,0.3694702684879303,0.5631922483444214,0.001020527079275898,0.0015556135074845253,-0.5243235549265419,2.295981366717552,6.28556387845324,-0.14658462374881903,False,False,0.9998760223388672,0.9999767541885376,1.0,1.0,0.006341812476109134,0.017361581414201178
Original,2,BG14,early_middle,11.671987533569336,6.301399230957031,0.03223961537074892,0.01740532080927114,0.4601262889088005,7.949389670655805,20.491318308669108,5.366874234234648,False,False,0.9998596906661987,0.9999769330024719,1.0,1.0,0.02195729430630865,0.05659980520121868
Original,2,BG15,early_middle,1.7912158966064453,1.338912010192871,0.0049475816682014034,0.0036982568821073863,0.2525122151636584,3.0150616799251306,7.510707841001563,0.4427562539660851,False,False,0.9997177720069885,0.9999538660049438,1.0,1.0,0.008328009998323295,0.020745595491731165
T01,0,BG1,early_middle,0.0922725722193718,0.06675583124160767,0.0002548693809915751,0.00018438867560424048,0.27653665221051016,0.6401817615750363,0.6733740026497153,-0.025707719085508673,False,False,0.9999411106109619,0.9999967813491821,1.0,1.0,0.0017682690031314754,0.0018599504826107103
T01,0,BG2,early_middle,0.0832848995923996,0.06980876624584198,0.00023004420809463467,0.00019282129686992743,0.16180774419412247,0.6430944993908317,0.6562879906890934,-0.011613164021477664,False,False,0.9999313354492188,0.9999970197677612,1.0,1.0,0.001776314380714942,0.0018127565962013736
T01,0,BG3,early_middle,0.10235004127025604,0.08679626882076263,0.0002827047196754728,0.0002397430869720772,0.15196653305452212,0.6321994909485581,0.5925508561493361,-0.02533841953163013,False,False,0.9999473094940186,0.9999964833259583,1.0,1.0,0.0017462208871578467,0.0016367059710198828
T01,0,BG4,early_middle,0.10034718364477158,0.09639573842287064,0.0002771725547976164,0.000266258126235533,0.03937783487886126,0.6533148137905799,0.686908707732731,-0.0033061444884441168,False,False,0.9999592304229736,0.9999975562095642,1.0,1.0,0.0018045442776599436,0.001897335176929306
T01,0,BG5,early_middle,0.23564176261425018,0.26020461320877075,0.0006508745635753397,0.0007187204941247831,-0.10423805729356128,0.49635934253627434,0.3399260065858328,0.022090314733259224,False,False,0.9999195337295532,0.9999967813491821,1.0,1.0,0.0013710119414558433,0.0009389218139004115
T01,0,BG6,early_middle,0.1276663988828659,0.13885639607906342,0.0003526319389833639,0.0003835402315571518,-0.08765020724021721,0.5928361352348428,0.49296436951155614,0.003737985148524607,False,False,0.9998421669006348,0.9999940395355225,1.0,1.0,0.0016374939506132128,0.001361634564706923
T01,0,BG7,early_middle,0.12621347606182098,0.16003543138504028,0.0003486187687517172,0.0004420396045409235,-0.26797409990444976,0.5673049610046703,0.744692651686663,0.05279308675450559,False,False,0.9999818801879883,0.9999985694885254,1.0,1.0,0.0015669733786217667,0.0020569422808884024
T01,0,BG8,early_middle,0.2524532377719879,0.3040231764316559,0.0006973101420354394,0.0008397533191121016,-0.20427516427217918,0.49878634198040084,0.5231580326924494,0.03427839905206566,False,False,0.9999840259552002,0.9999985694885254,1.0,1.0,0.0013777156436623973,0.001445033564644705
T01,0,BG9,early_middle,0.2467074692249298,0.2539917230606079,0.00068143954866531,0.0007015596474273884,-0.02952583301715328,0.4699672132066068,0.3578610130306449,-0.006293059028379022,False,False,0.9996188879013062,0.999988853931427,1.0,1.0,0.0012981132945067797,0.0009884607384228767
T01,0,BG10,early_middle,0.32834896445274353,0.34385648369789124,0.0009069444506254515,0.0009497783256942984,-0.04722874274540967,0.5341494902236227,0.2583127342443293,0.02782952586226421,False,False,0.9999713897705078,0.9999983310699463,1.0,1.0,0.001475393463689301,0.0007134948673867335
T01,0,BG11,early_middle,0.16778171062469482,0.16395756602287292,0.000463435880241409,0.0004528730732875567,0.02279243881624038,0.5610703694813773,0.4552614431449887,-0.010258000347823242,False,False,0.9999325275421143,0.9999960064888,1.0,1.0,0.0015497525897778268,0.0012574939596117006
T01,0,BG12,early_middle,0.12608034908771515,0.15555503964424133,0.00034825105396207233,0.0004296641538288487,-0.23377694011817018,0.6023343841255528,0.601349987389486,0.0319717495597933,False,False,0.9999781847000122,0.9999983906745911,1.0,1.0,0.0016637294045195356,0.001661010366990431
T01,0,BG13,early_middle,0.17652085423469543,0.18322260677814484,0.0004875745822273251,0.0005060857332793066,-0.03796572474593729,0.568751419785418,0.5171511828192339,0.00020566751163773184,False,False,0.9999696016311646,0.9999980926513672,1.0,1.0,0.001570968694295882,0.0014284418291801728
T01,0,BG14,early_middle,0.11310245096683502,0.12204853445291519,0.000312404336122922,0.0003371146341622512,-0.07909707189044646,0.6348198158511366,0.6598636880804106,-0.011422370699563075,False,False,0.9999792575836182,0.9999982714653015,1.0,1.0,0.0017534585805466171,0.0018226331582047778
T01,0,BG15,early_middle,0.11226721107959747,0.1001942977309227,0.0003100972900753315,0.00027675026313187244,0.10753738475556518,0.6158583737530341,0.6382320912811159,-0.01815916607803366,False,False,0.9999504089355469,0.9999967813491821,1.0,1.0,0.0017010845012941003,0.001762883748889643
T01,1,BG1,early_middle,0.04065796732902527,0.044070497155189514,0.00011230282971724558,0.00012172870073709748,-0.08393235596912207,0.21425187809395724,0.7907183416024238,-0.0007984304437568858,False,False,0.9999939203262329,0.9999992251396179,1.0,1.0,0.0005917927964148073,0.0021840714896705265
T01,1,BG2,early_middle,0.07067588716745377,0.06475246697664261,0.00019521640266594473,0.00017885511131930456,0.08381117790095616,0.239944417356923,0.7885226364493572,0.00029697182302782996,False,False,0.9999943971633911,0.999999463558197,1.0,1.0,0.0006627590805505289,0.00217800665372045
T01,1,BG3,early_middle,0.0666971206665039,0.07001569122076035,0.00018422650901914973,0.00019339285176430882,-0.049755671962108394,0.21963917497931512,0.7886932467626723,-6.86014973568433e-05,False,False,0.9999934434890747,0.9999992251396179,1.0,1.0,0.0006066732423519234,0.002178477902585627
T01,1,BG4,early_middle,0.08227916061878204,0.09059663861989975,0.0002272662204057731,0.0002502402246907741,-0.10108837921634395,0.21837798253132584,0.782870812806557,-0.00017328942821314834,False,False,0.9999915361404419,0.9999992251396179,1.0,1.0,0.0006031896574599137,0.002162395548939612
T01,1,BG5,early_middle,0.18610410392284393,0.17302122712135315,0.0005140448198847222,0.00047790813666690076,0.07029875119748696,0.24942814031117044,0.6092382302294937,-0.0049492641343832485,False,False,0.9999910593032837,0.9999991059303284,1.0,1.0,0.00068895441184679,0.0016827987654428362
T01,1,BG6,early_middle,0.2758258581161499,0.2434932440519333,0.0007618684949239378,0.0006725614220399726,0.1172211449384486,0.2621814349246433,0.6555856836889874,0.03462276872843646,False,False,0.9999903440475464,0.9999989867210388,1.0,1.0,0.0007241807442829484,0.0018108167288488357
T01,1,BG7,early_middle,0.07260431349277496,0.06351166218519211,0.00020054297818021533,0.00017542783990460374,0.12523581062617684,0.18227001501073006,0.655487446814609,0.008820369153747547,False,False,0.9999940395355225,0.9999992847442627,1.0,1.0,0.0005034545453947697,0.0018105453852549469
T01,1,BG8,early_middle,0.24100534617900848,0.23876354098320007,0.000665689510099173,0.0006594973395677067,0.009301931008302122,0.2630275529190781,0.6115421133001275,0.0011853929471419896,False,False,0.9999822378158569,0.9999991059303284,1.0,1.0,0.0007265178371405608,0.0016891624034987192
T01,1,BG9,early_middle,0.09404848515987396,0.12178313732147217,0.0002597746938158955,0.00033638157122728706,-0.2948972454524852,0.23258915123315496,0.7295320361649591,-0.0014809244198372845,False,False,0.9999563694000244,0.9999980926513672,1.0,1.0,0.0006424428362007316,0.0020150666010354383
T01,1,BG10,early_middle,0.366668164730072,0.3570144474506378,0.0010127872879916405,0.0009861224092731027,0.02632823884031099,0.3297724350453689,0.5901040774442488,0.02590489593767819,False,False,0.9999929666519165,0.999999463558197,1.0,1.0,0.0009108762698007056,0.0016299476358072652
T01,1,BG11,early_middle,0.19840656220912933,0.19938835501670837,0.0005480258811327575,0.0005507377262575987,-0.004948338135413177,0.26061614997336824,0.7744767756011895,0.016124478411928433,False,False,0.9999886751174927,0.9999991059303284,1.0,1.0,0.0007198572145816365,0.0021392100777308325
T01,1,BG12,early_middle,0.17141848802566528,0.15479739010334015,0.0004734811535300504,0.0004275714228595749,0.0969621605238693,0.25794076437677294,0.6574226506363727,0.012163176048118163,False,False,0.9999957084655762,0.9999995231628418,1.0,1.0,0.0007124674360752249,0.0018158906811352096
T01,1,BG13,early_middle,0.14439800381660461,0.1567252278327942,0.0003988469050332894,0.0004328963725920914,-0.08536969235495162,0.25647487895896737,0.6196670638705353,6.891463607626574e-05,False,False,0.9999958276748657,0.9999994039535522,1.0,1.0,0.0007084184613901749,0.0017116046208625504
T01,1,BG14,early_middle,0.09770061820745468,0.11850816011428833,0.0002698623814867542,0.00032733563922950944,-0.21297234509742902,0.2091498395532827,0.7308249379541066,0.0019358823825463875,False,False,0.9999897480010986,0.9999992251396179,1.0,1.0,0.0005777002727820491,0.0020186377714358854
T01,1,BG15,early_middle,0.06846700608730316,0.08327639102935791,0.0001891151730151277,0.00023002070628750604,-0.21629940646414525,0.21977103607220144,0.7560026389444682,0.0034470392249351125,False,False,0.999993085861206,0.9999992847442627,1.0,1.0,0.0006070374606056523,0.0020881820023146815
T01,2,BG1,early_middle,0.0449618399143219,0.03807233273983002,0.00012419071053922264,0.00010516095568720474,0.1532302871794724,0.259692140038189,0.6888599982386946,-0.0072434419742649124,False,False,0.9999908208847046,0.999999463558197,1.0,1.0,0.0007173049736009764,0.00190272490641693
T01,2,BG2,early_middle,0.028707558289170265,0.04090289771556854,7.929417631867334e-05,0.00011297936072210257,-0.42481234577429805,0.25943266819098637,0.6853772588412737,-0.005262553553371935,False,False,0.999988317489624,0.9999992847442627,1.0,1.0,0.0007165882771061171,0.0018931051070223133
T01,2,BG3,early_middle,0.03298129886388779,0.03723255172371864,9.10988284335751e-05,0.00010284136642468878,-0.12889854909565668,0.2429062351079821,0.6629691551713763,0.00717673282587159,False,False,0.999994158744812,0.9999995231628418,1.0,1.0,0.0006709400235833904,0.0018312108802312369
T01,2,BG4,early_middle,0.07409055531024933,0.10439684242010117,0.0002046481800068526,0.0002883582625379568,-0.4090436748990418,0.2717985141873479,0.7096056049049644,0.001123604036877951,False,False,0.9999858140945435,0.9999991655349731,1.0,1.0,0.0007507444238214912,0.001960027090610478
T01,2,BG5,early_middle,0.1251528114080429,0.10358911752700806,0.0003456890688718291,0.0002861272166424908,0.1722989832624665,0.2635088603060781,0.7873073461378857,0.06711213218034964,False,False,0.9999786615371704,0.999998927116394,1.0,1.0,0.0007278472735358066,0.0021746498567659506
T01,2,BG6,early_middle,0.0674576684832573,0.06274894624948502,0.00018632724542009873,0.00017332111486453527,0.0698027613704637,0.23952520330349727,0.7296711074166948,0.04422288943846522,False,False,0.9999853372573853,0.9999989867210388,1.0,1.0,0.0006616011543788647,0.0020154507347275104
T01,2,BG7,early_middle,0.09159891307353973,0.0956558883190155,0.00025300864290475405,0.00026421455972968326,-0.044290534313581986,0.2836411144104366,0.7073171381181413,0.02510029187774788,False,False,0.9999861717224121,0.9999989867210388,1.0,1.0,0.0007834552946208166,0.0019537060344249984
T01,2,BG8,early_middle,0.5630930066108704,0.47437405586242676,0.0015553393883330775,0.0013102855926534688,0.157556492677574,0.4992067583354656,0.5781614724296344,0.09930183379103144,False,False,0.9999799728393555,0.9999988079071045,1.0,1.0,0.001378876890754538,0.001596960538186694
T01,2,BG9,early_middle,0.056796394288539886,0.06121738627552986,0.00015687935761082598,0.00016909073813259158,-0.07783911749994399,0.22977818057663296,0.5679332550788858,0.036397918515664894,False,False,0.999984860420227,0.9999988675117493,1.0,1.0,0.0006346785533376726,0.0015687088122173021
T01,2,BG10,early_middle,0.46557918190956116,0.434060662984848,0.0012859929558888118,0.0011989345243863855,0.06769746043726887,0.40907629987890537,0.37186685483024173,0.0447828823692474,False,False,0.99998939037323,0.9999991059303284,1.0,1.0,0.001129924319012014,0.0010271467763631927
T01,2,BG11,early_middle,0.05463792011141777,0.05936190485954285,0.0001509173586746576,0.0001639656463684899,-0.086459621337996,0.2218536835879401,0.6957466098184595,0.044822491240203016,False,False,0.9999934434890747,0.9999992847442627,1.0,1.0,0.0006127900160009653,0.0019217466632429048
T01,2,BG12,early_middle,0.21518388390541077,0.20629294216632843,0.0005943671230920888,0.0005698091340497465,0.04131792383583577,0.3487608498090974,0.715593199050166,0.03411461202296604,False,False,0.9999904632568359,0.9999994039535522,1.0,1.0,0.000963324851220296,0.0019765656391380754
T01,2,BG13,early_middle,0.12258896976709366,0.11896471679210663,0.000338607389925721,0.00032859671080326456,0.02956434568484667,0.29299719468236746,0.7083971093042485,0.03746829450295239,False,False,0.9999902248382568,0.999999463558197,1.0,1.0,0.0008092980594864729,0.001956689061570242
T01,2,BG14,early_middle,0.12555399537086487,0.1624414026737213,0.00034679719348360526,0.0004486852241251676,-0.29379705724160243,0.30058645321063154,0.6532661579730263,0.0073609427412508945,False,False,0.9999932050704956,0.9999994039535522,1.0,1.0,0.0008302606226486345,0.0018044098836812862
T01,2,BG15,early_middle,0.08922502398490906,0.07302509248256683,0.00024645163871586537,0.00020170522691874133,0.18156273837992787,0.2854188345423713,0.7191065575493684,0.02850603923914278,False,False,0.9999910593032837,0.9999994039535522,1.0,1.0,0.0007883655991534061,0.001986270012651846
T02,0,BG1,early_middle,0.03734281659126282,0.04056768864393234,0.00010314593296987286,0.00011205346772339474,-0.08635827405266783,0.5853846737824868,0.9999362273826651,-0.010584756356018488,False,False,0.9998250603675842,0.9999885559082031,1.0,1.0,0.0016169120016963725,0.0027619597153764686
T02,0,BG2,early_middle,0.054142165929079056,0.041928526014089584,0.0001495480182678869,0.00011581228542859105,0.225584762810201,0.6114391753454784,1.0685949712778522,0.014247613312456091,False,False,0.9998569488525391,0.9999902844429016,1.0,1.0,0.001688878074882415,0.002951604494267239
T02,0,BG3,early_middle,0.1612122654914856,0.11544332653284073,0.0004452901802323262,0.00031887015247697095,0.2839048628220755,0.49375842423794747,0.7344211195603438,-0.04737019726581361,False,False,0.9998655319213867,0.9999896287918091,1.0,1.0,0.001363827851744675,0.002028570913623966
T02,0,BG4,early_middle,0.07164732366800308,0.05853099375963211,0.0001978996422637203,0.0001616705570196225,0.18306808134897257,0.5550953229207797,0.8953845175480024,-0.02093566460134188,False,False,0.9998762607574463,0.9999904036521912,1.0,1.0,0.0015332486993836706,0.0024731736879985847
T02,0,BG5,early_middle,0.09931343793869019,0.10593519359827042,0.0002743172087085827,0.0002926073974986201,-0.06667521667023468,0.6446734743198023,1.1044722139080922,-0.06219826631992561,False,False,0.999806821346283,0.999987781047821,1.0,1.0,0.001780675723994624,0.0030507023128380118
T02,0,BG6,early_middle,0.9490310549736023,0.7007689476013184,0.0026213527130017865,0.0019356190425541117,0.2615953539720952,0.4336459219816747,0.7949705799928949,0.12423961786903193,False,False,0.9997071623802185,0.9999844431877136,1.0,1.0,0.0011977889533872448,0.0021958167498311665
T02,0,BG7,early_middle,0.09036216139793396,0.06934786587953568,0.00024959256674668895,0.00019154822743841748,0.2325564469434469,0.6044781687233167,0.8904679253797273,-0.07618738749378351,False,False,0.9998034834861755,0.9999904036521912,1.0,1.0,0.0016696508288417313,0.002459593392441882
T02,0,BG8,early_middle,2.2242119312286377,1.4571443796157837,0.006143575544405455,0.004024830749977287,0.34487161380364306,1.2146455863231873,3.34717116669012,0.6253281331328584,False,False,0.9991359114646912,0.999962329864502,1.0,1.0,0.0033550161360446705,0.00924534152249481
T02,0,BG9,early_middle,0.32548242807388306,0.23056967556476593,0.0008990266876879118,0.0006368647700305788,0.2916064014721813,0.4424962244721044,0.24222248528340173,-0.1235334895176378,False,False,0.9993809461593628,0.999969482421875,1.0,1.0,0.0012222346913033973,0.0006690514136709065
T02,0,BG10,early_middle,3.2013087272644043,2.0050482749938965,0.008842449647345062,0.005538215749431928,0.373678567251449,1.6575643907389535,4.858242501739878,1.0744916197139385,False,False,0.9996851682662964,0.9999877214431763,1.0,1.0,0.004578418050565867,0.013419125850113144
T02,0,BG11,early_middle,0.836962878704071,0.537908673286438,0.0023118051841135253,0.0014857768380464819,0.35730881196020525,0.3728834144867387,0.5097173124116198,0.04259351938698971,False,False,0.9998418092727661,0.9999915361404419,1.0,1.0,0.0010299546522483086,0.0014079084691188996
T02,0,BG12,early_middle,0.05774833634495735,0.06532091647386551,0.00015950875090531603,0.00018042524606246235,-0.13113051036429213,0.600828376939533,0.834424769704318,-0.023148072848137618,False,False,0.9998419284820557,0.9999914765357971,1.0,1.0,0.0016595696080595735,0.002304794582218541
T02,0,BG13,early_middle,0.05495395511388779,0.06561890989542007,0.0001517902902892625,0.00018124834437937727,-0.19407052356331378,0.6240812051947334,0.9694004351138614,-0.010318098975436679,False,False,0.9998822212219238,0.999992847442627,1.0,1.0,0.0017237970789229266,0.002677615708414848
T02,0,BG14,early_middle,0.750180184841156,0.4733508229255676,0.0020720995930193714,0.001307459284261334,0.3690171692338593,0.4329244063300555,0.5736696747917631,0.002896179298645163,False,False,0.9998010993003845,0.9999890923500061,1.0,1.0,0.001195796029129463,0.0015845535828372542
T02,0,BG15,early_middle,0.1753745973110199,0.11303292214870453,0.00048440846486907116,0.00031221228808078153,0.3554772616069489,0.5117940519977462,0.6556738820258189,-0.07767510165437427,False,False,0.9998595714569092,0.9999905228614807,1.0,1.0,0.0014136447060099486,0.001811060344638144
T02,1,BG1,early_middle,0.07718808203935623,0.05764353275299072,0.0002132039696750482,0.00015921926914526794,0.25320692311451665,0.9859688383303394,1.1462415184698782,0.008057642579362801,False,False,0.9998161196708679,0.99998939037323,1.0,1.0,0.00272337988914846,0.0031660748069828755
T02,1,BG2,early_middle,0.05375010520219803,0.047656867653131485,0.00014846509327329902,0.00013163474331109022,0.11336250212943488,0.9792921101675722,1.1263565663550408,0.008904606546575777,False,False,0.9998658895492554,0.9999909996986389,1.0,1.0,0.0027049378588358355,0.0031111498675923622
T02,1,BG3,early_middle,0.1549988090991974,0.10121047496795654,0.00042812776949172505,0.00027955708272247415,0.3470242189188354,0.866921764849252,0.9473761849741172,-0.053841645014466935,False,False,0.9998648166656494,0.999991238117218,1.0,1.0,0.00239455569798092,0.0026167817372259347
T02,1,BG4,early_middle,0.07476802170276642,0.0509486198425293,0.0002065194342262855,0.0001407270100888592,0.3185774898412338,0.9092814406018219,1.0432259965432205,-0.026792619751960466,False,False,0.9998828172683716,0.9999914765357971,1.0,1.0,0.002511558877564926,0.0028815319393195506
T02,1,BG5,early_middle,0.11067277193069458,0.14288300275802612,0.00030569323251916533,0.0003946622662753767,-0.2910401298803731,1.0624519140905722,1.199348839255174,-0.11001732591957851,False,False,0.9998495578765869,0.9999896883964539,1.0,1.0,0.002934636535695589,0.0033127644423654222
T02,1,BG6,early_middle,0.515608549118042,0.37824326753616333,0.0014241808653090802,0.0010447592945819475,0.26641390867685477,0.6382954767986546,0.47201066962715077,-0.11178901848122838,False,False,0.9998148083686829,0.99998939037323,1.0,1.0,0.0017630588283008956,0.0013037575987725058
T02,1,BG7,early_middle,0.16574323177337646,0.0805254578590393,0.0004578053246981568,0.00022242225511827444,0.5141554068965108,0.943492131260981,1.0504489777859418,-0.13002528033919675,False,False,0.9998503923416138,0.9999915361404419,1.0,1.0,0.0026060534531671398,0.002901482794855142
T02,1,BG8,early_middle,1.6765817403793335,1.0685813426971436,0.004630946554045978,0.002951566850275688,0.36264286399671675,0.8567502888459867,2.0635974995747883,0.3163618104998164,False,False,0.9996194839477539,0.9999822974205017,1.0,1.0,0.0023664606993223846,0.005699936662456782
T02,1,BG9,early_middle,0.2146076261997223,0.1245313286781311,0.0005927754210162946,0.00034397244913467683,0.4197255471271425,0.8897154229124224,0.8214412224240581,-0.11139022821349984,False,False,0.9994428753852844,0.999973475933075,1.0,1.0,0.002457514878389183,0.002268932260633666
T02,1,BG10,early_middle,2.422804355621338,1.7921022176742554,0.006692114802141217,0.004950029807409829,0.2603190570796815,1.2551315278034096,4.205005747955372,0.46218788846923975,False,False,0.999860405921936,0.9999920725822449,1.0,1.0,0.003466843806995401,0.011614797184795522
T02,1,BG11,early_middle,0.5103693008422852,0.3336295187473297,0.0014097093497461599,0.0009215300590243797,0.3462978442086848,0.6600545595737779,0.3301706442843336,-0.1619216318280133,False,False,0.9997894167900085,0.9999895691871643,1.0,1.0,0.0018231603712020247,0.00091197617782103
T02,1,BG12,early_middle,0.07842749357223511,0.06762655079364777,0.0002166273927202805,0.0001867937213064251,0.1377189415271799,0.9858961026970079,1.1075922723547702,-0.0737367804829286,False,False,0.9997392296791077,0.9999869465827942,1.0,1.0,0.0027231789834470436,0.0030593203381713884
T02,1,BG13,early_middle,0.08391957730054855,0.08094862103462219,0.00023179727415440055,0.00022359108930188027,0.03540253666031712,0.9825924848029596,1.0924043475709122,-0.061780592554198266,False,False,0.9997208714485168,0.9999864101409912,1.0,1.0,0.0027140539419809075,0.0030173692264260084
T02,1,BG14,early_middle,0.44352856278419495,0.2449754774570465,0.0012250861499790142,0.0006766555520870695,0.44766697685507906,0.7338075279239801,0.39448451657219213,-0.17640593685518105,False,False,0.9998183846473694,0.9999891519546509,1.0,1.0,0.002026876090159309,0.0010896198310206798
T02,1,BG15,early_middle,0.14789925515651703,0.07735172659158707,0.0004085178369281744,0.00021365597816171486,0.4769972216580777,0.8879036395324462,0.9080857525026086,-0.07011497011095473,False,False,0.9998960494995117,0.9999925494194031,1.0,1.0,0.0024525104865375335,0.0025082562245839195
T02,2,BG1,early_middle,0.061054788529872894,0.06055636331439018,0.00016864162106790533,0.00016726490290469364,0.008163735324404287,1.3572137047474553,2.3762112137402287,-0.027607463303785894,False,False,0.9998980760574341,0.9999939799308777,1.0,1.0,0.0037488086490087592,0.006563418213934501
T02,2,BG2,early_middle,0.05058787390589714,0.0536050982773304,0.00013973058079949166,0.00014806456444559234,-0.059643023951067686,1.3481308505297336,2.373422421023795,-0.02187836654071409,False,False,0.9998630285263062,0.999993085861206,1.0,1.0,0.0037237205716264157,0.00655571518955515
T02,2,BG3,early_middle,0.11897806823253632,0.06090613454580307,0.0003286335892957116,0.0001682310185671781,0.4880894409240224,1.3000200628839167,2.358064968090686,-0.03474322633271022,False,False,0.9999196529388428,0.9999935626983643,1.0,1.0,0.003590832039624138,0.006513295818028765
T02,2,BG4,early_middle,0.06269831210374832,0.04678953066468239,0.00017318125647465245,0.00012923904070911258,0.25373552122720755,1.3571058946608496,2.3756402264289216,-0.042302481053510185,False,False,0.9999017715454102,0.9999940395355225,1.0,1.0,0.0037485108629020437,0.0065618410694040456
T02,2,BG5,early_middle,0.07350144535303116,0.08083086460828781,0.00020302097826617493,0.00022326583005348444,-0.09971787932705745,1.3884574333032904,2.375611465932368,-0.08465271120924775,False,False,0.9997535347938538,0.9999891519546509,1.0,1.0,0.003835108072178223,0.006561761629005048
T02,2,BG6,early_middle,0.2443017214536667,0.1846841424703598,0.000674794546466542,0.0005101226934313041,0.24403260930065784,1.4195468959371822,2.841600817606497,-0.0957436177862812,False,False,0.9995238780975342,0.9999839663505554,1.0,1.0,0.003920981391912093,0.007848887529510904
T02,2,BG7,early_middle,0.12015000730752945,0.11514337360858917,0.00033187064424518477,0.00031804164174738107,0.04166993739273073,1.343433453765718,2.3984152070177207,-0.08336449062295852,False,False,0.9997062087059021,0.9999890327453613,1.0,1.0,0.0037107457235570442,0.006624748660090498
T02,2,BG8,early_middle,1.2164758443832397,0.7261804938316345,0.0033600715574727347,0.0020058091857568148,0.403045698593161,1.4862143044949445,3.7412459047876974,0.15212825689729614,False,False,0.9994710087776184,0.9999775886535645,1.0,1.0,0.004105125832050092,0.010333829489694458
T02,2,BG9,early_middle,0.23684652149677277,0.09402839839458466,0.0006542022712922399,0.00025971921144109797,0.6029986261552415,1.365290184546581,2.6331592873930036,-0.104599686160554,False,False,0.9996868371963501,0.9999803304672241,1.0,1.0,0.003771116983516876,0.007273143703359101
T02,2,BG10,early_middle,1.7511603832244873,0.9333966374397278,0.004836942898137766,0.0025781683276185656,0.4669839261719343,1.455052850746962,3.9628602421722037,0.2565396343157745,False,False,0.9997918009757996,0.9999902844429016,1.0,1.0,0.004019053663078103,0.010945958398963004
T02,2,BG11,early_middle,0.47664228081703186,0.19431589543819427,0.001316550738148226,0.000536726903737044,0.5923234274803657,1.3292419488451226,2.7301797541479,-0.2304723738830611,False,False,0.9998406171798706,0.9999911785125732,1.0,1.0,0.003671546858851594,0.007541127414125785
T02,2,BG12,early_middle,0.10172649472951889,0.07418180257081985,0.00028098239941242337,0.0002049002173377671,0.2707721279910067,1.380686275971637,2.460566679986218,-0.014560783567740765,False,False,0.9998723268508911,0.9999927282333374,1.0,1.0,0.003813643079807599,0.006796419472577829
T02,2,BG13,early_middle,0.07262974977493286,0.0675797164440155,0.00020061323664741072,0.00018666435846963826,0.06953132361399195,1.378361261442417,2.426446523015598,-0.028841113587476524,False,False,0.9998225569725037,0.999991238117218,1.0,1.0,0.0038072210737920965,0.00670217496332363
T02,2,BG14,early_middle,0.45895498991012573,0.18509621918201447,0.0012676960375970834,0.0005112609052952889,0.596700723996338,1.3224034223749934,2.6621518502633315,-0.16173714332318878,False,False,0.9999037981033325,0.9999925494194031,1.0,1.0,0.0036526579196314688,0.007353225101052797
T02,2,BG15,early_middle,0.15081799030303955,0.060866039246320724,0.0004165797799539306,0.0001681202699024997,0.5964272227186264,1.3483974051480816,2.4379599793301194,-0.08774693206404467,False,False,0.9998985528945923,0.999992311000824,1.0,1.0,0.0037244568316974723,0.006733976693928682
T03,0,BG1,early_middle,0.11162809282541275,0.04764002189040184,0.0003083319586241045,0.00013158821302569808,0.5732255526647154,0.7145774489426167,1.7448219576069481,0.09451337134638325,False,False,0.9999263286590576,0.999993085861206,1.0,1.0,0.001973759999337141,0.0048194353054182015
T03,0,BG2,early_middle,0.07260255515575409,0.051312994211912155,0.00020053812141446894,0.0001417334616024576,0.29323441807007056,0.7282621925819232,1.7303614723073464,0.040951078256069307,False,False,0.9999281167984009,0.9999923706054688,1.0,1.0,0.002011559120533052,0.004779493480361183
T03,0,BG3,early_middle,0.141752690076828,0.08275595307350159,0.00039154018908109416,0.00022858318594464329,0.4161948729819679,0.7406029956021281,1.8036704231558938,0.09366159678427169,False,False,0.9998584985733032,0.9999893307685852,1.0,1.0,0.002045646095145842,0.0049819827626528985
T03,0,BG4,early_middle,0.07572707533836365,0.07249635457992554,0.00020916847066867773,0.0002002447809951944,0.042662816665959835,0.7238159557254831,1.762679279783838,0.014541632652786258,False,False,0.9999114274978638,0.9999924302101135,1.0,1.0,0.0019992780102519956,0.004868759655438169
T03,0,BG5,early_middle,0.4526486396789551,0.25508958101272583,0.0012502770414525596,0.0007045920802505219,0.4364512493439442,0.8633008504949473,1.8944137176820202,0.2704460011368895,False,False,0.9997748732566833,0.9999880790710449,1.0,1.0,0.002384554240582387,0.00523262807088193
T03,0,BG6,early_middle,0.9121346473693848,0.4539078176021576,0.0025194398223050475,0.0012537550619534069,0.5023675353908412,1.0851385885060243,2.453513447468139,0.5240517629915452,False,False,0.9998325109481812,0.9999881982803345,1.0,1.0,0.0029973002127336263,0.006776937486082442
T03,0,BG7,early_middle,0.2720842957496643,0.18406502902507782,0.0007515337913240381,0.0005084126179802001,0.3235000140198093,0.7328980822620093,1.9132329898868337,0.19085547678100775,False,False,0.9998728036880493,0.9999932646751404,1.0,1.0,0.002024364077680011,0.0052846094575734115
T03,0,BG8,early_middle,1.6755679845809937,0.7221248149871826,0.004628146422798035,0.0019946068497676476,0.5690268510005987,1.3555992323319381,3.3206452553886256,1.0221642080046707,False,False,0.9987632036209106,0.9999511241912842,1.0,1.0,0.003744349256848404,0.009172073351563406
T03,0,BG9,early_middle,0.5877248048782349,0.4518480896949768,0.0016233757617224232,0.0012480658136308806,0.23119106381684618,1.1018506413966132,2.475619543390135,0.1695631421291362,False,False,0.9995554089546204,0.9999698400497437,1.0,1.0,0.003043461173383953,0.006837997526441831
T03,0,BG10,early_middle,1.5161058902740479,0.634182333946228,0.004187690453162684,0.001751697768914412,0.5817031423519988,1.2665584910854144,3.1336377865376086,0.9487673725774805,False,False,0.9994114637374878,0.999971866607666,1.0,1.0,0.003498406632093351,0.008655533315012289
T03,0,BG11,early_middle,0.6884467601776123,0.32068607211112976,0.0019015834867480408,0.0008857785008666328,0.5341890092266741,0.9587835609974314,2.3186071445474155,0.4288159731397842,False,False,0.9998570680618286,0.9999902248382568,1.0,1.0,0.0026482904596541778,0.006404307948504121
T03,0,BG12,early_middle,0.27589765191078186,0.21866385638713837,0.0007620667991389042,0.0006039792798896362,0.20744577945046672,0.8523134842645603,1.9491913234375338,0.09500759894450092,False,False,0.9997552037239075,0.999988853931427,1.0,1.0,0.002354205642266423,0.0053839312602838325
T03,0,BG13,early_middle,0.13833926618099213,0.17306093871593475,0.0003821118485193373,0.0004780178254865116,-0.2509891875501471,0.7731993802456257,1.8478508347422746,-0.007304241375567883,False,False,0.9998458623886108,0.9999915957450867,1.0,1.0,0.00213568173820671,0.005104015061982362
T03,0,BG14,early_middle,0.8896175622940063,0.3800351619720459,0.0024572445740653815,0.0010497087504678186,0.5728106393041779,1.0556216515317864,2.4235901033393676,0.5382265039168905,False,False,0.9998020529747009,0.9999852180480957,1.0,1.0,0.0029157704225213623,0.006694285144093251
T03,0,BG15,early_middle,0.22832567989826202,0.1425132155418396,0.0006306665491214455,0.0003936408637434955,0.37583363656826774,0.7829628873002038,1.9114464185767903,0.13183237563942382,False,False,0.9998428821563721,0.9999882578849792,1.0,1.0,0.0021626498712006745,0.0052796747048843296
T03,1,BG1,early_middle,0.06201699376106262,0.053106922656297684,0.00017129936264551244,0.00014668853569616244,0.1436715830241243,0.6115736413269685,0.8830250137160044,-0.016175476099698945,False,False,0.9998974800109863,0.9999926686286926,1.0,1.0,0.0016892494881923779,0.002439035059202855
T03,1,BG2,early_middle,0.0702344998717308,0.05705459043383598,0.00019399723098650995,0.00015759253044369745,0.18765588970386904,0.6084436992878909,0.916246247675291,-0.013139775707625756,False,False,0.9998964071273804,0.9999927282333374,1.0,1.0,0.0016806041630339694,0.0025307966209684655
T03,1,BG3,early_middle,0.09364785254001617,0.06318013370037079,0.00025866809208829406,0.0001745121131867379,0.3253435584461565,0.5947960803469089,0.912556462334294,-0.038896009964639884,False,False,0.9999061822891235,0.9999920129776001,1.0,1.0,0.0016429075852987414,0.0025206049325475995
T03,1,BG4,early_middle,0.04074510931968689,0.059936899691820145,0.00011254352773491326,0.0001655538602163434,-0.4710203502302748,0.6251886795908093,0.9027467944330714,-0.02692645377995607,False,False,0.9999045133590698,0.9999921321868896,1.0,1.0,0.0017268560736708005,0.0024935092970236055
T03,1,BG5,early_middle,0.11832763999700546,0.18015260994434357,0.00032683701813938714,0.0004976059849222671,-0.5224895444885682,0.7435195917195547,0.8698091128351406,-0.07207157467657015,False,False,0.9998831748962402,0.9999937415122986,1.0,1.0,0.0020537021298826182,0.00240253094540462
T03,1,BG6,early_middle,0.3101302981376648,0.17434152960777283,0.0008566220190021424,0.0004815549915159821,0.4378442705110144,0.6972495895099204,0.9662873913461013,-0.043022699264431793,False,False,0.9994744658470154,0.9999808669090271,1.0,1.0,0.0019258980973515679,0.0026690170585776853
T03,1,BG7,early_middle,0.14728647470474243,0.09576621651649475,0.00040682525406556355,0.0002645193012007523,0.3497963054215577,0.6052661771257499,0.9015098879918139,-0.11430902760489255,False,False,0.9998446702957153,0.999991238117218,1.0,1.0,0.0016718274151112334,0.002490092793381783
T03,1,BG8,early_middle,0.7361791729927063,0.2553081214427948,0.00203342689606034,0.0007051957186101516,0.6531983960685774,0.8151381510545479,1.3572077525563209,0.1478685395105363,False,False,0.9991154074668884,0.9999709129333496,1.0,1.0,0.0022515223211505278,0.0037487922082481574
T03,1,BG9,early_middle,0.18854303658008575,0.19699645042419434,0.000520781483247195,0.0005441309607993255,-0.04483540495097449,0.7362739065159681,1.0289541628908683,-0.04021976052933722,False,False,0.9995699524879456,0.9999757409095764,1.0,1.0,0.0020336885629224657,0.0028421111957432042
T03,1,BG10,early_middle,0.8755890727043152,0.22958192229270935,0.0024184959798518057,0.0006341364612930382,0.7377971849721672,0.7739128901174979,1.3084124288218275,0.23474190587550553,False,False,0.9996069073677063,0.9999852776527405,1.0,1.0,0.0021376525494131333,0.003614012894565137
T03,1,BG11,early_middle,0.2539897561073303,0.11383488029241562,0.0007015542144351976,0.00031442740543096077,0.5518131220912594,0.6628168545361944,0.8930745381221437,-0.05156065494917968,False,False,0.9997137188911438,0.9999881982803345,1.0,1.0,0.0018307902051846894,0.0024667932109812955
T03,1,BG12,early_middle,0.11592370271682739,0.1637726128101349,0.00032019701676297673,0.0004523622073854891,-0.4127619705399739,0.7138406268817953,1.0079459925588816,-0.054713704497373936,False,False,0.9998282194137573,0.9999912977218628,1.0,1.0,0.0019717247966975528,0.002784083775031994
T03,1,BG13,early_middle,0.11311995983123779,0.146439790725708,0.00031245269798522697,0.0004044865978815899,-0.2945529506786435,0.6965236702359866,0.9281886983725035,-0.03855551790416293,False,False,0.9998829364776611,0.9999924302101135,1.0,1.0,0.0019238930096906592,0.002563783292343407
T03,1,BG14,early_middle,0.33230042457580566,0.1578466296195984,0.0009178589203465666,0.00043599383668538815,0.5249881938279867,0.6859116369051392,1.0093359895872984,-0.001705248551740085,False,False,0.9998353719711304,0.9999890923500061,1.0,1.0,0.0018945811318374565,0.0027879231356750514
T03,1,BG15,early_middle,0.07142720371484756,0.08512759953737259,0.00019729164104672527,0.00023513399569925376,-0.19180904742021498,0.6401014823204335,0.8843463192256502,-0.03472487604866605,False,False,0.9998654127120972,0.9999904036521912,1.0,1.0,0.001768047260923201,0.0024426846845383614
T03,2,BG1,early_middle,0.03716724365949631,0.03986993804574013,0.0001026609766782912,0.00011012618577199362,-0.07271681709399802,0.7492252211383191,0.8193458345409549,0.010982592213897984,False,False,0.9999200105667114,0.9999955892562866,1.0,1.0,0.002069461853526938,0.0022631445146127347
T03,2,BG2,early_middle,0.030999675393104553,0.03877558186650276,8.562531517596086e-05,0.00010710342532132119,-0.25083791576568215,0.7275498509580606,0.7997916671960907,0.02149377476826703,False,False,0.9999033212661743,0.9999948740005493,1.0,1.0,0.002009591536186354,0.002209133247698633
T03,2,BG3,early_middle,0.033381495624780655,0.028005385771393776,9.220422625949791e-05,7.735468042460074e-05,0.16105084994716157,0.7297365834360942,0.7795671197214141,0.028074359712429574,False,False,0.9999165534973145,0.9999942183494568,1.0,1.0,0.0020156315883889256,0.002153270299785457
T03,2,BG4,early_middle,0.04974397271871567,0.038963355123996735,0.00013739961106469712,0.00010762208057014728,0.2167222446919762,0.7290180858952511,0.8001602330443004,0.0442614184019111,False,False,0.9999244213104248,0.9999951124191284,1.0,1.0,0.00201364700056316,0.0022101512766462225
T03,2,BG5,early_middle,0.1568092554807663,0.1406133472919464,0.00043312846837212355,0.0003883931695135717,0.10328419139751932,0.7899650104456624,0.9498537243705798,0.08229170025286961,False,False,0.9998296499252319,0.9999899864196777,1.0,1.0,0.0021819906866649597,0.0026236250376474013
T03,2,BG6,early_middle,0.15313303470611572,0.183104008436203,0.0004229742471264428,0.0005057581485456169,-0.19571846029448348,0.6763539972725641,0.6549969162572262,-0.02033040014239259,False,False,0.999091625213623,0.9999740123748779,1.0,1.0,0.0018681816326330378,0.0018091904732100072
T03,2,BG7,early_middle,0.15959742665290833,0.13975292444229126,0.0004408297759616957,0.0003860165647023256,0.12434104598919593,0.7960439462222486,0.7890652677998024,0.07376665129371236,False,False,0.9998113512992859,0.9999901652336121,1.0,1.0,0.0021987815331884816,0.0021795054752344503
T03,2,BG8,early_middle,0.8681052923202515,0.3001285791397095,0.002397824761654609,0.0008289959122561404,0.6542716899234081,0.6263307418236008,0.6163045609471729,0.3155266794281403,False,False,0.9986091256141663,0.9999441504478455,1.0,1.0,0.0017300106047229253,0.0017023169309450929
T03,2,BG9,early_middle,0.2042158544063568,0.20738151669502258,0.0005640719354552328,0.0005728159247961003,-0.015501500325981743,0.5777837871281518,0.7051465945131772,0.044927514782181543,False,False,0.9997828602790833,0.999988317489624,1.0,1.0,0.0015959173200701593,0.0019477106980893292
T03,2,BG10,early_middle,0.6861244440078735,0.24446547031402588,0.001895168933968035,0.0006752468430664309,0.6437009803600142,0.648785726164342,0.6463250367388701,0.15487879489950424,False,False,0.999586284160614,0.9999847412109375,1.0,1.0,0.0017920343222962685,0.0017852375637839822
T03,2,BG11,early_middle,0.15324446558952332,0.13023808598518372,0.0004232820343658612,0.0003597352881596877,0.1501286719526772,0.6851564464597497,0.7917174695727329,-0.008125535500632794,False,False,0.9997767806053162,0.9999904036521912,1.0,1.0,0.0018924951932240885,0.002186831216870053
T03,2,BG12,early_middle,0.0746382623910904,0.10276813805103302,0.0002061610213778159,0.000283859559788284,-0.376882593323536,0.6888926102004784,0.6729479721283739,0.08869257277333889,False,False,0.9997795224189758,0.9999883770942688,1.0,1.0,0.001902814985086169,0.0018587737284285505
T03,2,BG13,early_middle,0.061087749898433685,0.08758118748664856,0.00016873266484613393,0.00024191113896945154,-0.433694534424959,0.7022605430795428,0.7172787811630069,0.07085037080558088,False,False,0.9998993873596191,0.9999940395355225,1.0,1.0,0.0019397390319191104,0.001981221445943687
T03,2,BG14,early_middle,0.17734912037849426,0.10203077644109726,0.0004898623658480571,0.00028182286684073633,0.4246897279769818,0.6834698931432269,0.7708871056098179,0.0237928369056859,False,False,0.9998617172241211,0.9999925494194031,1.0,1.0,0.001887836703821956,0.0021292949215077047
T03,2,BG15,early_middle,0.060067951679229736,0.043577250093221664,0.00016591584361081723,0.00012036628533741855,0.27453422964592156,0.7165178185276664,0.7775843013695283,0.06086384800505137,False,False,0.9999208450317383,0.9999942183494568,1.0,1.0,0.001979119563757441,0.002147793486103896
T04,0,BG1,early_middle,0.2660529315471649,0.1445745825767517,0.0007348743439514087,0.0003993346395595141,0.4565946847420138,1.124169742217013,2.275473466076296,0.028233291392106185,False,False,0.9955403208732605,0.9997965097427368,1.0,1.0,0.003105109562212433,0.0062851668682523685
T04,0,BG2,early_middle,0.2941129803657532,0.17024336755275726,0.0008123800111391014,0.00047023531112729884,0.4211633857414936,1.1220429811264547,2.313479692432094,0.024344673353306923,False,False,0.9951379895210266,0.9997943639755249,1.0,1.0,0.0030992351591300213,0.006390145229125397
T04,0,BG3,early_middle,0.129903644323349,0.0996507853269577,0.000358811514851115,0.00027524900802834647,0.23288697422697224,1.1138972740793576,2.2781147427124804,0.01872684138602544,False,False,0.9952410459518433,0.9997988939285278,1.0,1.0,0.0030767356095575157,0.006292462433175944
T04,0,BG4,early_middle,0.0881999284029007,0.0781487375497818,0.00024362018544476192,0.00021585743071335346,0.11395927293287467,1.0817213886980688,2.289421955980836,0.035885494187916624,False,False,0.995280921459198,0.999785304069519,1.0,1.0,0.0029878614425895844,0.006323694492466479
T04,0,BG5,early_middle,0.7489795684814453,0.5220348834991455,0.002068783327513297,0.0014419312739772465,0.3030051839897021,1.1860259533700488,2.3780960173365933,0.16335515072740453,False,False,0.9964674711227417,0.9998798370361328,1.0,1.0,0.003275964821450006,0.006568624297544634
T04,0,BG6,early_middle,0.4199063181877136,0.6062387824058533,0.0011598383009906578,0.0016745138830369323,-0.4437476687296844,1.1566494867243085,2.4068687192256313,0.048752072110114106,False,False,0.9978531002998352,0.9998944997787476,1.0,1.0,0.0031948230293699143,0.006648098409336813
T04,0,BG7,early_middle,0.1257866621017456,0.36979740858078003,0.00034743985060533287,0.0010214306846589138,-1.9398775116783473,1.072046966038751,2.230937387580869,0.10555948530718995,False,False,0.9969229102134705,0.9998749494552612,1.0,1.0,0.0029611393727986923,0.006162152168597787
T04,0,BG8,early_middle,0.7492254972457886,0.4980476498603821,0.0020694626161732814,0.001375675275665232,0.335250008116723,1.0693168924281173,2.9028251885292606,0.31489154455477014,False,False,0.9968143105506897,0.9998342394828796,1.0,1.0,0.002953598538567374,0.008017997560188119
T04,0,BG9,early_middle,0.17922285199165344,0.23690786957740784,0.0004950378671362933,0.0006543717230259501,-0.32186188159656126,1.014063415229017,2.2196303094124867,0.18056055741025057,False,False,0.9942649006843567,0.9997631311416626,1.0,1.0,0.002800980927584483,0.006130920482471734
T04,0,BG10,early_middle,0.2780517637729645,0.16248783469200134,0.000768016748768528,0.00044881347566809725,0.4156202188996776,0.9994278694580727,2.2176679378996718,0.17421224895600912,False,False,0.9950891137123108,0.9997842907905579,1.0,1.0,0.0027605555617211982,0.006125500145737676
T04,0,BG11,early_middle,0.1315905898809433,0.23649676144123077,0.00036347108767637845,0.0006532361864990293,-0.7972162271104579,0.981784936514471,2.0658512502589153,0.1031144374431224,False,False,0.9953972697257996,0.9998245239257812,1.0,1.0,0.002711823383891353,0.005706161828049947
T04,0,BG12,early_middle,0.114918053150177,0.19405420124530792,0.0003174192760283056,0.0005360040688214695,-0.6886309769397556,1.01521519525777,2.115390873500699,0.06102732340654846,False,False,0.9950159192085266,0.9997984766960144,1.0,1.0,0.0028041623005093516,0.005842996998095618
T04,0,BG13,early_middle,0.17303702235221863,0.24314935505390167,0.00047795176524055463,0.0006716115539052711,-0.4051868074052998,1.0304368644652429,2.1060843628964037,0.04106705517838506,False,False,0.994223415851593,0.9997865557670593,1.0,1.0,0.0028462066189374083,0.005817291151386705
T04,0,BG14,early_middle,0.3030932545661926,0.17359718680381775,0.0008371847485767785,0.00047949901556206003,0.42724828592848585,1.055596542137884,2.42189396238597,0.18211207803508206,False,False,0.9947320222854614,0.999734103679657,1.0,1.0,0.0029157010669639406,0.0066896001723354545
T04,0,BG15,early_middle,0.25915101170539856,0.28250232338905334,0.000715810303625944,0.0007803097990990415,-0.09010692502767914,1.0502745167315788,2.1284068300914756,0.051237293752636484,False,False,0.9947314262390137,0.9997808337211609,1.0,1.0,0.0029010009097200132,0.005878948838599399
T04,1,BG1,early_middle,0.03305840119719505,0.04047439619898796,9.131179555360197e-05,0.0001117957813153727,-0.22432974644656056,1.2728965441975435,2.649355454085387,-0.036714969572168445,False,False,0.9986380934715271,0.9999276399612427,1.0,1.0,0.0035159131959023628,0.0073178797162396165
T04,1,BG2,early_middle,0.041849639266729355,0.03818684071302414,0.00011559438951451226,0.00010547724226667931,0.08752304064390726,1.263940312183164,2.62754769356375,-0.01641046880549308,False,False,0.998630940914154,0.999934196472168,1.0,1.0,0.0034911748662490513,0.007257643718789062
T04,1,BG3,early_middle,0.06199200823903084,0.04287738725543022,0.00017123034923902745,0.00011843316909326703,0.3083401948602126,1.2689880881034918,2.629874588355038,0.0022296952204146152,False,False,0.998441755771637,0.9999207258224487,1.0,1.0,0.0035051175091520745,0.007264070918343858
T04,1,BG4,early_middle,0.05902206152677536,0.033471278846263885,0.00016302695291090815,9.24522197155431e-05,0.43290233669484746,1.259909428038401,2.616127133901657,0.019536898641493824,False,False,0.9979574680328369,0.9999071359634399,1.0,1.0,0.0034800410165891317,0.00722609858135933
T04,1,BG5,early_middle,0.14346173405647278,0.1540154367685318,0.0003962608007504413,0.00042541156150951857,-0.07356450865329389,1.1056482550681515,2.67774902489901,0.02781561225857846,False,False,0.9989984631538391,0.9999427795410156,1.0,1.0,0.0030539506983037635,0.0073963066164912305
T04,1,BG6,early_middle,0.2917892336845398,0.38128596544265747,0.0008059615070920478,0.0010531636395928231,-0.30671700103816946,0.9127037323567231,2.101366508839281,0.08685322720835623,False,False,0.9985124468803406,0.9999294281005859,1.0,1.0,0.0025210117123582445,0.005804259797494362
T04,1,BG7,early_middle,0.1338939368724823,0.28754618763923645,0.0003698332450089677,0.0007942416374376699,-1.147566744843882,1.0311907629358614,2.6925278247416813,0.1611349153868805,False,False,0.9987431168556213,0.9999395608901978,1.0,1.0,0.002848288988940926,0.007437127669563698
T04,1,BG8,early_middle,0.4974413812160492,0.2871757447719574,0.0013740006792994956,0.0007932184239083917,0.42269431164558846,1.2555968021748725,3.607888538432689,0.43283127222483414,False,False,0.998702883720398,0.9999418258666992,1.0,1.0,0.0034681289580234228,0.009965478325355374
T04,1,BG9,early_middle,0.2804747223854065,0.21787747740745544,0.0007747092896489659,0.0006018071943071505,0.22318322383470457,1.1143468412626014,2.9965552339255477,0.24047005916280373,False,False,0.9986063838005066,0.9999278783798218,1.0,1.0,0.0030779773751976355,0.008276892680112483
T04,1,BG10,early_middle,0.16415752470493317,0.20141944289207458,0.0004534253863345955,0.0005563478669211035,-0.22698871699138423,1.1360992520204927,2.8330647976184467,0.20946292115519416,False,False,0.9985326528549194,0.9999260902404785,1.0,1.0,0.003138060489080683,0.007825309882566005
T04,1,BG11,early_middle,0.14309577643871307,0.23261599242687225,0.00039524997608971955,0.000642516975224531,-0.6255963799919437,1.0755737389228073,2.6868735138578743,0.10955728912749223,False,False,0.9987597465515137,0.9999410510063171,1.0,1.0,0.002970880798665962,0.007421509694685273
T04,1,BG12,early_middle,0.20015236735343933,0.16239269077777863,0.0005528480321334293,0.0004485506752503804,0.18865469935929224,1.1625309798752885,2.954772091801289,0.21177420455310852,False,False,0.9983707070350647,0.9999247789382935,1.0,1.0,0.003211068512536165,0.008161481964740043
T04,1,BG13,early_middle,0.15004852414131165,0.18180717527866364,0.00041445440987247984,0.0005021761191715402,-0.2116557907019776,1.1187207088428266,2.8853991227935496,0.11858712488888619,False,False,0.9984404444694519,0.999925434589386,1.0,1.0,0.0030900585917054057,0.007969864399050916
T04,1,BG14,early_middle,0.25746259093284607,0.11902640759944916,0.0007111466560565374,0.0003287671091947051,0.5376943790352884,1.240672543429658,2.9805541996259763,0.19806999919966664,False,False,0.9983022212982178,0.9999158978462219,1.0,1.0,0.003426906127699502,0.008232695649412385
T04,1,BG15,early_middle,0.07383411377668381,0.11867648363113403,0.00020393985364996957,0.0003278005716521452,-0.6073392296234044,1.1526438273353656,2.524945668925677,0.028536213651140684,False,False,0.9986121654510498,0.9999225735664368,1.0,1.0,0.003183758853912707,0.006974242986816208
T04,2,BG1,early_middle,0.184153750538826,0.07102258503437042,0.0005086576788552331,0.00019617402927813097,0.6143299771529976,0.9396143705543665,1.5730995280129327,0.008469266433467616,False,False,0.9848839044570923,0.9995445013046265,1.0,1.0,0.002595342551247351,0.004345114623981648
T04,2,BG2,early_middle,0.2223045527935028,0.09052316099405289,0.0006140353780036276,0.00025003726950522016,0.5927966576280342,0.9492209723986293,1.5920832867523802,0.017819278500937657,False,False,0.9848650693893433,0.9995549321174622,1.0,1.0,0.002621877290732654,0.0043975503448295886
T04,2,BG3,early_middle,0.13848181068897247,0.07100280374288559,0.00038250557581704747,0.00019611939066348428,0.48727707803353815,0.9666376229055365,1.6134946623243789,0.006653070452395949,False,False,0.9878706336021423,0.9996340870857239,1.0,1.0,0.0026699844457287094,0.004456691473194793
T04,2,BG4,early_middle,0.07654634118080139,0.05943722277879715,0.00021143139423423335,0.00016417368469446482,0.2235133110602845,0.9749328917997137,1.575168738542504,-0.009703630398777316,False,False,0.9875187277793884,0.9996126294136047,1.0,1.0,0.0026928971054429223,0.004350830064595564
T04,2,BG5,early_middle,0.4928587079048157,0.3065461218357086,0.0013613427129934963,0.0008467220370955747,0.3780243491707679,1.0432118307773455,1.8201177722467068,0.04688836466824857,False,False,0.9899365901947021,0.9996969103813171,1.0,1.0,0.002881492811549586,0.005027412575444525
T04,2,BG6,early_middle,0.42714962363243103,0.46863633394241333,0.0011798452947334903,0.0012944372251604839,-0.09712451338699335,1.0937176176455965,2.092589944950351,-0.07196533447346712,False,False,0.9864487051963806,0.9996236562728882,1.0,1.0,0.003020996656798425,0.005780017735613974
T04,2,BG7,early_middle,0.08708176016807556,0.26821234822273254,0.00024053165286135473,0.0007408389461963352,-2.080005697002471,1.0802490623238736,1.8270741770644665,-0.11203256103569507,False,False,0.9864963889122009,0.9995965957641602,1.0,1.0,0.002983794677107892,0.005046627110676231
T04,2,BG8,early_middle,0.14074046909809113,0.30869734287261963,0.00038874429721342174,0.0008526640018730393,-1.193379934833592,1.0837905948641717,1.857193019688271,-0.06837372743124778,False,False,0.988304615020752,0.9996411204338074,1.0,1.0,0.0029935768711510076,0.005129819446069913
T04,2,BG9,early_middle,0.3658498227596283,0.377371609210968,0.0010105269162860534,0.0010423516558607628,-0.03149318496179232,1.1247001831749446,1.863068916390693,-0.025446035471969303,False,False,0.9888730645179749,0.9996501207351685,1.0,1.0,0.0031065747122060758,0.0051460494710848905
T04,2,BG10,early_middle,0.17289504408836365,0.2932557463645935,0.0004775596019860509,0.0008100122143606496,-0.6961488453840652,1.0228311369121066,1.7432063794642576,-0.09762712197994802,False,False,0.983233630657196,0.9995094537734985,1.0,1.0,0.002825198566091002,0.004814972859089166
T04,2,BG11,early_middle,0.2615026831626892,0.2946293354034424,0.000722305939698495,0.000813806253907265,-0.12667801558794678,1.0271162043269526,1.7263151127455005,-0.058177064285629077,False,False,0.987910270690918,0.9996434450149536,1.0,1.0,0.0028370345044772486,0.00476831688549673
T04,2,BG12,early_middle,0.13791748881340027,0.21215729415416718,0.00038094684212568414,0.0005860072709945339,-0.5382913406892038,1.0463800502992888,1.7454659433992732,-0.039920897261222166,False,False,0.9874973297119141,0.9996232986450195,1.0,1.0,0.002890243864316202,0.004821214081671096
T04,2,BG13,early_middle,0.1764679104089737,0.1946200579404831,0.0004874283441875212,0.000537567041893103,-0.10286366773882105,1.0298503866763742,1.689376918000452,-0.008403330806671999,False,False,0.9897733330726624,0.9996838569641113,1.0,1.0,0.002844586687603329,0.004666288573039647
T04,2,BG14,early_middle,0.14398318529129028,0.1693325787782669,0.00039770111990746295,0.00046771958878874135,-0.1760579311751811,1.0012248739048908,1.6683535352301604,-0.06422552575052112,False,False,0.9849993586540222,0.9995281100273132,1.0,1.0,0.00276551913215154,0.0046082191335070155
T04,2,BG15,early_middle,0.22955353558063507,0.22221103310585022,0.0006340580533375565,0.0006137770639203714,0.03198605561161172,1.047219254992655,1.8066734313808985,-0.006285771144837427,False,False,0.9888273477554321,0.9996331930160522,1.0,1.0,0.0028925618616969942,0.004990277479371101
T05,0,BG1,early_middle,0.0537986159324646,0.0460672490298748,0.00014859908650115763,0.00012724400070169482,0.14370956076638985,0.7864197963365904,1.9625022334045261,-0.020097365208828624,False,False,0.9996738433837891,0.9999779462814331,1.0,1.0,0.002172198323628698,0.005420697802086269
T05,0,BG2,early_middle,0.11182012408971786,0.049943696707487106,0.0003088623750662528,0.00013795127585698584,0.5533568519295886,0.7675336970521399,1.9179486834051669,-0.03270979991172952,False,False,0.9996775388717651,0.9999771118164062,1.0,1.0,0.0021200323514638645,0.005297634843764078
T05,0,BG3,early_middle,0.11615358293056488,0.057042766362428665,0.00032083197714576734,0.00015755987075200467,0.5089022653261522,0.801769450231023,2.0167521899934204,0.037170974374279034,False,False,0.9996246099472046,0.999975323677063,1.0,1.0,0.0022145961531506502,0.005570543552801437
T05,0,BG4,early_middle,0.11133556067943573,0.051499735563993454,0.00030752394509232556,0.00014224926658833507,0.5374368205083828,0.7882735810523792,1.8811576674481651,0.026019924106822023,False,False,0.999544084072113,0.9999706149101257,1.0,1.0,0.002177318728876332,0.005196013059115882
T05,0,BG5,early_middle,0.11118993908166885,0.09400950372219086,0.00030712171845455924,0.00025966702178884036,0.15451437383840316,0.7465374922619361,1.8477982411467042,0.08590426740480608,False,False,0.9997536540031433,0.9999843835830688,1.0,1.0,0.002062037981204745,0.00510386979132582
T05,0,BG6,early_middle,0.10951253026723862,0.19701477885246277,0.00030248848740961506,0.0005441815864083766,-0.7990156960261932,0.6866300203556991,1.611132401861486,0.16269266018800307,False,False,0.9996792078018188,0.9999758005142212,1.0,1.0,0.001896565404530359,0.004450166588850103
T05,0,BG7,early_middle,0.32435697317123413,0.09147671610116959,0.0008959180283379793,0.00025267111826489706,0.7179751913869623,0.7730737319753616,1.9562761262172892,0.227886540431009,False,False,0.9994879961013794,0.9999691247940063,1.0,1.0,0.0021353346806131626,0.005403500448131232
T05,0,BG8,early_middle,0.5112369060516357,0.20173922181129456,0.001412105793210709,0.0005572311397424352,0.6053899562469809,0.8380763037314505,2.2719885289393806,0.29792534527301623,False,False,0.9997734427452087,0.9999784231185913,1.0,1.0,0.0023148806153135363,0.0062755409984026735
T05,0,BG9,early_middle,0.2321518361568451,0.1546781212091446,0.0006412349125445839,0.00042724198596945655,0.33372004672906264,0.6517127719798179,1.6699187417980466,0.12387187663905816,False,False,0.9997149109840393,0.9999725222587585,1.0,1.0,0.0018001192205187946,0.004612542446702758
T05,0,BG10,early_middle,0.41817569732666016,0.10465683788061142,0.0011550580910433383,0.000289076405323912,0.7497299913721239,0.8204427752421921,2.1210653137866844,0.2466957093100842,False,False,0.9997348189353943,0.9999807476997375,1.0,1.0,0.0022661744138643145,0.0058586705731177215
T05,0,BG11,early_middle,0.19457247853279114,0.07878682762384415,0.0005374356211047287,0.00021761992219138983,0.595077247467253,0.7109387117506991,1.7328721552513806,0.1399626743975559,False,False,0.9997343420982361,0.9999836087226868,1.0,1.0,0.001963709312839639,0.004786428327764059
T05,0,BG12,early_middle,0.2655084729194641,0.10707731544971466,0.0007333704752493667,0.0002957620932255637,0.5967084958178376,0.6999302818401961,1.8406272645826183,0.19141882960539794,False,False,0.9997225403785706,0.9999763369560242,1.0,1.0,0.0019333025337773986,0.005084062579778183
T05,0,BG13,early_middle,0.14499881863594055,0.10816778242588043,0.00040050643719340584,0.00029877411116894967,0.25400926722335526,0.6901476424187358,1.740445402046331,0.10576958241638024,False,False,0.9997153878211975,0.9999778866767883,1.0,1.0,0.0019062815545867057,0.004807346664343389
T05,0,BG14,early_middle,0.45726507902145386,0.19849102199077606,0.001263028274124502,0.0005482591705247104,0.5659169554895469,0.8716951259924152,2.281147755164504,0.18609355816670864,False,False,0.9996148347854614,0.9999696612358093,1.0,1.0,0.0024077403699863226,0.006300840025645668
T05,0,BG15,early_middle,0.16040408611297607,0.07353593409061432,0.00044305787898639177,0.0002031162408451578,0.5415582527342608,0.7245925901116275,1.8233940874497678,0.059724636236036036,False,False,0.9996169805526733,0.9999727010726929,1.0,1.0,0.0020014231799431884,0.005036462203168701
T05,1,BG1,early_middle,0.061909765005111694,0.03898599371314049,0.0001710031822530472,0.00010768461142913182,0.3702772508877389,2.4566972036611583,3.2956521281859383,0.018127805133413232,False,False,0.9996671676635742,0.9999582171440125,1.0,1.0,0.006785731453245444,0.009103038938563101
T05,1,BG2,early_middle,0.15867622196674347,0.08602921664714813,0.00043828528345994574,0.00023762438465376977,0.4578317396320656,2.5462847549603413,3.3512716775676386,0.06853484247794289,False,False,0.9996095299720764,0.9999583959579468,1.0,1.0,0.007033184441657749,0.009256667690650368
T05,1,BG3,early_middle,0.1754714399576187,0.10855177789926529,0.00048467595741640744,0.00029983475883760345,0.3813707134380915,2.389711158245137,3.2447029610392963,-0.06901833318297101,False,False,0.9996577501296997,0.999962329864502,1.0,1.0,0.0066007068948136524,0.008962310416745924
T05,1,BG4,early_middle,0.1504479944705963,0.08886796236038208,0.0004155578011956049,0.0002454653859970978,0.40931112597275754,2.3932713516342528,3.254408432068401,-0.05795298833076044,False,False,0.9996613264083862,0.9999555349349976,1.0,1.0,0.00661054063265654,0.008989118246352523
T05,1,BG5,early_middle,0.1336168497800827,0.05272061750292778,0.0003690678928135966,0.00014562150837758758,0.6054343921141421,2.490240238202123,3.3565110983183235,-0.11768982211097792,False,False,0.9997550845146179,0.9999755024909973,1.0,1.0,0.006878381871938767,0.009271139682612473
T05,1,BG6,early_middle,0.15733344852924347,0.29556065797805786,0.0004345763607909871,0.0008163786933915724,-0.8785620092570596,2.6861453272997493,3.6059527507363938,-0.20073928594401322,False,False,0.9996463060379028,0.9999645948410034,1.0,1.0,0.007419498344477386,0.009960131416734328
T05,1,BG7,early_middle,0.2620825171470642,0.12187027931213379,0.0007239075199419091,0.00033662226924495474,0.5349927343925989,2.4757120767896725,3.368199499320031,-0.24617110122146713,False,False,0.9995705485343933,0.9999634027481079,1.0,1.0,0.006838253116263312,0.009303424634212219
T05,1,BG8,early_middle,2.017444133758545,0.6610962748527527,0.005572454795490966,0.0018260377303341681,0.6723099983223748,2.040229287552338,2.1775453532226696,-0.4496249249309159,False,False,0.9994992017745972,0.9999620318412781,1.0,1.0,0.005635390485951784,0.006014676115644553
T05,1,BG9,early_middle,0.9366976022720337,0.24947762489318848,0.0025872860409677134,0.0006890910949854976,0.7336625805119105,2.31234066965641,2.855475164808539,-0.49946237770138585,False,False,0.9996552467346191,0.9999664425849915,1.0,1.0,0.006386999093466758,0.007887210361507392
T05,1,BG10,early_middle,1.4414724111557007,0.6050031185150146,0.003981542643834058,0.0016711008114881848,0.5802881070524031,2.0309114738693306,2.3134972697819953,-0.4797068155477814,False,False,0.9996682405471802,0.9999740719795227,1.0,1.0,0.005609653418603786,0.006390193780153954
T05,1,BG11,early_middle,0.5325934290885925,0.14935246109962463,0.0014710954114216422,0.0004125317891814243,0.719575101497296,2.3336017503005566,3.035321822513141,-0.30726085008541515,False,False,0.9996659755706787,0.9999746084213257,1.0,1.0,0.006445725086821562,0.008383971264775594
T05,1,BG12,early_middle,0.7732623219490051,0.18498195707798004,0.002135855591742956,0.0005109452978398381,0.7607772298804034,2.3257108495194885,2.9359403295951316,-0.4177820768610617,False,False,0.9997413754463196,0.9999740719795227,1.0,1.0,0.0064239293467748294,0.00810946607896791
T05,1,BG13,early_middle,0.5821459889411926,0.17317301034927368,0.0016079663141440085,0.00047832738256429525,0.7025264956484443,2.3319290552340926,3.0662041004568654,-0.28041020917644577,False,False,0.9995893836021423,0.9999653100967407,1.0,1.0,0.006441104875788929,0.008469272312246279
T05,1,BG14,early_middle,1.9780147075653076,0.932213306427002,0.0054635453633052914,0.0025748998065893204,0.5287126540825532,1.7964665551258712,1.9957646271917369,-0.386434794947447,False,False,0.9996145963668823,0.9999650120735168,1.0,1.0,0.004962084700407579,0.005512573052888746
T05,1,BG15,early_middle,0.2521299719810486,0.09055060893297195,0.0006964172380006784,0.0002501130844417017,0.6408574330530107,2.4018383296052117,3.135812608037879,-0.1564600913564415,False,False,0.9996200799942017,0.9999586343765259,1.0,1.0,0.006634203789756309,0.008661540467476006
T05,2,BG1,early_middle,0.09138093888759613,0.06315571814775467,0.0002524065685883309,0.00017444467411321729,0.30887434507339306,0.9412989511825458,1.0252871996190853,-0.045034529193037263,False,False,0.9998127818107605,0.9999746084213257,1.0,1.0,0.002599995591816262,0.0028319825449782056
T05,2,BG2,early_middle,0.09594254940748215,0.05130118131637573,0.00026500635660295314,0.00014170083278003864,0.46529275815446947,0.9570250856022,1.0869918958046974,-0.06868173706467946,False,False,0.9998438358306885,0.9999772906303406,1.0,1.0,0.00264343331169903,0.0030024192992903222
T05,2,BG3,early_middle,0.20720644295215607,0.09258151054382324,0.0005723323473320822,0.00025572271061730963,0.5531919531231959,0.9804710299934655,1.03202074267992,0.0854111325295869,False,False,0.9998413324356079,0.9999793767929077,1.0,1.0,0.0027081941955677275,0.0028505815057583922
T05,2,BG4,early_middle,0.2558152377605438,0.11146292835474014,0.0007065964427786308,0.00030787575191619943,0.5642834845439895,1.0237978815466773,0.9918604997066536,0.10078791898450282,False,False,0.9998003840446472,0.999974250793457,1.0,1.0,0.002827868846117489,0.0027396534583345794
T05,2,BG5,early_middle,0.18627920746803284,0.14648190140724182,0.0005145284796668038,0.00040460291330531235,0.21364335002975077,0.9046070964629488,1.1292390080103125,0.18572906473657916,False,False,0.9998965263366699,0.9999850988388062,1.0,1.0,0.00249864770397822,0.0031191115630643047
T05,2,BG6,early_middle,0.13081254065036774,0.444286584854126,0.00036132200999264036,0.0012271799099240817,-2.3963605376184676,0.7853601352335644,1.3740870321695127,0.140509785768954,False,False,0.9997562766075134,0.9999706149101257,1.0,1.0,0.0021692713956923335,0.0037954150718264063
T05,2,BG7,early_middle,0.6440534591674805,0.12378118932247162,0.0017789631579061664,0.0003419004623174045,0.8078091412464958,0.9590880387033082,0.9574669487899112,0.49676533323415406,False,False,0.9998573064804077,0.9999826550483704,1.0,1.0,0.0026491314684453714,0.002644653797856793
T05,2,BG8,early_middle,2.099372386932373,1.0293647050857544,0.005798751761858083,0.0028432451690633886,0.5096797944995972,1.7991879759216658,2.184939076075001,1.0866127623075892,False,False,0.9998486042022705,0.9999791979789734,1.0,1.0,0.004969601634388705,0.006035098582703527
T05,2,BG9,early_middle,0.7913795113563538,0.25728169083595276,0.002185897730360055,0.0007106469854111055,0.6748946821431582,1.050567232589636,0.8502303572495192,0.533448070212111,False,False,0.9998723268508911,0.999976634979248,1.0,1.0,0.0029018094306895175,0.00234845176242889
T05,2,BG10,early_middle,1.3352118730545044,0.5701410174369812,0.0036880366006157485,0.0015748069518058086,0.5729958483198223,1.3526141377670027,1.3885313967584565,0.7616190801687159,False,False,0.9999052286148071,0.999984085559845,1.0,1.0,0.003736104020093135,0.0038353123692903635
T05,2,BG11,early_middle,0.4684630334377289,0.11787556111812592,0.001293958545621244,0.0003255883148546725,0.7483780998963803,0.9287920572211916,0.9435931991278348,0.3273448276655282,False,False,0.9998692274093628,0.999981701374054,1.0,1.0,0.002565449851458236,0.0026063326163468757
T05,2,BG12,early_middle,0.9600540995597839,0.30344194173812866,0.0026517998597838594,0.0008381478699197032,0.6839324588931069,1.1323172431710682,1.023964366391542,0.6321339252725549,False,False,0.9998852014541626,0.9999836087226868,1.0,1.0,0.003127614066799684,0.0028283286998783044
T05,2,BG13,early_middle,0.6426599025726318,0.12604288756847382,0.0017751139652570074,0.00034814758015625554,0.8038731137532579,0.9930980599364168,0.9401995515544007,0.4645497842833509,False,False,0.9998522996902466,0.9999836087226868,1.0,1.0,0.002743071767829081,0.0025969589006744833
T05,2,BG14,early_middle,1.5224193334579468,0.7172662019729614,0.00420512904100632,0.0019811867005117218,0.528864235038029,1.4987682780227134,1.6324674042727405,0.80098990655902,False,False,0.9998586177825928,0.9999772310256958,1.0,1.0,0.004139801612566974,0.004509096764168968
T05,2,BG15,early_middle,0.4467148184776306,0.08944782614707947,0.0012338870211017587,0.00024706704855857525,0.7997652631055236,0.9559103263648282,0.9559923610583377,0.2910741262176644,False,False,0.9998427629470825,0.9999761581420898,1.0,1.0,0.002640354195229749,0.002640580786198785
