stage,x,y,grouping,n,rho,pearson,rho_ci_low,rho_ci_high,pearson_ci_low,pearson_ci_high
early,original_D_norm,Recovery_pct,pooled,269,0.2922956469202932,0.18497691472020672,0.10020983632412359,0.430706267005053,0.013832761976129235,0.39219967533482997
early,original_D_norm,Recovery_pct,task_demeaned,269,0.18414618358024004,0.11773493341932065,-0.02212558895637631,0.44017091351705795,-0.02305881048982704,0.38508058861567473
early,original_D_norm,Recovery_pct,Original,44,-0.11698379140239604,-0.05703809402689727,,,,
early,original_D_norm,Recovery_pct,T01,45,0.05467720685111989,0.10927795128830987,,,,
early,original_D_norm,Recovery_pct,T02,45,0.22569169960474303,0.17447156089330748,,,,
early,original_D_norm,Recovery_pct,T03,45,0.4379446640316205,0.35756849478228303,,,,
early,original_D_norm,Recovery_pct,T04,45,-0.02779973649538867,-0.15108957743796408,,,,
early,original_D_norm,Recovery_pct,T05,45,0.6114624505928854,0.5032755715631296,,,,
early,original_D_norm,DeltaD_px,pooled,269,0.6106758647900522,0.6479809373088878,0.2399081771705033,0.7953004216936622,0.5478143320787926,0.7676940718656402
early,original_D_norm,DeltaD_px,task_demeaned,269,0.5685549945440086,0.514277797536157,0.3432531647407956,0.7455215652512767,0.47188871304875596,0.7924937202370315
early,original_D_norm,DeltaD_px,Original,44,0.6686398872445384,0.5356402694484919,,,,
early,original_D_norm,DeltaD_px,T01,45,0.04716732542819499,0.038272521389013894,,,,
early,original_D_norm,DeltaD_px,T02,45,0.6857707509881422,0.7574249826805699,,,,
early,original_D_norm,DeltaD_px,T03,45,0.6548089591567852,0.7669640402769479,,,,
early,original_D_norm,DeltaD_px,T04,45,0.11633728590250329,0.17745852519746078,,,,
early,original_D_norm,DeltaD_px,T05,45,0.9098814229249012,0.8960786757092369,,,,
early,original_D_dir,Recovery_pct,pooled,269,0.2920139081543953,0.08099980788128845,0.10011321895785788,0.43107452881237096,-0.08076956676118467,0.36960289112220757
early,original_D_dir,Recovery_pct,task_demeaned,269,0.1557010486600455,0.006272694290339387,-0.04443166391573578,0.42557874446222427,-0.0817986776895411,0.31905324459318135
early,original_D_dir,Recovery_pct,Original,44,-0.11698379140239604,-0.13816779123073247,,,,
early,original_D_dir,Recovery_pct,T01,45,0.0533596837944664,0.092791123128663,,,,
early,original_D_dir,Recovery_pct,T02,45,0.22345191040843213,0.09460667352832736,,,,
early,original_D_dir,Recovery_pct,T03,45,0.4379446640316205,0.330047407483224,,,,
early,original_D_dir,Recovery_pct,T04,45,-0.02779973649538867,-0.1672176533238459,,,,
early,original_D_dir,Recovery_pct,T05,45,0.6114624505928854,0.38860025205240595,,,,
early,original_D_dir,DeltaD_px,pooled,269,0.6108170424211038,0.656291225232557,0.23933504662782792,0.7951432327581801,0.6007042158323985,0.8328560560352717
early,original_D_dir,DeltaD_px,task_demeaned,269,0.6032982546992423,0.526474409634205,0.36140682610962244,0.7940260286626243,0.5047149347103888,0.8460888505959298
early,original_D_dir,DeltaD_px,Original,44,0.6686398872445384,0.5072033839236427,,,,
early,original_D_dir,DeltaD_px,T01,45,0.04571805006587615,0.04210144673512375,,,,
early,original_D_dir,DeltaD_px,T02,45,0.6828722002635046,0.8085217995024288,,,,
early,original_D_dir,DeltaD_px,T03,45,0.6548089591567852,0.8129709050740693,,,,
early,original_D_dir,DeltaD_px,T04,45,0.11633728590250329,0.1884774549780005,,,,
early,original_D_dir,DeltaD_px,T05,45,0.9098814229249012,0.9245410109849405,,,,
early,mean_active_D_dir,Recovery_pct,pooled,269,0.28499818133619387,0.0769051589712549,0.09178115073241744,0.4192207116018763,-0.08666762264625089,0.3546942771073046
early,mean_active_D_dir,Recovery_pct,task_demeaned,269,0.1576054054387295,0.005744917411713769,-0.04372966999739713,0.43159416837437914,-0.07806101518292087,0.31436550271553154
early,mean_active_D_dir,Recovery_pct,Original,44,-0.10937279774489077,-0.13285784081341986,,,,
early,mean_active_D_dir,Recovery_pct,T01,45,0.0533596837944664,0.09256834468977136,,,,
early,mean_active_D_dir,Recovery_pct,T02,45,0.22015810276679837,0.09421713543187757,,,,
early,mean_active_D_dir,Recovery_pct,T03,45,0.44347826086956516,0.328500737433231,,,,
early,mean_active_D_dir,Recovery_pct,T04,45,-0.030830039525691695,-0.16750522640054885,,,,
early,mean_active_D_dir,Recovery_pct,T05,45,0.6094861660079051,0.38506388911486533,,,,
early,mean_active_D_dir,DeltaD_px,pooled,269,0.6054337975549761,0.6603914310622857,0.23799733555268993,0.7936568183136374,0.6068616750582523,0.8158592161874139
early,mean_active_D_dir,DeltaD_px,task_demeaned,269,0.6014906878248164,0.5327161093681257,0.3613764114117815,0.7895097209837592,0.5124702389231439,0.8338814202086797
early,mean_active_D_dir,DeltaD_px,Original,44,0.6696264975334743,0.5154387486145962,,,,
early,mean_active_D_dir,DeltaD_px,T01,45,0.04571805006587615,0.041544124363499,,,,
early,mean_active_D_dir,DeltaD_px,T02,45,0.6794466403162054,0.8076131344370739,,,,
early,mean_active_D_dir,DeltaD_px,T03,45,0.6579710144927536,0.8133198406870153,,,,
early,mean_active_D_dir,DeltaD_px,T04,45,0.11660079051383397,0.18486018946278016,,,,
early,mean_active_D_dir,DeltaD_px,T05,45,0.9076416337285901,0.9251501824785393,,,,
middle,original_D_norm,Recovery_pct,pooled,269,-0.06104545426522899,-0.006558867154058175,-0.2745379137501344,0.21290681365019273,-0.14630434397860426,0.24934066345416686
middle,original_D_norm,Recovery_pct,task_demeaned,269,0.09310079096463161,0.046666294719997926,-0.16253522111173704,0.2791987857703781,-0.14161483481044898,0.23927647727173773
middle,original_D_norm,Recovery_pct,Original,44,0.027625088090204367,0.11349379444069661,,,,
middle,original_D_norm,Recovery_pct,T01,45,-0.01831357048748353,0.07811355981409036,,,,
middle,original_D_norm,Recovery_pct,T02,45,0.08735177865612648,0.061929599107240246,,,,
middle,original_D_norm,Recovery_pct,T03,45,0.4447957839262187,0.41941815328847926,,,,
middle,original_D_norm,Recovery_pct,T04,45,-0.47549407114624503,-0.5924706852142004,,,,
middle,original_D_norm,Recovery_pct,T05,45,0.19986824769433462,-0.0752926579649393,,,,
middle,original_D_norm,DeltaD_px,pooled,269,0.27554606151399136,0.5307212755488315,-0.014868957359697323,0.4863536684013896,0.20256366202886666,0.619769870981474
middle,original_D_norm,DeltaD_px,task_demeaned,269,0.4675568871873594,0.46811387668556437,0.10470929160168961,0.609264738379199,0.2764104303157091,0.6093432302271549
middle,original_D_norm,DeltaD_px,Original,44,0.5202255109231854,0.4857309137096279,,,,
middle,original_D_norm,DeltaD_px,T01,45,0.005533596837944664,0.030853168623353515,,,,
middle,original_D_norm,DeltaD_px,T02,45,0.41818181818181815,0.613067988313365,,,,
middle,original_D_norm,DeltaD_px,T03,45,0.538866930171278,0.7412904326719753,,,,
middle,original_D_norm,DeltaD_px,T04,45,-0.37101449275362314,-0.3109050484640333,,,,
middle,original_D_norm,DeltaD_px,T05,45,0.5586297760210802,0.5092502455794854,,,,
middle,original_D_dir,Recovery_pct,pooled,269,-0.05185596182655495,0.006395011345097857,-0.26211212264320033,0.2130711605369156,-0.10113486632772425,0.2968008407714544
middle,original_D_dir,Recovery_pct,task_demeaned,269,0.13304234712435345,0.07568494779219195,-0.10690020838727972,0.29268267419430405,-0.04454391306832631,0.2718477006102873
middle,original_D_dir,Recovery_pct,Original,44,0.03551797040169133,0.15612387269235115,,,,
middle,original_D_dir,Recovery_pct,T01,45,-0.02490118577075099,0.08851205326200046,,,,
middle,original_D_dir,Recovery_pct,T02,45,0.10974967061923584,0.07265559242510969,,,,
middle,original_D_dir,Recovery_pct,T03,45,0.45085638998682476,0.4557122082161759,,,,
middle,original_D_dir,Recovery_pct,T04,45,-0.44848484848484843,-0.6155469355081524,,,,
middle,original_D_dir,Recovery_pct,T05,45,0.2097496706192358,-0.024868005419705356,,,,
middle,original_D_dir,DeltaD_px,pooled,269,0.2904751336255525,0.5657610686810987,0.0045899220481490635,0.4945020347536864,0.24975426035699663,0.7230981032178283
middle,original_D_dir,DeltaD_px,task_demeaned,269,0.5199424192544094,0.49209580419848564,0.14682470002926545,0.6816332626916842,0.350930408980501,0.705908285891774
middle,original_D_dir,DeltaD_px,Original,44,0.5234672304439746,0.48738189992650593,,,,
middle,original_D_dir,DeltaD_px,T01,45,-0.004216073781291172,0.03841833207227541,,,,
middle,original_D_dir,DeltaD_px,T02,45,0.43899868247694335,0.7056063186966445,,,,
middle,original_D_dir,DeltaD_px,T03,45,0.5432147562582345,0.8169671168103839,,,,
middle,original_D_dir,DeltaD_px,T04,45,-0.3411067193675889,-0.2898659894376654,,,,
middle,original_D_dir,DeltaD_px,T05,45,0.6242424242424242,0.6290138145636074,,,,
middle,mean_active_D_dir,Recovery_pct,pooled,269,-0.05611841659114588,0.006789247355985649,-0.23144134750413414,0.18985044810077412,-0.10231696230953609,0.2738206558409133
middle,mean_active_D_dir,Recovery_pct,task_demeaned,269,0.13604160116394484,0.07494697563099614,-0.07960579045364306,0.2871267935249322,-0.05646397877030804,0.24625874574495166
middle,mean_active_D_dir,Recovery_pct,Original,44,0.02029598308668076,0.14860843013627895,,,,
middle,mean_active_D_dir,Recovery_pct,T01,45,-0.041106719367588924,0.07060934376984543,,,,
middle,mean_active_D_dir,Recovery_pct,T02,45,0.11054018445322793,0.059833892149958816,,,,
middle,mean_active_D_dir,Recovery_pct,T03,45,0.43148880105401843,0.4430688274016539,,,,
middle,mean_active_D_dir,Recovery_pct,T04,45,-0.3882740447957839,-0.5283821742126998,,,,
middle,mean_active_D_dir,Recovery_pct,T05,45,0.22437417654808955,0.0002610199237459386,,,,
middle,mean_active_D_dir,DeltaD_px,pooled,269,0.2742014832898703,0.608672508305552,-0.009076192827941944,0.4594375483271276,0.25388367306203924,0.6726454988691405
middle,mean_active_D_dir,DeltaD_px,task_demeaned,269,0.5029487013507431,0.5515253339351511,0.15331668815906202,0.659319735525442,0.32415388054833105,0.6587466325885218
middle,mean_active_D_dir,DeltaD_px,Original,44,0.5083861874559549,0.558341665338793,,,,
middle,mean_active_D_dir,DeltaD_px,T01,45,-0.02661396574440052,0.03149353777238102,,,,
middle,mean_active_D_dir,DeltaD_px,T02,45,0.4353096179183136,0.6654169063495364,,,,
middle,mean_active_D_dir,DeltaD_px,T03,45,0.5242424242424242,0.779521696698452,,,,
middle,mean_active_D_dir,DeltaD_px,T04,45,-0.26772068511198943,-0.19423018729015856,,,,
middle,mean_active_D_dir,DeltaD_px,T05,45,0.6241106719367588,0.6096945226491159,,,,
late,original_D_norm,Recovery_pct,pooled,269,-0.16298680081624098,-0.1271381163940811,-0.40127792410496543,0.03753209722414883,-0.2904404202299538,0.036948519890680126
late,original_D_norm,Recovery_pct,task_demeaned,269,-0.13912346569506864,-0.14191215788226452,-0.3215425747584773,-0.0257018920980789,-0.283410837968263,-0.054300868474649
late,original_D_norm,Recovery_pct,Original,44,0.05355884425651867,0.026552240517192162,,,,
late,original_D_norm,Recovery_pct,T01,45,-0.05388669301712779,-0.15625682377603692,,,,
late,original_D_norm,Recovery_pct,T02,45,-0.06903820816864295,0.014032742486908214,,,,
late,original_D_norm,Recovery_pct,T03,45,-0.16231884057971013,-0.09858939652167048,,,,
late,original_D_norm,Recovery_pct,T04,45,-0.6300395256916995,-0.6519092596444037,,,,
late,original_D_norm,Recovery_pct,T05,45,-0.0898550724637681,-0.18936827327605152,,,,
late,original_D_norm,DeltaD_px,pooled,269,-0.07231870387837763,-0.0613310555850904,-0.27577205585354064,0.10655625536743238,-0.24981438773092596,0.07134012105218913
late,original_D_norm,DeltaD_px,task_demeaned,269,-0.04349750627284889,-0.04225839060101543,-0.28164421661550926,0.1451087106717113,-0.21890484498073964,0.03944863257785253
late,original_D_norm,DeltaD_px,Original,44,0.17138830162085977,-0.042288849409042845,,,,
late,original_D_norm,DeltaD_px,T01,45,-0.03359683794466403,-0.006306049714447317,,,,
late,original_D_norm,DeltaD_px,T02,45,0.033860342555994724,0.1535378269533709,,,,
late,original_D_norm,DeltaD_px,T03,45,-0.2304347826086956,-0.16992452439405434,,,,
late,original_D_norm,DeltaD_px,T04,45,-0.5951251646903819,-0.6132480303729902,,,,
late,original_D_norm,DeltaD_px,T05,45,0.3985507246376811,0.14004347170501855,,,,
late,original_D_dir,Recovery_pct,pooled,269,-0.1599641199208419,-0.11904105480799393,-0.3878669748376436,0.03432549825045572,-0.2784156991902466,0.047365342218925605
late,original_D_dir,Recovery_pct,task_demeaned,269,-0.1270327421134723,-0.12443836408168249,-0.3000605132191661,-0.022809180854612057,-0.22476456528778005,-0.05047167643056455
late,original_D_dir,Recovery_pct,Original,44,0.058350951374207184,0.016851309321083086,,,,
late,original_D_dir,Recovery_pct,T01,45,-0.05876152832674571,-0.1600238182955029,,,,
late,original_D_dir,Recovery_pct,T02,45,-0.06521739130434781,0.01516486453624788,,,,
late,original_D_dir,Recovery_pct,T03,45,-0.15915678524374177,-0.10835244831353281,,,,
late,original_D_dir,Recovery_pct,T04,45,-0.6281949934123846,-0.664431515374932,,,,
late,original_D_dir,Recovery_pct,T05,45,-0.10131752305665347,-0.21468452401260485,,,,
late,original_D_dir,DeltaD_px,pooled,269,-0.06613894591478789,-0.05541739997452574,-0.2576009072161177,0.09975436102694549,-0.2514900382881415,0.07769557447801267
late,original_D_dir,DeltaD_px,task_demeaned,269,-0.04441855160381488,-0.03524746071883848,-0.26114438618618285,0.11649773733338264,-0.1661398014308543,0.004919598081651339
late,original_D_dir,DeltaD_px,Original,44,0.16701902748414377,-0.030171923298273912,,,,
late,original_D_dir,DeltaD_px,T01,45,-0.03636363636363636,-0.013976363989720842,,,,
late,original_D_dir,DeltaD_px,T02,45,0.035309617918313566,0.14038912398866346,,,,
late,original_D_dir,DeltaD_px,T03,45,-0.21251646903820817,-0.17825055615969818,,,,
late,original_D_dir,DeltaD_px,T04,45,-0.5928853754940712,-0.626311581399004,,,,
late,original_D_dir,DeltaD_px,T05,45,0.397760210803689,0.08710684879265458,,,,
late,mean_active_D_dir,Recovery_pct,pooled,269,-0.18798633844408688,-0.06322308869286308,-0.42305328216272864,0.014907908324470953,-0.21504109127532461,0.07221362448714065
late,mean_active_D_dir,Recovery_pct,task_demeaned,269,-0.08665717262510249,-0.026174204192248786,-0.24785447416121031,0.0007029290789758743,-0.14469119751976392,0.019014522588624884
late,mean_active_D_dir,Recovery_pct,Original,44,-0.021141649048625793,0.04971470507017028,,,,
late,mean_active_D_dir,Recovery_pct,T01,45,-0.03333333333333333,-0.12764907307461304,,,,
late,mean_active_D_dir,Recovery_pct,T02,45,-0.08827404479578392,0.022769784549635394,,,,
late,mean_active_D_dir,Recovery_pct,T03,45,0.014361001317523056,0.04496696064944871,,,,
late,mean_active_D_dir,Recovery_pct,T04,45,-0.5237154150197628,-0.5377342334056623,,,,
late,mean_active_D_dir,Recovery_pct,T05,45,-0.14176548089591567,-0.2557877811440305,,,,
late,mean_active_D_dir,DeltaD_px,pooled,269,-0.07415216359343307,-0.06207908760094281,-0.3141312018632073,0.1255699414433581,-0.2661841239128388,0.12271071742450422
late,mean_active_D_dir,DeltaD_px,task_demeaned,269,-0.043217000499361925,0.0035979141760051495,-0.19335107599162257,0.06844901162682783,-0.07992888313882389,0.02495273645860384
late,mean_active_D_dir,DeltaD_px,Original,44,0.18632840028188866,0.010106750210390213,,,,
late,mean_active_D_dir,DeltaD_px,T01,45,-0.04361001317523057,-0.007759590701304502,,,,
late,mean_active_D_dir,DeltaD_px,T02,45,0.037549407114624504,0.11452648029421988,,,,
late,mean_active_D_dir,DeltaD_px,T03,45,-0.057048748353096174,-0.017150249028407522,,,,
late,mean_active_D_dir,DeltaD_px,T04,45,-0.46693017127799735,-0.5015427158144128,,,,
late,mean_active_D_dir,DeltaD_px,T05,45,0.313965744400527,0.027657346462918918,,,,
full,original_D_norm,Recovery_pct,pooled,269,0.008474973336539113,0.06218668587407776,-0.1574032459425718,0.19583144705855457,-0.050939369638063746,0.1833038333417195
full,original_D_norm,Recovery_pct,task_demeaned,269,0.0773838367024851,0.02917687433296618,-0.18141266493271563,0.2646525844830609,-0.17374636143396358,0.1664762032888473
full,original_D_norm,Recovery_pct,Original,44,0.13389711064129667,0.18170072861698844,,,,
full,original_D_norm,Recovery_pct,T01,45,-0.1517786561264822,-0.1453085890116719,,,,
full,original_D_norm,Recovery_pct,T02,45,0.11014492753623187,0.05306327165630943,,,,
full,original_D_norm,Recovery_pct,T03,45,0.4260869565217391,0.31580962514710176,,,,
full,original_D_norm,Recovery_pct,T04,45,-0.5054018445322793,-0.6132289578509769,,,,
full,original_D_norm,Recovery_pct,T05,45,0.3068511198945981,0.029514711837088852,,,,
full,original_D_norm,DeltaD_px,pooled,269,0.3473993107572423,0.6271768266561671,0.05239083844730401,0.567151468287612,0.2804208748442921,0.6704609052925292
full,original_D_norm,DeltaD_px,task_demeaned,269,0.47279587194140815,0.5384269640697518,0.09266793924161038,0.647827854382215,0.3358985326958782,0.5989171357645853
full,original_D_norm,DeltaD_px,Original,44,0.6538407329105003,0.602929429567636,,,,
full,original_D_norm,DeltaD_px,T01,45,-0.05836627140974967,-0.01917377061798265,,,,
full,original_D_norm,DeltaD_px,T02,45,0.4061923583662714,0.6179218640759968,,,,
full,original_D_norm,DeltaD_px,T03,45,0.47667984189723317,0.6507898658784476,,,,
full,original_D_norm,DeltaD_px,T04,45,-0.4213438735177865,-0.421437086994755,,,,
full,original_D_norm,DeltaD_px,T05,45,0.6546772068511199,0.6640559462025568,,,,
full,original_D_dir,Recovery_pct,pooled,269,0.013752797351532302,0.06972060055171778,-0.14838550577210585,0.1892673632546052,-0.00919031613462558,0.20754101772711062
full,original_D_dir,Recovery_pct,task_demeaned,269,0.11374354990845031,0.06584078530877172,-0.13903958537510475,0.2650790154686297,-0.06906232412659519,0.17486420621306034
full,original_D_dir,Recovery_pct,Original,44,0.13742071881606766,0.20047924332747868,,,,
full,original_D_dir,Recovery_pct,T01,45,-0.17220026350461132,-0.14425010863631785,,,,
full,original_D_dir,Recovery_pct,T02,45,0.10210803689064557,0.07756024864600211,,,,
full,original_D_dir,Recovery_pct,T03,45,0.3654808959156785,0.3429828742228506,,,,
full,original_D_dir,Recovery_pct,T04,45,-0.5104084321475625,-0.631822829272897,,,,
full,original_D_dir,Recovery_pct,T05,45,0.3251646903820817,0.09825393364006275,,,,
full,original_D_dir,DeltaD_px,pooled,269,0.3521148902328506,0.6895300233569801,0.05493761108214973,0.5707282780709553,0.39662104511394225,0.7054312970592271
full,original_D_dir,DeltaD_px,task_demeaned,269,0.5487734807992256,0.5996887003611661,0.15833725863222764,0.7317205419685133,0.4455884001917344,0.6742135163683177
full,original_D_dir,DeltaD_px,Original,44,0.6536997885835094,0.6017525647179569,,,,
full,original_D_dir,DeltaD_px,T01,45,-0.06772068511198945,-0.02395979525774326,,,,
full,original_D_dir,DeltaD_px,T02,45,0.3960474308300394,0.7016140917631726,,,,
full,original_D_dir,DeltaD_px,T03,45,0.42648221343873516,0.7202445045411578,,,,
full,original_D_dir,DeltaD_px,T04,45,-0.4220026350461133,-0.40452701781423805,,,,
full,original_D_dir,DeltaD_px,T05,45,0.6635046113306982,0.7574108033166134,,,,
full,mean_active_D_dir,Recovery_pct,pooled,269,-0.015368633906058306,0.06806308271159706,-0.18253278247566124,0.1915414278010019,-0.025206613678664575,0.20346606825766145
full,mean_active_D_dir,Recovery_pct,task_demeaned,269,0.10045682368825021,0.06437157001874906,-0.1442634883295477,0.26878036339754563,-0.07775487204327683,0.16924939090838817
full,mean_active_D_dir,Recovery_pct,Original,44,0.13389711064129667,0.20890906998105202,,,,
full,mean_active_D_dir,Recovery_pct,T01,45,-0.1774703557312253,-0.14392671787706934,,,,
full,mean_active_D_dir,Recovery_pct,T02,45,0.07127799736495387,0.05385781578778301,,,,
full,mean_active_D_dir,Recovery_pct,T03,45,0.40013175230566533,0.32898319856056785,,,,
full,mean_active_D_dir,Recovery_pct,T04,45,-0.4743083003952569,-0.5531053063895819,,,,
full,mean_active_D_dir,Recovery_pct,T05,45,0.3021080368906456,0.07472926652650841,,,,
full,mean_active_D_dir,DeltaD_px,pooled,269,0.32594955828046873,0.7018072277892096,0.033723539166910545,0.5495198824768138,0.33769630200291934,0.7232999484650164
full,mean_active_D_dir,DeltaD_px,task_demeaned,269,0.519698286757045,0.6241400125748126,0.14748558835269324,0.7165771948878188,0.39381126374002456,0.6382483128770553
full,mean_active_D_dir,DeltaD_px,Original,44,0.6684989429175475,0.6385645658601032,,,,
full,mean_active_D_dir,DeltaD_px,T01,45,-0.07509881422924901,-0.014245263476777566,,,,
full,mean_active_D_dir,DeltaD_px,T02,45,0.37075098814229246,0.6747144120696916,,,,
full,mean_active_D_dir,DeltaD_px,T03,45,0.4540184453227932,0.6822704966148396,,,,
full,mean_active_D_dir,DeltaD_px,T04,45,-0.38484848484848483,-0.3363333389827346,,,,
full,mean_active_D_dir,DeltaD_px,T05,45,0.644927536231884,0.7400098012971144,,,,
