step,progress,sigma,tau,active,same_current_latent,x_tau_hash,correction_robot_RMS,before_robot_RMS,after_robot_RMS,correction_all_RMS,condition,conditioning_background,task,seed,background
0,0.0,200.0,0.9950248599052429,False,True,576d0d3a30f3617b0fd9e24a26d20e665da4c28ddd09ab338c552f716abab1fc,0.0,,,0.0,baseline,BG0,Original,0,BG0
1,0.02857142857142857,171.61465454101562,0.9942067265510559,False,True,33ce161bb3f65176c10d68021d0ff52f0359801283fa5dfad12acb7f8f0ad37e,0.0,,,0.0,baseline,BG0,Original,0,BG0
2,0.05714285714285714,146.75489807128906,0.993232011795044,False,True,6f6cbfa7e5ca8dc1ceb592f84ee25a7ca22254e61c287464f79f776c2871e9f1,0.0,,,0.0,baseline,BG0,Original,0,BG0
3,0.08571428571428572,125.0479965209961,0.992066502571106,False,True,4f6193f75058f9d0b280eb66c6776a0441e95c2b4dccab2a9bafec4a63def6e4,0.0,,,0.0,baseline,BG0,Original,0,BG0
4,0.11428571428571428,106.1534194946289,0.9906675815582275,False,True,a650c69b66313df4aa706682b7d9d589cea85fdab2ed5aef14497a6a06d774a7,0.0,,,0.0,baseline,BG0,Original,0,BG0
5,0.14285714285714285,89.76073455810547,0.9889820218086243,False,True,33e04e0710834c75c1b27cf3c00674510e7e60c4b28b8629d624906b2a7a03f5,0.0,,,0.0,baseline,BG0,Original,0,BG0
6,0.17142857142857143,75.5875473022461,0.9869430661201477,False,True,328f63b9ae9f1f71e1b88eae5a34349e8e0eaceb37bdef3e4be2243283449345,0.0,,,0.0,baseline,BG0,Original,0,BG0
7,0.2,63.377559661865234,0.984466552734375,False,True,b9ed8f26d18a52a0cf50a73e38aefa84438aaa381387ffe2f690b7ea7e0cc76e,0.0,,,0.0,baseline,BG0,Original,0,BG0
8,0.22857142857142856,52.89871597290039,0.9814466834068298,False,True,e33ce28271647015d6adbdc4ca5efbf2c2d3f3483db98cd9f2e86560b91cc49f,0.0,,,0.0,baseline,BG0,Original,0,BG0
9,0.2571428571428571,43.94145202636719,0.9777488112449646,False,True,1d6196cc9fc540e3aa18cca5e8d0a97d034e1bc6bcd8cdde1fcc3eab26b90b0d,0.0,,,0.0,baseline,BG0,Original,0,BG0
10,0.2857142857142857,36.31700897216797,0.9732025861740112,False,True,e7f5a20d025f2f324e18d9f42ad88ca3aa8895d107d9a3bf53a1f884c0c38506,0.0,,,0.0,baseline,BG0,Original,0,BG0
11,0.3142857142857143,29.8558406829834,0.9675912261009216,False,True,326f3d8b0ea9a8fcb12dfc3b002cee7af2789295ea8841e6f3361d4d7a6e8216,0.0,,,0.0,baseline,BG0,Original,0,BG0
12,0.34285714285714286,24.406116485595703,0.9606394171714783,False,True,d8ae1fe9352e9cf5222dbe0b4fa463835bbc8eeddb9e7f3edfaecde75c2e579f,0.0,,,0.0,baseline,BG0,Original,0,BG0
13,0.37142857142857144,19.832292556762695,0.9519975781440735,False,True,01475f39dfe6d5b37a1baac3ed3ccf4775d69160b813be65ec90bbace5cfd66d,0.0,,,0.0,baseline,BG0,Original,0,BG0
14,0.4,16.013765335083008,0.9412240386009216,False,True,7d01b4afc60362a9e6ad53256b42b1aef9256e2e5d3f87757130774e1bcc47ad,0.0,,,0.0,baseline,BG0,Original,0,BG0
15,0.42857142857142855,12.843597412109375,0.9277644157409668,False,True,eafc48ac0087d8f6fdcfc841b366a7c8f786adc41b0f43666e6289c382efda7e,0.0,,,0.0,baseline,BG0,Original,0,BG0
16,0.45714285714285713,10.227325439453125,0.9109315872192383,False,True,cd27ae57b4199e3ffdbd5ced2b722b7dd54635658105cef07dc16a4a4b47272e,0.0,,,0.0,baseline,BG0,Original,0,BG0
17,0.4857142857142857,8.081831932067871,0.8898900747299194,False,True,7e96e71568b50a3ccd5493dc9df5d01c7a21616d1e8dee40301f67e08e119735,0.0,,,0.0,baseline,BG0,Original,0,BG0
18,0.5142857142857142,6.33429479598999,0.8636542558670044,False,True,7c30623340a9bec522600e8cad6746dd6196b4c68e6e46206567ccacd3a3dfb3,0.0,,,0.0,baseline,BG0,Original,0,BG0
19,0.5428571428571428,4.921195983886719,0.831115186214447,False,True,46de5ea6c0e68fd004d800fc6a514b92e8fb0aa80df3956b2e3f393ac916a58a,0.0,,,0.0,baseline,BG0,Original,0,BG0
20,0.5714285714285714,3.7874016761779785,0.7911184430122375,False,True,2a510a543181e08dbf99c97685201f152be2f71aca2f2ddb0e45bd622eb018a9,0.0,,,0.0,baseline,BG0,Original,0,BG0
21,0.6,2.8853037357330322,0.7426198720932007,False,True,d1f1a7f89ae6e7f53642871e3ee56c6c731aa0c8138af731af6d4882d910923e,0.0,,,0.0,baseline,BG0,Original,0,BG0
22,0.6285714285714286,2.174020290374756,0.6849421262741089,False,True,0c38e311b2cec6f859e6131c108b60a437305163d676eb9fd4f28ac44a4276fc,0.0,,,0.0,baseline,BG0,Original,0,BG0
23,0.6571428571428571,1.6186565160751343,0.618124783039093,False,True,7441a913cdcf8dd5a9016e830addf3728ffa68a4baad84838f727ece055da836,0.0,,,0.0,baseline,BG0,Original,0,BG0
24,0.6857142857142857,1.1896215677261353,0.5433000922203064,False,True,277f173ff009ea4f761d6e4d399809187df0a60b42ad6af7cd9502029d8c2bb9,0.0,,,0.0,baseline,BG0,Original,0,BG0
25,0.7142857142857143,0.8619995713233948,0.4629429578781128,False,True,9978f60b0c48d38f53ae91df7fad529073faeb2c6f81b9ffc8c13233d9cc30b3,0.0,,,0.0,baseline,BG0,Original,0,BG0
26,0.7428571428571429,0.6149717569351196,0.38079413771629333,False,True,68db545430cd1f9832c914ebe657986723fed25a4814e727765f6d864c5439df,0.0,,,0.0,baseline,BG0,Original,0,BG0
27,0.7714285714285715,0.43128928542137146,0.30132922530174255,False,True,e35bde142f4a0cd821510ca444e3c6d379bf1ef03e5a782f422c5b5b76cd2899,0.0,,,0.0,baseline,BG0,Original,0,BG0
28,0.8,0.29679277539253235,0.22886677086353302,False,True,2127b7a1d774e93eeafcfc912da86f8be52fe68e0844771ab5e4de44e0e3b532,0.0,,,0.0,baseline,BG0,Original,0,BG0
29,0.8285714285714286,0.19997714459896088,0.16665078699588776,False,True,c94ff85609ef9fc0f0113d311807237231757ee3c38078121f2545040bec83bb,0.0,,,0.0,baseline,BG0,Original,0,BG0
30,0.8571428571428571,0.1315995454788208,0.11629515886306763,False,True,a746b55aef9979a695395fbdf14c258505b0cbab90d8d66b7c5c8282fd4a8ec5,0.0,,,0.0,baseline,BG0,Original,0,BG0
31,0.8857142857142857,0.0843278095126152,0.07776966691017151,False,True,8e73f82b12fc059eef16b978dd0a04683cf8e66096e0d2d96d2b4fff54bf10bc,0.0,,,0.0,baseline,BG0,Original,0,BG0
32,0.9142857142857143,0.0524274967610836,0.04981577768921852,False,True,38d74d042e5776b8db60978fd42b44b59bd674253c1bab41506ffa751c5c7a42,0.0,,,0.0,baseline,BG0,Original,0,BG0
33,0.9428571428571428,0.03148509934544563,0.03052404709160328,False,True,cfda1ed147e6e1844909a33afa564f04659bdab743e2ffdc9c7180e9c086e3c5,0.0,,,0.0,baseline,BG0,Original,0,BG0
34,0.9714285714285714,0.018165308982133865,0.017841216176748276,False,True,36672549ef99d91769c7788af1306d35e220f9f4f75d1b8a9654bd518604e050,0.0,,,0.0,baseline,BG0,Original,0,BG0
35,1.0,0.009999999776482582,0.009900989942252636,False,True,96eeb2395aca30fbcf224fe9105328ce29585eb8730379062749d333bf7b6c05,0.0,,,0.0,baseline,BG0,Original,0,BG0
0,0.0,200.0,0.9950248599052429,True,True,576d0d3a30f3617b0fd9e24a26d20e665da4c28ddd09ab338c552f716abab1fc,0.0,0.0,0.0,0.0,identity,BG0,Original,0,BG0
1,0.02857142857142857,171.61465454101562,0.9942067265510559,True,True,33ce161bb3f65176c10d68021d0ff52f0359801283fa5dfad12acb7f8f0ad37e,0.0,0.0,0.0,0.0,identity,BG0,Original,0,BG0
2,0.05714285714285714,146.75489807128906,0.993232011795044,True,True,6f6cbfa7e5ca8dc1ceb592f84ee25a7ca22254e61c287464f79f776c2871e9f1,0.0,0.0,0.0,0.0,identity,BG0,Original,0,BG0
3,0.08571428571428572,125.0479965209961,0.992066502571106,True,True,4f6193f75058f9d0b280eb66c6776a0441e95c2b4dccab2a9bafec4a63def6e4,0.0,0.0,0.0,0.0,identity,BG0,Original,0,BG0
4,0.11428571428571428,106.1534194946289,0.9906675815582275,True,True,a650c69b66313df4aa706682b7d9d589cea85fdab2ed5aef14497a6a06d774a7,0.0,0.0,0.0,0.0,identity,BG0,Original,0,BG0
5,0.14285714285714285,89.76073455810547,0.9889820218086243,True,True,33e04e0710834c75c1b27cf3c00674510e7e60c4b28b8629d624906b2a7a03f5,0.0,0.0,0.0,0.0,identity,BG0,Original,0,BG0
6,0.17142857142857143,75.5875473022461,0.9869430661201477,True,True,328f63b9ae9f1f71e1b88eae5a34349e8e0eaceb37bdef3e4be2243283449345,0.0,0.0,0.0,0.0,identity,BG0,Original,0,BG0
7,0.2,63.377559661865234,0.984466552734375,True,True,b9ed8f26d18a52a0cf50a73e38aefa84438aaa381387ffe2f690b7ea7e0cc76e,0.0,0.0,0.0,0.0,identity,BG0,Original,0,BG0
8,0.22857142857142856,52.89871597290039,0.9814466834068298,True,True,e33ce28271647015d6adbdc4ca5efbf2c2d3f3483db98cd9f2e86560b91cc49f,0.0,0.0,0.0,0.0,identity,BG0,Original,0,BG0
9,0.2571428571428571,43.94145202636719,0.9777488112449646,True,True,1d6196cc9fc540e3aa18cca5e8d0a97d034e1bc6bcd8cdde1fcc3eab26b90b0d,0.0,0.0,0.0,0.0,identity,BG0,Original,0,BG0
10,0.2857142857142857,36.31700897216797,0.9732025861740112,True,True,e7f5a20d025f2f324e18d9f42ad88ca3aa8895d107d9a3bf53a1f884c0c38506,0.0,0.0,0.0,0.0,identity,BG0,Original,0,BG0
11,0.3142857142857143,29.8558406829834,0.9675912261009216,True,True,326f3d8b0ea9a8fcb12dfc3b002cee7af2789295ea8841e6f3361d4d7a6e8216,0.0,0.0,0.0,0.0,identity,BG0,Original,0,BG0
12,0.34285714285714286,24.406116485595703,0.9606394171714783,True,True,d8ae1fe9352e9cf5222dbe0b4fa463835bbc8eeddb9e7f3edfaecde75c2e579f,0.0,0.0,0.0,0.0,identity,BG0,Original,0,BG0
13,0.37142857142857144,19.832292556762695,0.9519975781440735,True,True,01475f39dfe6d5b37a1baac3ed3ccf4775d69160b813be65ec90bbace5cfd66d,0.0,0.0,0.0,0.0,identity,BG0,Original,0,BG0
14,0.4,16.013765335083008,0.9412240386009216,True,True,7d01b4afc60362a9e6ad53256b42b1aef9256e2e5d3f87757130774e1bcc47ad,0.0,0.0,0.0,0.0,identity,BG0,Original,0,BG0
15,0.42857142857142855,12.843597412109375,0.9277644157409668,True,True,eafc48ac0087d8f6fdcfc841b366a7c8f786adc41b0f43666e6289c382efda7e,0.0,0.0,0.0,0.0,identity,BG0,Original,0,BG0
16,0.45714285714285713,10.227325439453125,0.9109315872192383,True,True,cd27ae57b4199e3ffdbd5ced2b722b7dd54635658105cef07dc16a4a4b47272e,0.0,0.0,0.0,0.0,identity,BG0,Original,0,BG0
17,0.4857142857142857,8.081831932067871,0.8898900747299194,True,True,7e96e71568b50a3ccd5493dc9df5d01c7a21616d1e8dee40301f67e08e119735,0.0,0.0,0.0,0.0,identity,BG0,Original,0,BG0
18,0.5142857142857142,6.33429479598999,0.8636542558670044,True,True,7c30623340a9bec522600e8cad6746dd6196b4c68e6e46206567ccacd3a3dfb3,0.0,0.0,0.0,0.0,identity,BG0,Original,0,BG0
19,0.5428571428571428,4.921195983886719,0.831115186214447,True,True,46de5ea6c0e68fd004d800fc6a514b92e8fb0aa80df3956b2e3f393ac916a58a,0.0,0.0,0.0,0.0,identity,BG0,Original,0,BG0
20,0.5714285714285714,3.7874016761779785,0.7911184430122375,True,True,2a510a543181e08dbf99c97685201f152be2f71aca2f2ddb0e45bd622eb018a9,0.0,0.0,0.0,0.0,identity,BG0,Original,0,BG0
21,0.6,2.8853037357330322,0.7426198720932007,True,True,d1f1a7f89ae6e7f53642871e3ee56c6c731aa0c8138af731af6d4882d910923e,0.0,0.0,0.0,0.0,identity,BG0,Original,0,BG0
22,0.6285714285714286,2.174020290374756,0.6849421262741089,True,True,0c38e311b2cec6f859e6131c108b60a437305163d676eb9fd4f28ac44a4276fc,0.0,0.0,0.0,0.0,identity,BG0,Original,0,BG0
23,0.6571428571428571,1.6186565160751343,0.618124783039093,True,True,7441a913cdcf8dd5a9016e830addf3728ffa68a4baad84838f727ece055da836,0.0,0.0,0.0,0.0,identity,BG0,Original,0,BG0
24,0.6857142857142857,1.1896215677261353,0.5433000922203064,True,True,277f173ff009ea4f761d6e4d399809187df0a60b42ad6af7cd9502029d8c2bb9,0.0,0.0,0.0,0.0,identity,BG0,Original,0,BG0
25,0.7142857142857143,0.8619995713233948,0.4629429578781128,True,True,9978f60b0c48d38f53ae91df7fad529073faeb2c6f81b9ffc8c13233d9cc30b3,0.0,0.0,0.0,0.0,identity,BG0,Original,0,BG0
26,0.7428571428571429,0.6149717569351196,0.38079413771629333,True,True,68db545430cd1f9832c914ebe657986723fed25a4814e727765f6d864c5439df,0.0,0.0,0.0,0.0,identity,BG0,Original,0,BG0
27,0.7714285714285715,0.43128928542137146,0.30132922530174255,True,True,e35bde142f4a0cd821510ca444e3c6d379bf1ef03e5a782f422c5b5b76cd2899,0.0,0.0,0.0,0.0,identity,BG0,Original,0,BG0
28,0.8,0.29679277539253235,0.22886677086353302,True,True,2127b7a1d774e93eeafcfc912da86f8be52fe68e0844771ab5e4de44e0e3b532,0.0,0.0,0.0,0.0,identity,BG0,Original,0,BG0
29,0.8285714285714286,0.19997714459896088,0.16665078699588776,True,True,c94ff85609ef9fc0f0113d311807237231757ee3c38078121f2545040bec83bb,0.0,0.0,0.0,0.0,identity,BG0,Original,0,BG0
30,0.8571428571428571,0.1315995454788208,0.11629515886306763,True,True,a746b55aef9979a695395fbdf14c258505b0cbab90d8d66b7c5c8282fd4a8ec5,0.0,0.0,0.0,0.0,identity,BG0,Original,0,BG0
31,0.8857142857142857,0.0843278095126152,0.07776966691017151,True,True,8e73f82b12fc059eef16b978dd0a04683cf8e66096e0d2d96d2b4fff54bf10bc,0.0,0.0,0.0,0.0,identity,BG0,Original,0,BG0
32,0.9142857142857143,0.0524274967610836,0.04981577768921852,True,True,38d74d042e5776b8db60978fd42b44b59bd674253c1bab41506ffa751c5c7a42,0.0,0.0,0.0,0.0,identity,BG0,Original,0,BG0
33,0.9428571428571428,0.03148509934544563,0.03052404709160328,True,True,cfda1ed147e6e1844909a33afa564f04659bdab743e2ffdc9c7180e9c086e3c5,0.0,0.0,0.0,0.0,identity,BG0,Original,0,BG0
34,0.9714285714285714,0.018165308982133865,0.017841216176748276,True,True,36672549ef99d91769c7788af1306d35e220f9f4f75d1b8a9654bd518604e050,0.0,0.0,0.0,0.0,identity,BG0,Original,0,BG0
35,1.0,0.009999999776482582,0.009900989942252636,True,True,96eeb2395aca30fbcf224fe9105328ce29585eb8730379062749d333bf7b6c05,0.0,0.0,0.0,0.0,identity,BG0,Original,0,BG0
0,0.0,200.0,0.9950248599052429,False,True,576d0d3a30f3617b0fd9e24a26d20e665da4c28ddd09ab338c552f716abab1fc,0.0,,,0.0,baseline,BG8,Original,0,BG8
1,0.02857142857142857,171.61465454101562,0.9942067265510559,False,True,6150a9a956dd2df7cd311a08c980d5b3bb9608d21b6fe4b8d4fcca7ac0e1c316,0.0,,,0.0,baseline,BG8,Original,0,BG8
2,0.05714285714285714,146.75489807128906,0.993232011795044,False,True,368cc0d907d91d580b05d431b1ce72de8e9ef14e06239852879cbf957a9a22ac,0.0,,,0.0,baseline,BG8,Original,0,BG8
3,0.08571428571428572,125.0479965209961,0.992066502571106,False,True,c95f88dd5d5bd8364c20f1869705b8edb697a5dee72a2b8fb500da3591da650a,0.0,,,0.0,baseline,BG8,Original,0,BG8
4,0.11428571428571428,106.1534194946289,0.9906675815582275,False,True,e3a54fa3139cc076be654ac1078508d539ed15118e8341df2eb24918f801658b,0.0,,,0.0,baseline,BG8,Original,0,BG8
5,0.14285714285714285,89.76073455810547,0.9889820218086243,False,True,256e1055e646bfc361c5242077b603a5dbea30c10883aea98190591b25a7c51c,0.0,,,0.0,baseline,BG8,Original,0,BG8
6,0.17142857142857143,75.5875473022461,0.9869430661201477,False,True,3fc33572b8146fc983d67c203cb90f9e1612d0e257a40d564a805f5b37932a59,0.0,,,0.0,baseline,BG8,Original,0,BG8
7,0.2,63.377559661865234,0.984466552734375,False,True,8ae0d2e5a94d60ebe056c38931bce94c62eacc6d9ae657c0c5a677ac480182a7,0.0,,,0.0,baseline,BG8,Original,0,BG8
8,0.22857142857142856,52.89871597290039,0.9814466834068298,False,True,03aca486c06e0397378b7e2d6b57cedf62dcf5eadf0aad0dd33df698df89a7c1,0.0,,,0.0,baseline,BG8,Original,0,BG8
9,0.2571428571428571,43.94145202636719,0.9777488112449646,False,True,b0df2b4a5da664036a665bb6d73085bc5f8801b78b68542bf06e9f5d2570f822,0.0,,,0.0,baseline,BG8,Original,0,BG8
10,0.2857142857142857,36.31700897216797,0.9732025861740112,False,True,2e0e15dac01e80e824fe296a2e3ca845b26e46139c61d434e5c2da83addba46f,0.0,,,0.0,baseline,BG8,Original,0,BG8
11,0.3142857142857143,29.8558406829834,0.9675912261009216,False,True,9fe966a5ed5c6d1d4fd11a046509620bc3dd45b8a3d1ea5c8fbd16db888d5b31,0.0,,,0.0,baseline,BG8,Original,0,BG8
12,0.34285714285714286,24.406116485595703,0.9606394171714783,False,True,e278ddb7248491679d1bb8a901d98dd5ee596e2be0594c64fa157dd0827a7716,0.0,,,0.0,baseline,BG8,Original,0,BG8
13,0.37142857142857144,19.832292556762695,0.9519975781440735,False,True,80d4550148bd5742b1342a66bc7e5c23a7c9fd4e765d85fcad7efc1b18be37d1,0.0,,,0.0,baseline,BG8,Original,0,BG8
14,0.4,16.013765335083008,0.9412240386009216,False,True,d3906854469bc8288c18515e6d7bec619e9983159fa3288603d82129c360a427,0.0,,,0.0,baseline,BG8,Original,0,BG8
15,0.42857142857142855,12.843597412109375,0.9277644157409668,False,True,257475437d29b4d40e66e0108b984d9b325169483b58efa07fa90a7c38ee843a,0.0,,,0.0,baseline,BG8,Original,0,BG8
16,0.45714285714285713,10.227325439453125,0.9109315872192383,False,True,8c8b0ef952eb5e341b3ae2d6d49f0b660e33179d22da71c992a2b0e9a2796132,0.0,,,0.0,baseline,BG8,Original,0,BG8
17,0.4857142857142857,8.081831932067871,0.8898900747299194,False,True,f248bc8de0702764a4ea29b30c87caf3af7cfa0e69133e1b860108801ff620c8,0.0,,,0.0,baseline,BG8,Original,0,BG8
18,0.5142857142857142,6.33429479598999,0.8636542558670044,False,True,ab8eb093bc66e35d0cdf71b124346a5649629a346a42d947dc23b9d26919463c,0.0,,,0.0,baseline,BG8,Original,0,BG8
19,0.5428571428571428,4.921195983886719,0.831115186214447,False,True,e6f52f55649ba3d5b3cdbae8159f9167b6e04957e01b61bc2639ed0c1924fcda,0.0,,,0.0,baseline,BG8,Original,0,BG8
20,0.5714285714285714,3.7874016761779785,0.7911184430122375,False,True,80b4ffed9be46f92be38f79dca570dc00dc4b3af56be76aa7180f0256b89c916,0.0,,,0.0,baseline,BG8,Original,0,BG8
21,0.6,2.8853037357330322,0.7426198720932007,False,True,b0bbe86fdd463bbd8aed52195d1286dcf9ecd8040fa04f71d4cf1d7ffb928083,0.0,,,0.0,baseline,BG8,Original,0,BG8
22,0.6285714285714286,2.174020290374756,0.6849421262741089,False,True,e947a64a03a635ec8a618fbd1b8d20c86d61d2e0e7fa0408f44629a684e790d7,0.0,,,0.0,baseline,BG8,Original,0,BG8
23,0.6571428571428571,1.6186565160751343,0.618124783039093,False,True,ba5c9aff8499b51e63df7ff7b33fe90bae557b5d3a00f688919cd70abbacc60c,0.0,,,0.0,baseline,BG8,Original,0,BG8
24,0.6857142857142857,1.1896215677261353,0.5433000922203064,False,True,1df7e6ee5d4663d6556a586189bac4796e32ede2e2cb7f9aff5e36266b02dba5,0.0,,,0.0,baseline,BG8,Original,0,BG8
25,0.7142857142857143,0.8619995713233948,0.4629429578781128,False,True,db1f99d163c27d3b36f137bf901bd392ca34c89dd3b8de76ddd0c91efd64d859,0.0,,,0.0,baseline,BG8,Original,0,BG8
26,0.7428571428571429,0.6149717569351196,0.38079413771629333,False,True,6faa17748b34fce4599d8cdfe435a83314e96b72fb5abbe641c2859e055442db,0.0,,,0.0,baseline,BG8,Original,0,BG8
27,0.7714285714285715,0.43128928542137146,0.30132922530174255,False,True,c2ae580e9151da82d550d7a4182258fc19dd6f7c786a4fa25c4cd4a18dc71888,0.0,,,0.0,baseline,BG8,Original,0,BG8
28,0.8,0.29679277539253235,0.22886677086353302,False,True,c62c26e984097e6540ac42c0aa175e8a250033b3e0df906f95c7667c0b505cd9,0.0,,,0.0,baseline,BG8,Original,0,BG8
29,0.8285714285714286,0.19997714459896088,0.16665078699588776,False,True,3f4fd77316d58ae2a1335f3ae30fdb4ebca01edd36964173ef8773d7d898ad28,0.0,,,0.0,baseline,BG8,Original,0,BG8
30,0.8571428571428571,0.1315995454788208,0.11629515886306763,False,True,8f97b1a186cf706cf0d325458b087ffebcba40b84c86cca7728beb06b740971b,0.0,,,0.0,baseline,BG8,Original,0,BG8
31,0.8857142857142857,0.0843278095126152,0.07776966691017151,False,True,bc913336f1ac6d40f29aaeb4b4e5926be17645de4460da764c0cf0b23a20bde1,0.0,,,0.0,baseline,BG8,Original,0,BG8
32,0.9142857142857143,0.0524274967610836,0.04981577768921852,False,True,b486b4fb1bc8a91d1f79db52bdd456607f198da40b5e0e5729d5f33196c44141,0.0,,,0.0,baseline,BG8,Original,0,BG8
33,0.9428571428571428,0.03148509934544563,0.03052404709160328,False,True,a1cdeef4da6db47f527eaa4db2810e44c84c0355e8a205d2ed05a7f8b0a56980,0.0,,,0.0,baseline,BG8,Original,0,BG8
34,0.9714285714285714,0.018165308982133865,0.017841216176748276,False,True,b419ae123a3ca11f5a6661ab56201b69e9fe02f61e47c0e8a6ed4b86ef3460a1,0.0,,,0.0,baseline,BG8,Original,0,BG8
35,1.0,0.009999999776482582,0.009900989942252636,False,True,35c13a348f08e89b6c5fc877a4a5246b4f782ea5f1e8e906d2b61424639b06f1,0.0,,,0.0,baseline,BG8,Original,0,BG8
0,0.0,200.0,0.9950248599052429,True,True,576d0d3a30f3617b0fd9e24a26d20e665da4c28ddd09ab338c552f716abab1fc,0.47066324964844886,0.48971308565177785,0.0527915152205893,0.09503631155561337,early,BG8,Original,0,BG8
1,0.02857142857142857,171.61465454101562,0.9942067265510559,True,True,304ad97f90d965d1f90c7a1583bda93a1e90d58a3b4ca6f9b0640850ed968126,0.470325780730408,0.4893903565778612,0.052799814481440555,0.09496929022498843,early,BG8,Original,0,BG8
2,0.05714285714285714,146.75489807128906,0.993232011795044,True,True,1b3e4f45067ad8e74a911f4014f32a2d6858664260ee5c43a1443be31212945c,0.4705133652669816,0.4896213270679639,0.052850942362208414,0.0950082774451788,early,BG8,Original,0,BG8
3,0.08571428571428572,125.0479965209961,0.992066502571106,True,True,c69cf992188dbc1c757f1e1bc8af84e6f5afb8f3e36cf393cef82bbf4707f526,0.47092982719744725,0.4900430380163724,0.05288757116397948,0.09508966372931872,early,BG8,Original,0,BG8
4,0.11428571428571428,106.1534194946289,0.9906675815582275,True,True,2b5bf522761caba34ac346142e105ab970cc3b8f7fff9c8d850e278ad7614852,0.47064659572804307,0.48972775506676025,0.05282782993576837,0.09503151103154976,early,BG8,Original,0,BG8
5,0.14285714285714285,89.76073455810547,0.9889820218086243,True,True,a81ed6105f7d4d16dfcb026149d365e12ff0f6fb39fb41f829618f8213f7fa82,0.47023876639027573,0.4893185760348086,0.052786628893717435,0.094946935875833,early,BG8,Original,0,BG8
6,0.17142857142857143,75.5875473022461,0.9869430661201477,True,True,41377bc2e3eded61c7aa17360fda247990a82ebcbb314a573419cacf3cb1d84f,0.4704070701589803,0.48950618132173773,0.05279121683201323,0.09498052088788307,early,BG8,Original,0,BG8
7,0.2,63.377559661865234,0.984466552734375,True,True,d54f88cbd5a79b6fb7b26790cd143d9712de045c3547924d683c9a902da746d2,0.47040623880076354,0.4894742497197018,0.05267949730063561,0.09497867537971862,early,BG8,Original,0,BG8
8,0.22857142857142856,52.89871597290039,0.9814466834068298,True,True,750de5d722cd1a1cba6a5afc6285e4ed56b4637afd1919c4eb20b8b06cd25fad,0.47140565971742066,0.4904911004734437,0.05277779131468858,0.09517352797436335,early,BG8,Original,0,BG8
9,0.2571428571428571,43.94145202636719,0.9777488112449646,True,True,1f00ff56bb984022e24250a969a730e9787eac92af02fb90dabaf537a31b6a06,0.4725887191469002,0.49176163651237864,0.05298563377332808,0.0954083585191792,early,BG8,Original,0,BG8
10,0.2857142857142857,36.31700897216797,0.9732025861740112,True,True,3ee36af89c87bf22b1a9ccdd539fd89cbed8980f0d0fa9faff7e1fbb06161ce1,0.4738250650856384,0.4930015533280532,0.05307856077375698,0.09565810760162231,early,BG8,Original,0,BG8
11,0.3142857142857143,29.8558406829834,0.9675912261009216,True,True,fc7f980d73bdee72083876c14f2753e1e21c398cc133122834c9b0a0b36ee999,0.4747486336980449,0.4939215825391853,0.05313270590750693,0.0958452369286031,early,BG8,Original,0,BG8
12,0.34285714285714286,24.406116485595703,0.9606394171714783,False,True,6191023357bb81118178272e9e8cddded26659b2d035a193884d5ff312b051d9,0.0,,,0.0,early,BG8,Original,0,BG8
13,0.37142857142857144,19.832292556762695,0.9519975781440735,False,True,14d7f53113278671511d1471733de796dcd0fcd499556ee26a05ea251a346064,0.0,,,0.0,early,BG8,Original,0,BG8
14,0.4,16.013765335083008,0.9412240386009216,False,True,cb98f6a26af1d8c20493011c64f1e65d33a0e2840fe7c20d1d923fa39958ea9a,0.0,,,0.0,early,BG8,Original,0,BG8
15,0.42857142857142855,12.843597412109375,0.9277644157409668,False,True,34640be526cb0c02e701d05877bede7b8fe399bf66bfe5f85cbfe4eee7ee1605,0.0,,,0.0,early,BG8,Original,0,BG8
16,0.45714285714285713,10.227325439453125,0.9109315872192383,False,True,852e64fbd2674f08f87859417f6cdb5b1acaadcd525c2771d3d1675b408070ad,0.0,,,0.0,early,BG8,Original,0,BG8
17,0.4857142857142857,8.081831932067871,0.8898900747299194,False,True,c1d92abbc417b9d014cdf8e51c2b199b3705039d2bd0d9f4b525b269c028029f,0.0,,,0.0,early,BG8,Original,0,BG8
18,0.5142857142857142,6.33429479598999,0.8636542558670044,False,True,f240132aab1a64d45087dfa6080af489decfadec830be9cabae9b4aa370ee57b,0.0,,,0.0,early,BG8,Original,0,BG8
19,0.5428571428571428,4.921195983886719,0.831115186214447,False,True,d2b9ad9d805832cb6f2fe63a2c52448cb19080f9fc76e8444a5ffab6e8f4b192,0.0,,,0.0,early,BG8,Original,0,BG8
20,0.5714285714285714,3.7874016761779785,0.7911184430122375,False,True,22e9062a0597314eed039d2012a356e7cdf2b6055374d9528487070483bfe7ea,0.0,,,0.0,early,BG8,Original,0,BG8
21,0.6,2.8853037357330322,0.7426198720932007,False,True,173392be9332a797285a51a69f607ff7eea87a31b85c6310787c8d3a307fe79b,0.0,,,0.0,early,BG8,Original,0,BG8
22,0.6285714285714286,2.174020290374756,0.6849421262741089,False,True,a7e4f4419bc96d7166c38f487a91fd4df2ddf2b7af0d9d2734a54496871f6fa1,0.0,,,0.0,early,BG8,Original,0,BG8
23,0.6571428571428571,1.6186565160751343,0.618124783039093,False,True,04db0911a41baf1c282ad68a3f927b80f9be836be5bcfe4044b77bdeb60ecb81,0.0,,,0.0,early,BG8,Original,0,BG8
24,0.6857142857142857,1.1896215677261353,0.5433000922203064,False,True,eeb3972d8a516771c234dfd099efab37d32135d7b8c547c756d5c4ff74f25b60,0.0,,,0.0,early,BG8,Original,0,BG8
25,0.7142857142857143,0.8619995713233948,0.4629429578781128,False,True,37d52c79fcce845439dc70215d24c1375f3ae3346adf555a3c908836520b2c1a,0.0,,,0.0,early,BG8,Original,0,BG8
26,0.7428571428571429,0.6149717569351196,0.38079413771629333,False,True,f3b4523bcb4a547113788fa40513d3ca61ba7c28dd084e145d12666b9ec09938,0.0,,,0.0,early,BG8,Original,0,BG8
27,0.7714285714285715,0.43128928542137146,0.30132922530174255,False,True,7f263d3c88e577fc8d5892675e9277b04a670296ab446d2b7d5c1e8e579d8a82,0.0,,,0.0,early,BG8,Original,0,BG8
28,0.8,0.29679277539253235,0.22886677086353302,False,True,66ef723799c818b993f854963ac59bf87dfc977193b3527f75654709c9296550,0.0,,,0.0,early,BG8,Original,0,BG8
29,0.8285714285714286,0.19997714459896088,0.16665078699588776,False,True,e3a7c4c35f526b7ea9cc10b751a79d93ffe8bdd0711ff04dc1a11d5377c0509b,0.0,,,0.0,early,BG8,Original,0,BG8
30,0.8571428571428571,0.1315995454788208,0.11629515886306763,False,True,426500434b73d8adf4f5fe888a9507f5fbd6274cbe28911dcc79db0dfa47582c,0.0,,,0.0,early,BG8,Original,0,BG8
31,0.8857142857142857,0.0843278095126152,0.07776966691017151,False,True,c2b52d1f9de34961b667e92b5a60ddbd9d4652747e55dc4dc8e1babef9d3540e,0.0,,,0.0,early,BG8,Original,0,BG8
32,0.9142857142857143,0.0524274967610836,0.04981577768921852,False,True,16a2addfb6fac1e5f6f8d80737d8ae61a65d1427918c4eefec6c6a702e0a9249,0.0,,,0.0,early,BG8,Original,0,BG8
33,0.9428571428571428,0.03148509934544563,0.03052404709160328,False,True,9abd884b06c9e10f61233b0c612edc3e01a005f4f993dc511ed37634ae03a55b,0.0,,,0.0,early,BG8,Original,0,BG8
34,0.9714285714285714,0.018165308982133865,0.017841216176748276,False,True,65c86df5fece23a1fafd389dcfd42cf35a163b66e2e7eb949403f3568a0cf131,0.0,,,0.0,early,BG8,Original,0,BG8
35,1.0,0.009999999776482582,0.009900989942252636,False,True,a8cf95f16c6f5b4f604d60874e772e95066989f5c4b0682c999087e035d2e564,0.0,,,0.0,early,BG8,Original,0,BG8
0,0.0,200.0,0.9950248599052429,True,True,576d0d3a30f3617b0fd9e24a26d20e665da4c28ddd09ab338c552f716abab1fc,0.47066324964844886,0.48971308565177785,0.0527915152205893,0.09503631155561337,full,BG8,Original,0,BG8
1,0.02857142857142857,171.61465454101562,0.9942067265510559,True,True,304ad97f90d965d1f90c7a1583bda93a1e90d58a3b4ca6f9b0640850ed968126,0.470325780730408,0.4893903565778612,0.052799814481440555,0.09496929022498843,full,BG8,Original,0,BG8
2,0.05714285714285714,146.75489807128906,0.993232011795044,True,True,1b3e4f45067ad8e74a911f4014f32a2d6858664260ee5c43a1443be31212945c,0.4705133652669816,0.4896213270679639,0.052850942362208414,0.0950082774451788,full,BG8,Original,0,BG8
3,0.08571428571428572,125.0479965209961,0.992066502571106,True,True,c69cf992188dbc1c757f1e1bc8af84e6f5afb8f3e36cf393cef82bbf4707f526,0.47092982719744725,0.4900430380163724,0.05288757116397948,0.09508966372931872,full,BG8,Original,0,BG8
4,0.11428571428571428,106.1534194946289,0.9906675815582275,True,True,2b5bf522761caba34ac346142e105ab970cc3b8f7fff9c8d850e278ad7614852,0.47064659572804307,0.48972775506676025,0.05282782993576837,0.09503151103154976,full,BG8,Original,0,BG8
5,0.14285714285714285,89.76073455810547,0.9889820218086243,True,True,a81ed6105f7d4d16dfcb026149d365e12ff0f6fb39fb41f829618f8213f7fa82,0.47023876639027573,0.4893185760348086,0.052786628893717435,0.094946935875833,full,BG8,Original,0,BG8
6,0.17142857142857143,75.5875473022461,0.9869430661201477,True,True,41377bc2e3eded61c7aa17360fda247990a82ebcbb314a573419cacf3cb1d84f,0.4704070701589803,0.48950618132173773,0.05279121683201323,0.09498052088788307,full,BG8,Original,0,BG8
7,0.2,63.377559661865234,0.984466552734375,True,True,d54f88cbd5a79b6fb7b26790cd143d9712de045c3547924d683c9a902da746d2,0.47040623880076354,0.4894742497197018,0.05267949730063561,0.09497867537971862,full,BG8,Original,0,BG8
8,0.22857142857142856,52.89871597290039,0.9814466834068298,True,True,750de5d722cd1a1cba6a5afc6285e4ed56b4637afd1919c4eb20b8b06cd25fad,0.47140565971742066,0.4904911004734437,0.05277779131468858,0.09517352797436335,full,BG8,Original,0,BG8
9,0.2571428571428571,43.94145202636719,0.9777488112449646,True,True,1f00ff56bb984022e24250a969a730e9787eac92af02fb90dabaf537a31b6a06,0.4725887191469002,0.49176163651237864,0.05298563377332808,0.0954083585191792,full,BG8,Original,0,BG8
10,0.2857142857142857,36.31700897216797,0.9732025861740112,True,True,3ee36af89c87bf22b1a9ccdd539fd89cbed8980f0d0fa9faff7e1fbb06161ce1,0.4738250650856384,0.4930015533280532,0.05307856077375698,0.09565810760162231,full,BG8,Original,0,BG8
11,0.3142857142857143,29.8558406829834,0.9675912261009216,True,True,fc7f980d73bdee72083876c14f2753e1e21c398cc133122834c9b0a0b36ee999,0.4747486336980449,0.4939215825391853,0.05313270590750693,0.0958452369286031,full,BG8,Original,0,BG8
12,0.34285714285714286,24.406116485595703,0.9606394171714783,True,True,6191023357bb81118178272e9e8cddded26659b2d035a193884d5ff312b051d9,0.47638539987553047,0.495648452082726,0.05339074649549859,0.09617508263724345,full,BG8,Original,0,BG8
13,0.37142857142857144,19.832292556762695,0.9519975781440735,True,True,b9a86faaa14a11229bf9e7128b11e2f95abafcdbbd371cf072374d4ac7eb080b,0.4783315665599432,0.4977001857459485,0.053661501727966555,0.09656918794945976,full,BG8,Original,0,BG8
14,0.4,16.013765335083008,0.9412240386009216,True,True,ec347f8f4eb372e164e5139acfa88bf7fa10c2869b1d56f22d19299c7ef3f6f2,0.48113717254469845,0.5006930222109757,0.05406196480390318,0.09713711617017305,full,BG8,Original,0,BG8
15,0.42857142857142855,12.843597412109375,0.9277644157409668,True,True,58f2f3cca46f280ae2529e6b12b45c80613e52ee28226e314c5d9fa9397d2af9,0.4811549781816374,0.5009434879317002,0.054338265942824246,0.09714698845632468,full,BG8,Original,0,BG8
16,0.45714285714285713,10.227325439453125,0.9109315872192383,True,True,5192fa7b64aa164f1cc3a560e4ab17fccfbf8092c41e5ea697a4014890fe99c6,0.4562920154654244,0.4758850269670278,0.05308232764310639,0.09212815613583532,full,BG8,Original,0,BG8
17,0.4857142857142857,8.081831932067871,0.8898900747299194,True,True,b94fa3de2273dc1aaada3e8e2f5dac8d077dd892ba0c7f8ec7e6d5b4dc61e869,0.34340233151535476,0.36152158060982187,0.04514864809073544,0.06935826062124704,full,BG8,Original,0,BG8
18,0.5142857142857142,6.33429479598999,0.8636542558670044,True,True,ccad74ab34ce8eed3e6d8bfcd4f4c9cfb14510de9d0d001378fee203a1e6947c,0.30448910536765833,0.3224101413273339,0.042929264403757966,0.06155887541224649,full,BG8,Original,0,BG8
19,0.5428571428571428,4.921195983886719,0.831115186214447,True,True,5e8595eb57361fb3b151ef2d9272a6e7689bd043bcbee0872baf69c4cad28b20,0.27067846583716815,0.2880138800674309,0.04094297088729615,0.05481819816278183,full,BG8,Original,0,BG8
20,0.5714285714285714,3.7874016761779785,0.7911184430122375,True,True,d60f2df5a507c13e15e2181a7d8e5db83f1b916ddc6d18ac4abd270511d35a5a,0.24688163851311515,0.26379905532877884,0.03935598165387714,0.05005171270498509,full,BG8,Original,0,BG8
21,0.6,2.8853037357330322,0.7426198720932007,True,True,8703eba4afdda601cf2d0d8a7dd1779ff4b9277208280e537b6ec72fbb613579,0.22930307513425352,0.2453256171464853,0.036843849691218795,0.04653698644554906,full,BG8,Original,0,BG8
22,0.6285714285714286,2.174020290374756,0.6849421262741089,True,True,99005b9eb66ccad28399e90ee3de08d08171fa0dc31f9f57eb03cebde39c6fcb,0.22453935344575712,0.24042376284172945,0.03627407660279667,0.04556537631356545,full,BG8,Original,0,BG8
23,0.6571428571428571,1.6186565160751343,0.618124783039093,True,True,0ce74669fd783f0c75b725e500213b9eb666e5efb85b804ce0a20bd8a18e7f60,0.21890039288569704,0.23504743073717949,0.03633783875966858,0.04445456963032574,full,BG8,Original,0,BG8
24,0.6857142857142857,1.1896215677261353,0.5433000922203064,True,True,b60bb6ae2a93a3c50d0f56616a0b58b35e6593828d37eb640d51707ba87e78c7,0.2003404294272983,0.21653853440979365,0.035126328160104504,0.04078351982392502,full,BG8,Original,0,BG8
25,0.7142857142857143,0.8619995713233948,0.4629429578781128,True,True,0a800c1eea868e66994ac76885ef0049481081a974c864daea635172150c1cc0,0.17921393472896419,0.19478170181557278,0.032671360984783286,0.03656291110219934,full,BG8,Original,0,BG8
26,0.7428571428571429,0.6149717569351196,0.38079413771629333,True,True,509af6c9da14a687ffc87490601cf8dfdd6acca235e2f4aa3285bac2123956a7,0.16426677358622005,0.17866131663444526,0.029844464121762317,0.033543117014775976,full,BG8,Original,0,BG8
27,0.7714285714285715,0.43128928542137146,0.30132922530174255,True,True,1e2fa18b5fc699a0cf219126050cb6249c9698264bf0d9fc76d6a5fd814c2ea3,0.15377008217825153,0.16802511861742256,0.028512034275428786,0.03143902284502965,full,BG8,Original,0,BG8
28,0.8,0.29679277539253235,0.22886677086353302,True,True,3d54577b2a5a0e67ec3493b36f9a31506e34912d089166933831f791e930cbaf,0.1501714067026131,0.16522053434493494,0.02884401035547523,0.030761270769828188,full,BG8,Original,0,BG8
29,0.8285714285714286,0.19997714459896088,0.16665078699588776,True,True,e9ea8589b952d3361103280c255687cd245912643f04aa1a276369585177e4d8,0.15129569624560316,0.16756924587088792,0.030015510021643727,0.031026696203187036,full,BG8,Original,0,BG8
30,0.8571428571428571,0.1315995454788208,0.11629515886306763,True,True,cf41742b42ad31e24a732c6ca279bb719734de31f8755d9a69622d41f421b008,0.1520298107996056,0.1697325405449908,0.03147146712752162,0.031245900993689745,full,BG8,Original,0,BG8
31,0.8857142857142857,0.0843278095126152,0.07776966691017151,True,True,f484faa65d181c8b6ec71ea89529d411701303ed9fca173288b4eb8bb72915ea,0.15152829532639597,0.1700784959739178,0.032338369254775214,0.031228934278470056,full,BG8,Original,0,BG8
32,0.9142857142857143,0.0524274967610836,0.04981577768921852,True,True,0ed0103aac283d8bdb99c0f34469223336ac343126b9f3af745f3036476c0d2b,0.14396577528398502,0.16234704760654892,0.0317538901791076,0.029758655908546223,full,BG8,Original,0,BG8
33,0.9428571428571428,0.03148509934544563,0.03052404709160328,True,True,35fbf5230123616a161d2acab10886456056406c671543c5ac90ca0c54c561a4,0.13214275450027538,0.14895081126430385,0.029064540170978415,0.027372092061346654,full,BG8,Original,0,BG8
34,0.9714285714285714,0.018165308982133865,0.017841216176748276,True,True,05441368b1408ef3c6b8e2389c4d7f6c62bb01198c32553cfd4f010acff77621,0.12065936097668854,0.1360482334055859,0.02659349610742389,0.025029124185288198,full,BG8,Original,0,BG8
35,1.0,0.009999999776482582,0.009900989942252636,True,True,656009e1b5557008e4bca912d38bcc9c8fdaf8bb8bd4bcf0161bec74aeacb19c,0.11240500952825376,0.12662173151840767,0.02457417096695958,0.023348549991229563,full,BG8,Original,0,BG8
0,0.0,200.0,0.9950248599052429,False,True,576d0d3a30f3617b0fd9e24a26d20e665da4c28ddd09ab338c552f716abab1fc,0.0,,,0.0,late,BG8,Original,0,BG8
1,0.02857142857142857,171.61465454101562,0.9942067265510559,False,True,6150a9a956dd2df7cd311a08c980d5b3bb9608d21b6fe4b8d4fcca7ac0e1c316,0.0,,,0.0,late,BG8,Original,0,BG8
2,0.05714285714285714,146.75489807128906,0.993232011795044,False,True,368cc0d907d91d580b05d431b1ce72de8e9ef14e06239852879cbf957a9a22ac,0.0,,,0.0,late,BG8,Original,0,BG8
3,0.08571428571428572,125.0479965209961,0.992066502571106,False,True,c95f88dd5d5bd8364c20f1869705b8edb697a5dee72a2b8fb500da3591da650a,0.0,,,0.0,late,BG8,Original,0,BG8
4,0.11428571428571428,106.1534194946289,0.9906675815582275,False,True,e3a54fa3139cc076be654ac1078508d539ed15118e8341df2eb24918f801658b,0.0,,,0.0,late,BG8,Original,0,BG8
5,0.14285714285714285,89.76073455810547,0.9889820218086243,False,True,256e1055e646bfc361c5242077b603a5dbea30c10883aea98190591b25a7c51c,0.0,,,0.0,late,BG8,Original,0,BG8
6,0.17142857142857143,75.5875473022461,0.9869430661201477,False,True,3fc33572b8146fc983d67c203cb90f9e1612d0e257a40d564a805f5b37932a59,0.0,,,0.0,late,BG8,Original,0,BG8
7,0.2,63.377559661865234,0.984466552734375,False,True,8ae0d2e5a94d60ebe056c38931bce94c62eacc6d9ae657c0c5a677ac480182a7,0.0,,,0.0,late,BG8,Original,0,BG8
8,0.22857142857142856,52.89871597290039,0.9814466834068298,False,True,03aca486c06e0397378b7e2d6b57cedf62dcf5eadf0aad0dd33df698df89a7c1,0.0,,,0.0,late,BG8,Original,0,BG8
9,0.2571428571428571,43.94145202636719,0.9777488112449646,False,True,b0df2b4a5da664036a665bb6d73085bc5f8801b78b68542bf06e9f5d2570f822,0.0,,,0.0,late,BG8,Original,0,BG8
10,0.2857142857142857,36.31700897216797,0.9732025861740112,False,True,2e0e15dac01e80e824fe296a2e3ca845b26e46139c61d434e5c2da83addba46f,0.0,,,0.0,late,BG8,Original,0,BG8
11,0.3142857142857143,29.8558406829834,0.9675912261009216,False,True,9fe966a5ed5c6d1d4fd11a046509620bc3dd45b8a3d1ea5c8fbd16db888d5b31,0.0,,,0.0,late,BG8,Original,0,BG8
12,0.34285714285714286,24.406116485595703,0.9606394171714783,False,True,e278ddb7248491679d1bb8a901d98dd5ee596e2be0594c64fa157dd0827a7716,0.0,,,0.0,late,BG8,Original,0,BG8
13,0.37142857142857144,19.832292556762695,0.9519975781440735,False,True,80d4550148bd5742b1342a66bc7e5c23a7c9fd4e765d85fcad7efc1b18be37d1,0.0,,,0.0,late,BG8,Original,0,BG8
14,0.4,16.013765335083008,0.9412240386009216,False,True,d3906854469bc8288c18515e6d7bec619e9983159fa3288603d82129c360a427,0.0,,,0.0,late,BG8,Original,0,BG8
15,0.42857142857142855,12.843597412109375,0.9277644157409668,False,True,257475437d29b4d40e66e0108b984d9b325169483b58efa07fa90a7c38ee843a,0.0,,,0.0,late,BG8,Original,0,BG8
16,0.45714285714285713,10.227325439453125,0.9109315872192383,False,True,8c8b0ef952eb5e341b3ae2d6d49f0b660e33179d22da71c992a2b0e9a2796132,0.0,,,0.0,late,BG8,Original,0,BG8
17,0.4857142857142857,8.081831932067871,0.8898900747299194,False,True,f248bc8de0702764a4ea29b30c87caf3af7cfa0e69133e1b860108801ff620c8,0.0,,,0.0,late,BG8,Original,0,BG8
18,0.5142857142857142,6.33429479598999,0.8636542558670044,False,True,ab8eb093bc66e35d0cdf71b124346a5649629a346a42d947dc23b9d26919463c,0.0,,,0.0,late,BG8,Original,0,BG8
19,0.5428571428571428,4.921195983886719,0.831115186214447,False,True,e6f52f55649ba3d5b3cdbae8159f9167b6e04957e01b61bc2639ed0c1924fcda,0.0,,,0.0,late,BG8,Original,0,BG8
20,0.5714285714285714,3.7874016761779785,0.7911184430122375,False,True,80b4ffed9be46f92be38f79dca570dc00dc4b3af56be76aa7180f0256b89c916,0.0,,,0.0,late,BG8,Original,0,BG8
21,0.6,2.8853037357330322,0.7426198720932007,False,True,b0bbe86fdd463bbd8aed52195d1286dcf9ecd8040fa04f71d4cf1d7ffb928083,0.0,,,0.0,late,BG8,Original,0,BG8
22,0.6285714285714286,2.174020290374756,0.6849421262741089,False,True,e947a64a03a635ec8a618fbd1b8d20c86d61d2e0e7fa0408f44629a684e790d7,0.0,,,0.0,late,BG8,Original,0,BG8
23,0.6571428571428571,1.6186565160751343,0.618124783039093,False,True,ba5c9aff8499b51e63df7ff7b33fe90bae557b5d3a00f688919cd70abbacc60c,0.0,,,0.0,late,BG8,Original,0,BG8
24,0.6857142857142857,1.1896215677261353,0.5433000922203064,True,True,1df7e6ee5d4663d6556a586189bac4796e32ede2e2cb7f9aff5e36266b02dba5,0.2622127752652132,0.27523394254857714,0.03540790313537959,0.05314324170789176,late,BG8,Original,0,BG8
25,0.7142857142857143,0.8619995713233948,0.4629429578781128,True,True,9b45fbd64d33eafc272c67797386f7db4556d81726a1bf5b454e4961d757d644,0.22355134203417545,0.23751538342446005,0.034139818085919184,0.04538462701197609,late,BG8,Original,0,BG8
26,0.7428571428571429,0.6149717569351196,0.38079413771629333,True,True,86fddef09a7d8507f64b90922c64d7f381508222046d78b5e7b9288b44b851fc,0.19998402934383763,0.2129801158099755,0.03093462855091455,0.04062990520732192,late,BG8,Original,0,BG8
27,0.7714285714285715,0.43128928542137146,0.30132922530174255,True,True,52291cec80dcc82b980b0c8ab61aedb6231f2cb264ffac31acdd9210a24aec4b,0.18220658029451056,0.1949439015225334,0.029159167862757757,0.03708815311106188,late,BG8,Original,0,BG8
28,0.8,0.29679277539253235,0.22886677086353302,True,True,860e02b598783da280ca5d4a7cd7934c937e96d3ba0bbb8968f34843b3756640,0.1673344841925359,0.1805298912939705,0.028365582526868136,0.03416299819255218,late,BG8,Original,0,BG8
29,0.8285714285714286,0.19997714459896088,0.16665078699588776,True,True,20096bc5faebc21096560dcc31a69f855413981f481c81fc38f72f3d2e32debc,0.1598270374593669,0.17414559152093115,0.028768981775447507,0.03272724914347402,late,BG8,Original,0,BG8
30,0.8571428571428571,0.1315995454788208,0.11629515886306763,True,True,28960b64ff17c2dea82a1aca0a617351bebe5487313fc262e04d2864dc36b74c,0.1567784617346702,0.1723411881765726,0.029713544462002375,0.0321884526574174,late,BG8,Original,0,BG8
31,0.8857142857142857,0.0843278095126152,0.07776966691017151,True,True,79a865e643e350fcbd1459df3a20dce9d1a016a7a16121ac60ff5815f517c056,0.15475658469981143,0.17123223093511536,0.03063427863627175,0.03185929255706667,late,BG8,Original,0,BG8
32,0.9142857142857143,0.0524274967610836,0.04981577768921852,True,True,aa653810eeb962fce019e5076d2d24e771db54124dc6e3494c0b7891b2f10d96,0.14537533204984265,0.16172271503468746,0.02981393488870505,0.02998716171455319,late,BG8,Original,0,BG8
33,0.9428571428571428,0.03148509934544563,0.03052404709160328,True,True,2bec9c5f3a6811f49a857d36ec0fd16ec8497bbfeaa0c529c697d04813f769e5,0.13252892672603783,0.14780976474265253,0.02753687392599621,0.027398183005947093,late,BG8,Original,0,BG8
34,0.9714285714285714,0.018165308982133865,0.017841216176748276,True,True,49c91799144ea972972e68e810494e9f0cc7323f703b75defa456a79430adfb2,0.12001254894136197,0.1340338881147135,0.025088825387930752,0.024844157575449225,late,BG8,Original,0,BG8
35,1.0,0.009999999776482582,0.009900989942252636,True,True,478c1acbedfdeee14a8d82255fe65643d925c8185b897b3754f7e4efe482abf4,0.1124602362597432,0.12557077837483943,0.023504209026773453,0.02327285031312864,late,BG8,Original,0,BG8
