grouping,contrast,metric,n,n_tasks,mean,median,ci_low,ci_high,median_ci_low,median_ci_high
pooled,early-background_early,Recovery_difference_pp,269,6,5.286281580139958,4.913172953431893,1.523133699189398,9.61011911320955,1.3465901408026617,8.892178354595238
pooled,early-background_early,DeltaD_difference_px,269,6,0.07765731223786188,0.008862584829330444,0.008974353168849591,0.1816035843408956,0.0012121796607971191,0.0573306679725647
pooled,early-late,Recovery_difference_pp,269,6,4.893256331932108,4.380090408937476,-0.30229420327465567,9.721238261496117,1.9909458856564974,5.741229888679501
pooled,early-late,DeltaD_difference_px,269,6,0.07333153592886535,0.012811124324798584,0.008053021764520694,0.1821922095042517,0.003673098096624017,0.036704063415527344
pooled,full-background_full,Recovery_difference_pp,268,6,8.288379816039013,19.048204157037723,-7.650550557195545,19.797608809676365,3.275353794415592,32.890200787144686
pooled,full-background_full,DeltaD_difference_px,268,6,0.26033359540125994,0.03836677595973015,0.04243893683370617,0.592720329105346,0.005283113569021225,0.1346986061893402
pooled,full-early,Recovery_difference_pp,269,6,1.0068436218434245,13.063740252279324,-12.699233776611324,11.574731580497188,0.4967783806260293,31.462696080584827
pooled,full-early,DeltaD_difference_px,269,6,0.1882104293744471,0.0313035249710083,0.030968496679431863,0.40574162864311136,0.000413358211517334,0.11667513102293015
pooled,full-late,Recovery_difference_pp,269,6,5.900099953775531,13.990324600596942,-7.7584635072871455,17.357566825135965,-0.39153188047430554,30.483610039541254
pooled,full-late,DeltaD_difference_px,269,6,0.2615419653033125,0.027199000120162964,0.042318125717617845,0.5872646749563767,-0.0007849112153053284,0.14537796191871155
pooled,full-middle,Recovery_difference_pp,269,6,-4.714689503029775,4.102097511363482,-11.396221424526592,0.5946514110421119,-3.0163589164474294,6.990397650374703
pooled,full-middle,DeltaD_difference_px,269,6,0.08832381473902655,0.008801847696304321,-0.004936921720703443,0.2455833928959535,-0.0071837157011032104,0.04250580072402954
pooled,middle-early,Recovery_difference_pp,269,6,5.7215331248732,9.07314535827907,-3.673656614472041,15.541629758104248,2.5703409379093003,25.094734362837844
pooled,middle-early,DeltaD_difference_px,269,6,0.09988661463542055,0.023638978600502014,0.034487707650771846,0.16501669055269114,0.004521884024143219,0.07049152255058289
pooled,middle-late,Recovery_difference_pp,269,6,10.614789456805305,14.260254609876284,-0.9228786056801755,21.546058663094975,6.579759359075036,31.31373085960252
pooled,middle-late,DeltaD_difference_px,269,6,0.1732181505642859,0.03273473680019379,0.04129816862840757,0.34393391676861024,0.006952395942062139,0.09276734292507172
Original,early-background_early,Recovery_difference_pp,44,1,7.697962781322207,5.81844129845525,,,,
Original,early-background_early,DeltaD_difference_px,44,1,0.3289650390771302,0.1403714418411255,,,,
Original,early-late,Recovery_difference_pp,44,1,6.520679905447491,4.186098651590195,,,,
Original,early-late,DeltaD_difference_px,44,1,0.342979384586215,0.1062917709350586,,,,
Original,full-background_full,Recovery_difference_pp,43,1,10.565315657511174,14.956399371700856,,,,
Original,full-background_full,DeltaD_difference_px,43,1,1.0848998115506283,0.4511253833770752,,,,
Original,full-early,Recovery_difference_pp,44,1,-0.986859613382416,8.942737661362548,,,,
Original,full-early,DeltaD_difference_px,44,1,0.7088270595466549,0.24099516868591309,,,,
Original,full-late,Recovery_difference_pp,44,1,5.533820292065072,14.013500797426055,,,,
Original,full-late,DeltaD_difference_px,44,1,1.0518064441328698,0.4143754243850708,,,,
Original,full-middle,Recovery_difference_pp,44,1,4.620150679223092,6.118245039237064,,,,
Original,full-middle,DeltaD_difference_px,44,1,0.47523316283794964,0.15466344356536865,,,,
Original,middle-early,Recovery_difference_pp,44,1,-5.607010292605508,3.666535126528042,,,,
Original,middle-early,DeltaD_difference_px,44,1,0.2335938967087052,0.0807533860206604,,,,
Original,middle-late,Recovery_difference_pp,44,1,0.913669612841982,7.477847146823433,,,,
Original,middle-late,DeltaD_difference_px,44,1,0.5765732812949202,0.19461572170257568,,,,
T01,early-background_early,Recovery_difference_pp,45,1,-0.4512426667955403,-0.9508857869580831,,,,
T01,early-background_early,DeltaD_difference_px,45,1,-0.0009628824889659881,-0.0012646950781345367,,,,
T01,early-late,Recovery_difference_pp,45,1,-6.025804078371506,-8.244654006174454,,,,
T01,early-late,DeltaD_difference_px,45,1,-0.008799763065245417,-0.007609125226736069,,,,
T01,full-background_full,Recovery_difference_pp,45,1,4.056815861176691,0.9599037171750027,,,,
T01,full-background_full,DeltaD_difference_px,45,1,0.010439533533321487,0.003151834011077881,,,,
T01,full-early,Recovery_difference_pp,45,1,-0.8817184251874307,1.1038064202719848,,,,
T01,full-early,DeltaD_difference_px,45,1,0.004287279024720192,0.001129746437072754,,,,
T01,full-late,Recovery_difference_pp,45,1,-6.907522503558937,-6.16635288356327,,,,
T01,full-late,DeltaD_difference_px,45,1,-0.0045124840405252244,-0.004599373787641525,,,,
T01,full-middle,Recovery_difference_pp,45,1,1.4011706261853254,2.232928200180229,,,,
T01,full-middle,DeltaD_difference_px,45,1,0.004626123400198088,0.0012682229280471802,,,,
T01,middle-early,Recovery_difference_pp,45,1,-2.2828890513727567,-0.7439904053932656,,,,
T01,middle-early,DeltaD_difference_px,45,1,-0.0003388443754778968,-0.0008548647165298462,,,,
T01,middle-late,Recovery_difference_pp,45,1,-8.308693129744261,-7.117443526118414,,,,
T01,middle-late,DeltaD_difference_px,45,1,-0.009138607440723314,-0.009421557188034058,,,,
T02,early-background_early,Recovery_difference_pp,45,1,5.629028727498318,5.830495389446648,,,,
T02,early-background_early,DeltaD_difference_px,45,1,0.03097584719459216,0.008397907018661499,,,,
T02,early-late,Recovery_difference_pp,45,1,5.170252018396079,4.76928927482975,,,,
T02,early-late,DeltaD_difference_px,45,1,0.022790459129545422,0.009188622236251831,,,,
T02,full-background_full,Recovery_difference_pp,45,1,28.07884993036831,34.582318071046174,,,,
T02,full-background_full,DeltaD_difference_px,45,1,0.17406810000538825,0.055217012763023376,,,,
T02,full-early,Recovery_difference_pp,45,1,11.944124147774694,24.190452679076635,,,,
T02,full-early,DeltaD_difference_px,45,1,0.129967758556207,0.04242391139268875,,,,
T02,full-late,Recovery_difference_pp,45,1,17.114376166170768,26.09639989955631,,,,
T02,full-late,DeltaD_difference_px,45,1,0.15275821768575246,0.049395181238651276,,,,
T02,full-middle,Recovery_difference_pp,45,1,-2.3006628459472984,6.408978619240067,,,,
T02,full-middle,DeltaD_difference_px,45,1,0.02838869732287195,0.008484907448291779,,,,
T02,middle-early,Recovery_difference_pp,45,1,14.244786993721988,14.552716796853183,,,,
T02,middle-early,DeltaD_difference_px,45,1,0.10157906123333507,0.03489595651626587,,,,
T02,middle-late,Recovery_difference_pp,45,1,19.415039012118072,20.484825802693546,,,,
T02,middle-late,DeltaD_difference_px,45,1,0.1243695203628805,0.03964962810277939,,,,
T03,early-background_early,Recovery_difference_pp,45,1,3.1560319134579182,4.4018338290146435,,,,
T03,early-background_early,DeltaD_difference_px,45,1,0.020096515615781147,0.0067664459347724915,,,,
T03,early-late,Recovery_difference_pp,45,1,13.835986357541337,8.123152469086032,,,,
T03,early-late,DeltaD_difference_px,45,1,0.024923582623402277,0.017599940299987793,,,,
T03,full-background_full,Recovery_difference_pp,45,1,12.801660766905682,20.804961456940646,,,,
T03,full-background_full,DeltaD_difference_px,45,1,0.1528222556743357,0.04018960893154144,,,,
T03,full-early,Recovery_difference_pp,45,1,4.178642089279103,15.368500525394591,,,,
T03,full-early,DeltaD_difference_px,45,1,0.11545751334892379,0.021935049444437027,,,,
T03,full-late,Recovery_difference_pp,45,1,18.01462844682044,18.744453498595544,,,,
T03,full-late,DeltaD_difference_px,45,1,0.14038109597232606,0.02847541868686676,,,,
T03,full-middle,Recovery_difference_pp,45,1,-9.89498472363564,0.4824483134529558,,,,
T03,full-middle,DeltaD_difference_px,45,1,0.008754951175716189,0.0011015534400939941,,,,
T03,middle-early,Recovery_difference_pp,45,1,14.073626812914739,20.34615479338228,,,,
T03,middle-early,DeltaD_difference_px,45,1,0.1067025621732076,0.026566818356513977,,,,
T03,middle-late,Recovery_difference_pp,45,1,27.909613170456076,32.25047916159696,,,,
T03,middle-late,DeltaD_difference_px,45,1,0.1316261447966099,0.030096739530563354,,,,
T04,early-background_early,Recovery_difference_pp,45,1,1.4660722776002273,1.582716403420856,,,,
T04,early-background_early,DeltaD_difference_px,45,1,0.005662403669622209,0.003847777843475342,,,,
T04,early-late,Recovery_difference_pp,45,1,6.92488173947311,5.059027972353768,,,,
T04,early-late,DeltaD_difference_px,45,1,0.01722303724123372,0.006951123476028442,,,,
T04,full-background_full,Recovery_difference_pp,45,1,-25.187813579387107,-14.414219761369452,,,,
T04,full-background_full,DeltaD_difference_px,45,1,-0.027565422736936147,-0.020754054188728333,,,,
T04,full-early,Recovery_difference_pp,45,1,-27.890322804346244,-16.911322403232166,,,,
T04,full-early,DeltaD_difference_px,45,1,-0.02613727202018102,-0.02864651381969452,,,,
T04,full-late,Recovery_difference_pp,45,1,-20.965441064873136,-11.451723600192919,,,,
T04,full-late,DeltaD_difference_px,45,1,-0.0089142347789473,-0.018517903983592987,,,,
T04,full-middle,Recovery_difference_pp,45,1,-18.1871329359696,-11.72048340691266,,,,
T04,full-middle,DeltaD_difference_px,45,1,-0.028191839738024606,-0.030214764177799225,,,,
T04,middle-early,Recovery_difference_pp,45,1,-9.703189868376642,-8.769959028090552,,,,
T04,middle-early,DeltaD_difference_px,45,1,0.0020545677178435856,-0.011097922921180725,,,,
T04,middle-late,Recovery_difference_pp,45,1,-2.7783081289035336,9.077607503456266,,,,
T04,middle-late,DeltaD_difference_px,45,1,0.019277604959077304,0.015793919563293457,,,,
T05,early-background_early,Recovery_difference_pp,45,1,14.273429363338453,15.56349491659213,,,,
T05,early-background_early,DeltaD_difference_px,45,1,0.08679156651099523,0.0446358323097229,,,,
T05,early-late,Recovery_difference_pp,45,1,2.9697070174064764,2.1398291721057987,,,,
T05,early-late,DeltaD_difference_px,45,1,0.04686468947264883,0.008180350065231323,,,,
T05,full-background_full,Recovery_difference_pp,45,1,19.51664740816921,40.121202400172585,,,,
T05,full-background_full,DeltaD_difference_px,45,1,0.20398468176523846,0.08585835993289948,,,,
T05,full-early,Recovery_difference_pp,45,1,19.632891820584497,43.547518621607026,,,,
T05,full-early,DeltaD_difference_px,45,1,0.20842949623862903,0.09549444168806076,,,,
T05,full-late,Recovery_difference_pp,45,1,22.60259883799097,50.99447529142745,,,,
T05,full-late,DeltaD_difference_px,45,1,0.2552941857112779,0.10566384345293045,,,,
T05,full-middle,Recovery_difference_pp,45,1,-3.7192369250955783,10.206524542377934,,,,
T05,full-middle,DeltaD_difference_px,45,1,0.04972977894875738,0.015968628227710724,,,,
T05,middle-early,Recovery_difference_pp,45,1,23.352128745680073,34.40377341677964,,,,
T05,middle-early,DeltaD_difference_px,45,1,0.15869971728987164,0.09341788291931152,,,,
T05,middle-late,Recovery_difference_pp,45,1,26.321835763086543,36.94923305640158,,,,
T05,middle-late,DeltaD_difference_px,45,1,0.20556440676252047,0.09732869267463684,,,,
