cohort,grouping,condition,metric,n,n_tasks,mean,median,ci_low,ci_high,median_ci_low,median_ci_high
condition_valid,pooled,background_early,Recovery_pct,270,6,-0.17879036926458924,0.07344896388319654,-0.7247101693362261,0.35809081477009896,-0.1844949046430119,0.30215989158190704
condition_valid,pooled,background_early,DeltaD_px,270,6,-0.0009629256126505358,0.0003630928695201874,-0.002552044032900422,0.00040417556150781865,-0.0006010755896568298,0.0008942596614360809
condition_valid,pooled,background_early,D_BG_px,270,6,1.463529528822336,0.19648952037096024,0.24339875964516844,3.741473471037871,0.12920014299452304,0.5678273223340508
condition_valid,pooled,background_early,ADE_BG0_px,270,6,1.4644924544349864,0.1998237669467926,0.24316939201067994,3.743441537142283,0.13233187794685364,0.6001488566398621
condition_valid,pooled,background_early,FDE_BG0_px,270,6,3.4537614290085106,0.3399737477302551,0.4676328662817401,8.998583596936099,0.19232547283172607,1.3143812417984009
condition_valid,pooled,background_early,ADE_GT_px,270,6,2.294110351578885,1.0186158139857089,0.7405403024520566,4.979429491934046,0.6096731149045166,2.173579567988707
condition_valid,pooled,background_early,FDE_GT_px,270,6,5.139437746437213,2.028985766275998,1.3583065851605916,11.993688781058216,0.8174503115920291,5.141242873389627
condition_valid,pooled,background_early,GT_improvement_px,270,6,-0.00028978854391998574,0.00041713466045765536,-0.0022146650162866584,0.0011862567764978527,-0.00042589421630854097,0.0012894122604800158
condition_valid,pooled,background_early,Remaining_pct,270,6,100.17878364056547,99.92655090792893,99.64190085304413,100.72470534325123,99.69783906681013,100.18449464035407
condition_valid,pooled,background_early,mean_active_FlowCorrection,270,6,1.8650578430949252e-07,1.3400634823560836e-07,1.307494261655726e-07,2.455929795999768e-07,1.0420547120563542e-07,1.8252543105649424e-07
condition_valid,pooled,background_full,Recovery_pct,268,6,-2.1390979913724952,0.1605494253418262,-7.017819263790246,5.1837834818138075,-3.331262732926106,8.300824344250167
condition_valid,pooled,background_full,DeltaD_px,268,6,0.008805588409026613,0.0010530315339565277,-0.012040438047713703,0.042722627746632165,-0.007397949695587158,0.016323447227478027
condition_valid,pooled,background_full,D_BG_px,268,6,1.2851198879209584,0.19155775755643845,0.24339875964516844,3.2499064724340285,0.12920014299452304,0.5500167749822139
condition_valid,pooled,background_full,ADE_BG0_px,268,6,1.2763142995119316,0.18924155086278915,0.2406139994278136,3.2435954868172607,0.13740763068199158,0.5324818789958954
condition_valid,pooled,background_full,FDE_BG0_px,268,6,2.9769524728128713,0.3630029857158661,0.46016172159601143,7.71537688407239,0.20933252573013306,1.1948118478059764
condition_valid,pooled,background_full,ADE_GT_px,268,6,2.1215193096329097,1.0242248870734585,0.7597720692059556,4.4853135580008106,0.6258944635293759,2.2286881361019066
condition_valid,pooled,background_full,FDE_GT_px,268,6,4.6573531501768395,2.0187312745499906,1.3688868922732715,10.693292696746603,0.8257000234904469,4.937783616341939
condition_valid,pooled,background_full,GT_improvement_px,268,6,-0.011972872240899168,-0.004413765053083833,-0.021875843945701356,-0.0006764309476090189,-0.012662648461182209,0.0036039598443376396
condition_valid,pooled,background_full,Remaining_pct,268,6,102.13909121275336,99.83945045316922,94.81621097420927,107.0178096717178,91.69916671281655,103.33126143419624
condition_valid,pooled,background_full,mean_active_FlowCorrection,270,6,1.6902838971232385e-07,1.256665039466803e-07,1.2818368696474732e-07,2.181956739880532e-07,1.0476996586035921e-07,1.749322360485491e-07
condition_valid,pooled,baseline,Recovery_pct,270,6,0.0,0.0,0.0,0.0,0.0,0.0
condition_valid,pooled,baseline,DeltaD_px,270,6,0.0,0.0,0.0,0.0,0.0,0.0
condition_valid,pooled,baseline,D_BG_px,270,6,1.463529528822336,0.19648952037096024,0.24339875964516844,3.741473471037871,0.12920014299452304,0.5678273223340508
condition_valid,pooled,baseline,ADE_BG0_px,270,6,1.463529528822336,0.19648952037096024,0.24339875964516844,3.741473471037871,0.12920014299452304,0.5678273223340508
condition_valid,pooled,baseline,FDE_BG0_px,270,6,3.4534982195537953,0.34232358634471893,0.46825341578848934,8.9992060362063,0.1833588108420372,1.3097134828567505
condition_valid,pooled,baseline,ADE_GT_px,270,6,2.293820563034965,1.0184319616513133,0.7409037143076527,4.977575710067208,0.6090036963998453,2.150220856977409
condition_valid,pooled,baseline,FDE_GT_px,270,6,5.142088280242653,2.0265314268977574,1.3587740415167373,11.99752166290353,0.8175589040063135,5.132408446229004
condition_valid,pooled,baseline,GT_improvement_px,270,6,0.0,0.0,0.0,0.0,0.0,0.0
condition_valid,pooled,baseline,Remaining_pct,270,6,99.99999327130087,99.99999491018582,99.99999095378166,99.99999593692138,99.99999225892496,99.99999823769721
condition_valid,pooled,baseline,mean_active_FlowCorrection,0,,,,,,,
condition_valid,pooled,early,Recovery_pct,269,6,5.105862479385559,4.99957434050687,1.3336037478330127,9.521020870097637,1.5466010908294403,8.320685365789924
condition_valid,pooled,early,DeltaD_px,269,6,0.07644636145893305,0.010410584509372711,0.009203720803338068,0.17828607020641535,0.0018953723832964898,0.05381631851196289
condition_valid,pooled,early,D_BG_px,269,6,1.3747128043046781,0.19457247853279114,0.24339875964516844,3.4986222917902934,0.12920014299452304,0.5526313185691833
condition_valid,pooled,early,ADE_BG0_px,269,6,1.298266442845745,0.18411611020565033,0.23193109735018677,3.3217547998278776,0.131326824426651,0.5109809175133697
condition_valid,pooled,early,FDE_BG0_px,269,6,3.0665791414047985,0.31403589248657227,0.4333986728141705,8.006509415261196,0.18175998330116272,1.1329059600830078
condition_valid,pooled,early,ADE_GT_px,269,6,2.138411995029877,1.0028787413709133,0.7355704401443027,4.561316830670607,0.6106916415135056,2.1298767561548675
condition_valid,pooled,early,FDE_GT_px,269,6,4.7593549159268385,1.954836345322765,1.332633543186398,10.990232847753088,0.8193326614760762,5.009101665036614
condition_valid,pooled,early,GT_improvement_px,269,6,0.0633736182554719,0.004057579519269185,0.006975336664051636,0.16600011336089243,0.0009065402853222798,0.03654716050041871
condition_valid,pooled,early,Remaining_pct,269,6,94.89413076704818,95.00042434452476,90.4789735892367,98.6663874976999,91.67931066800189,98.45338896050778
condition_valid,pooled,early,mean_active_FlowCorrection,270,6,0.7819815964718315,0.7718573084973135,0.7557334029873469,0.8164659595998817,0.746700281605071,0.8152006665434793
condition_valid,pooled,full,Recovery_pct,270,6,6.083612974510423,18.45672449954283,-11.181435272133125,20.52919175847617,3.856995237127632,37.999897268405796
condition_valid,pooled,full,DeltaD_px,270,6,0.26204028729763296,0.04029889032244682,0.03967238750170778,0.5717248348174272,0.002190634608268738,0.15552155673503876
condition_valid,pooled,full,D_BG_px,270,6,1.463529528822336,0.19648952037096024,0.24339875964516844,3.741473471037871,0.12920014299452304,0.5678273223340508
condition_valid,pooled,full,ADE_BG0_px,270,6,1.201489241524703,0.167343370616436,0.1852421018808942,3.1688768704594286,0.11714683473110199,0.5302924647927282
condition_valid,pooled,full,FDE_BG0_px,270,6,2.834435670065728,0.27062058448791504,0.3095154914349593,7.628420286751525,0.17900002002716064,1.1298462748527527
condition_valid,pooled,full,ADE_GT_px,270,6,2.0817002772512843,0.9771770981120944,0.6981336132046113,4.427084856040967,0.6255453540836706,2.2671167920632005
condition_valid,pooled,full,FDE_GT_px,270,6,4.5821589419522235,1.8318039279456793,1.2044673679021403,10.670881485907422,0.7721224260451311,4.9651539299424625
condition_valid,pooled,full,GT_improvement_px,270,6,0.21172907026215912,0.021795464229247725,0.02834842747579164,0.5315161938074308,-0.005427518086961998,0.11883116748040164
condition_valid,pooled,full,Remaining_pct,270,6,93.91638029679045,81.54327056396261,79.47080271690537,111.1814270584796,62.00010025249484,96.14298715612397
condition_valid,pooled,full,mean_active_FlowCorrection,270,6,0.7693417186201005,0.7677165823500474,0.7456887569656566,0.7937973409676922,0.7408875424404467,0.7884129822330956
condition_valid,pooled,late,Recovery_pct,270,6,0.2030379743933302,1.65250744443384,-5.738762414549678,5.712207809828538,-0.41382314406279674,7.334090322935605
condition_valid,pooled,late,DeltaD_px,270,6,0.0008769117226755177,0.007551997900009155,-0.014997537468594533,0.01815262725300811,-0.0011120028793811798,0.019209012389183044
condition_valid,pooled,late,D_BG_px,270,6,1.463529528822336,0.19648952037096024,0.24339875964516844,3.741473471037871,0.12920014299452304,0.5678273223340508
condition_valid,pooled,late,ADE_BG0_px,270,6,1.4626526170996603,0.20083679258823395,0.2422539909178805,3.7510716801785207,0.13398293405771255,0.568141520023346
condition_valid,pooled,late,FDE_BG0_px,270,6,3.4401521808950712,0.3268781304359436,0.45443936043453437,8.99577263114353,0.20102745294570923,1.3001710176467896
condition_valid,pooled,late,ADE_GT_px,270,6,2.2997758008232783,1.0187428119432294,0.739756880227387,4.995068413306395,0.611995432022614,2.1672977622412115
condition_valid,pooled,late,FDE_GT_px,270,6,5.126465231996404,1.98538190932384,1.349799971824136,11.988487827609699,0.8145211759816023,5.122624285713611
condition_valid,pooled,late,GT_improvement_px,270,6,-0.006396301040408187,0.0002085619572349085,-0.01884212783421105,0.003467150717736171,-0.006682031379989445,0.003426143844461481
condition_valid,pooled,late,Remaining_pct,270,6,99.79695529690756,98.34749090317916,94.28778557778391,105.73875408236391,92.66590020051368,100.41381871908938
condition_valid,pooled,late,mean_active_FlowCorrection,270,6,0.7669428632230053,0.7700276283491536,0.7432176133703102,0.789832168455745,0.7332284746699727,0.7968270320745272
condition_valid,pooled,middle,Recovery_pct,270,6,10.79276603793408,13.20522694890233,-1.8868075491731116,24.911734667555372,3.018037484488693,36.30952226708889
condition_valid,pooled,middle,DeltaD_px,270,6,0.17706730345746985,0.02849705144762993,0.0440903304696635,0.33924495306003977,0.0034567415714263916,0.11103230677545066
condition_valid,pooled,middle,D_BG_px,270,6,1.463529528822336,0.19648952037096024,0.24339875964516844,3.741473471037871,0.12920014299452304,0.5678273223340508
condition_valid,pooled,middle,ADE_BG0_px,270,6,1.286462225364866,0.1708737462759018,0.1909015970863402,3.400639859854968,0.12193982675671577,0.5213690400123596
condition_valid,pooled,middle,FDE_BG0_px,270,6,3.037668238169755,0.27395597100257874,0.325790847486092,8.183917084791593,0.16244232654571533,1.1587063834071156
condition_valid,pooled,middle,ADE_GT_px,270,6,2.1604969592185976,0.9894002259435556,0.6977577468414236,4.653300180262989,0.6156584200027375,2.2508038130676646
condition_valid,pooled,middle,FDE_GT_px,270,6,4.790418066931109,1.8303322165349165,1.235903606815966,11.226244287743539,0.7742240473899524,5.21641918826021
condition_valid,pooled,middle,GT_improvement_px,270,6,0.13283998322379154,0.021265865257215518,0.026583424411049633,0.3069497909333517,-0.002688851390340058,0.07430787474021404
condition_valid,pooled,middle,Remaining_pct,270,6,89.20722723336681,86.79477277210134,75.08825799343835,101.88680063249724,63.69047633227404,96.98196224221775
condition_valid,pooled,middle,mean_active_FlowCorrection,270,6,0.7610496103677161,0.7550701463914299,0.7313477180361773,0.7908555080552346,0.7279600850617024,0.7862775172063958
condition_valid,Original,background_early,Recovery_pct,45,1,-1.256342073309168,-0.055613883922260014,,,,
condition_valid,Original,background_early,DeltaD_px,45,1,-0.004577723642190297,-0.008019447326660156,,,,
condition_valid,Original,background_early,D_BG_px,45,1,7.112732715904713,3.0308902263641357,,,,
condition_valid,Original,background_early,ADE_BG0_px,45,1,7.117310439546903,3.0704846382141113,,,,
condition_valid,Original,background_early,FDE_BG0_px,45,1,17.246300435728497,5.996772766113281,,,,
condition_valid,Original,background_early,ADE_GT_px,45,1,8.875524931540188,5.093943209410008,,,,
condition_valid,Original,background_early,FDE_GT_px,45,1,22.021172942225004,10.89128739783108,,,,
condition_valid,Original,background_early,GT_improvement_px,45,1,-0.004794486109295732,-0.009220138528892256,,,,
condition_valid,Original,background_early,Remaining_pct,45,1,101.25634106653128,100.05561381457348,,,,
condition_valid,Original,background_early,mean_active_FlowCorrection,45,1,7.398675952822547e-08,5.105527460987543e-08,,,,
condition_valid,Original,background_full,Recovery_pct,43,1,-4.93314366986063,-0.11632404858480086,,,,
condition_valid,Original,background_full,DeltaD_px,43,1,-0.007510893913202508,-0.014720439910888672,,,,
condition_valid,Original,background_full,D_BG_px,43,1,6.263537892941819,2.7398698329925537,,,,
condition_valid,Original,background_full,ADE_BG0_px,43,1,6.2710487868550215,2.703848123550415,,,,
condition_valid,Original,background_full,FDE_BG0_px,43,1,15.061535380260889,6.030709743499756,,,,
condition_valid,Original,background_full,ADE_GT_px,43,1,8.038777225411568,4.648218862871806,,,,
condition_valid,Original,background_full,FDE_GT_px,43,1,19.840049298582496,10.380160877290693,,,,
condition_valid,Original,background_full,GT_improvement_px,43,1,-0.010643196434628282,-0.015180600780873674,,,,
condition_valid,Original,background_full,Remaining_pct,43,1,104.9331426180892,100.116323999904,,,,
condition_valid,Original,background_full,mean_active_FlowCorrection,45,1,9.074421729257687e-08,5.7716648161405047e-08,,,,
condition_valid,Original,baseline,Recovery_pct,45,1,0.0,0.0,,,,
condition_valid,Original,baseline,DeltaD_px,45,1,0.0,0.0,,,,
condition_valid,Original,baseline,D_BG_px,45,1,7.112732715904713,3.0308902263641357,,,,
condition_valid,Original,baseline,ADE_BG0_px,45,1,7.112732715904713,3.0308902263641357,,,,
condition_valid,Original,baseline,FDE_BG0_px,45,1,17.249317873186534,6.105831623077393,,,,
condition_valid,Original,baseline,ADE_GT_px,45,1,8.870730445430889,5.054229232338178,,,,
condition_valid,Original,baseline,FDE_GT_px,45,1,22.0233289967209,10.825597751720135,,,,
condition_valid,Original,baseline,GT_improvement_px,45,1,0.0,0.0,,,,
condition_valid,Original,baseline,Remaining_pct,45,1,99.99999899322215,99.99999967006394,,,,
condition_valid,Original,baseline,mean_active_FlowCorrection,0,,,,,,,
condition_valid,Original,early,Recovery_pct,44,1,6.407173424494773,4.998281742418111,,,,
condition_valid,Original,early,DeltaD_px,44,1,0.32278882525861263,0.13718736171722412,,,,
condition_valid,Original,early,D_BG_px,44,1,6.698130540719086,2.8853800296783447,,,,
condition_valid,Original,early,ADE_BG0_px,44,1,6.375341715460474,2.737212300300598,,,,
condition_valid,Original,early,FDE_BG0_px,44,1,15.483743018047376,5.633627653121948,,,,
condition_valid,Original,early,ADE_GT_px,44,1,8.137605713882543,4.620467644392959,,,,
condition_valid,Original,early,FDE_GT_px,44,1,20.251488572697017,10.320316942671475,,,,
condition_valid,Original,early,GT_improvement_px,44,1,0.31993174063355995,0.1371660016064125,,,,
condition_valid,Original,early,Remaining_pct,44,1,93.59282554674242,95.00171624680888,,,,
condition_valid,Original,early,mean_active_FlowCorrection,45,1,0.8653889190890109,0.8736660194540277,,,,
condition_valid,Original,full,Recovery_pct,45,1,5.261141546136915,14.472982401606908,,,,
condition_valid,Original,full,DeltaD_px,45,1,0.998873328169187,0.40554094314575195,,,,
condition_valid,Original,full,D_BG_px,45,1,7.112732715904713,3.0308902263641357,,,,
condition_valid,Original,full,ADE_BG0_px,45,1,6.113859387735526,2.3642578125,,,,
condition_valid,Original,full,FDE_BG0_px,45,1,14.823295631342464,4.972225189208984,,,,
condition_valid,Original,full,ADE_GT_px,45,1,7.875770375168063,4.410322105152722,,,,
condition_valid,Original,full,FDE_GT_px,45,1,19.60449513481641,9.665356637577771,,,,
condition_valid,Original,full,GT_improvement_px,45,1,0.9926127771336974,0.40833672393838805,,,,
condition_valid,Original,full,Remaining_pct,45,1,94.73885744708524,85.52701723341225,,,,
condition_valid,Original,full,mean_active_FlowCorrection,45,1,0.8221251125921727,0.8215841114417413,,,,
condition_valid,Original,late,Recovery_pct,45,1,-0.163668572015531,0.12991712617840742,,,,
condition_valid,Original,late,DeltaD_px,45,1,-0.033100144730673894,0.010124623775482178,,,,
condition_valid,Original,late,D_BG_px,45,1,7.112732715904713,3.0308902263641357,,,,
condition_valid,Original,late,ADE_BG0_px,45,1,7.1458328606353865,2.924285888671875,,,,
condition_valid,Original,late,FDE_BG0_px,45,1,17.25741784936852,6.1510772705078125,,,,
condition_valid,Original,late,ADE_GT_px,45,1,8.905152450149277,4.951411835224546,,,,
condition_valid,Original,late,FDE_GT_px,45,1,22.03417630817167,10.825028340550261,,,,
condition_valid,Original,late,GT_improvement_px,45,1,-0.03706838423095807,-0.0010534933360255203,,,,
condition_valid,Original,late,Remaining_pct,45,1,100.1636675652377,99.87008279519526,,,,
condition_valid,Original,late,mean_active_FlowCorrection,45,1,0.7763608474546398,0.7698433209694916,,,,
condition_valid,Original,middle,Recovery_pct,45,1,0.8152131222160681,6.614619720848639,,,,
condition_valid,Original,middle,DeltaD_px,45,1,0.5523431362377272,0.22748565673828125,,,,
condition_valid,Original,middle,D_BG_px,45,1,7.112732715904713,3.0308902263641357,,,,
condition_valid,Original,middle,ADE_BG0_px,45,1,6.560389579666985,2.6001322269439697,,,,
condition_valid,Original,middle,FDE_BG0_px,45,1,15.883496940135956,5.078605651855469,,,,
condition_valid,Original,middle,ADE_GT_px,45,1,8.31583228018874,4.6333310361288955,,,,
condition_valid,Original,middle,FDE_GT_px,45,1,20.662117994788634,9.900432011339234,,,,
condition_valid,Original,middle,GT_improvement_px,45,1,0.5519964416866947,0.23203712719652697,,,,
condition_valid,Original,middle,Remaining_pct,45,1,99.18478587100607,93.38538020980258,,,,
condition_valid,Original,middle,mean_active_FlowCorrection,45,1,0.8294501522229931,0.8267964872620998,,,,
condition_valid,T01,background_early,Recovery_pct,45,1,-0.0629447816585139,-0.6152218268039417,,,,
condition_valid,T01,background_early,DeltaD_px,45,1,0.00039540715515613557,-0.0005354210734367371,,,,
condition_valid,T01,background_early,D_BG_px,45,1,0.14945788197219373,0.11310245096683502,,,,
condition_valid,T01,background_early,ADE_BG0_px,45,1,0.14906247481703758,0.11641061305999756,,,,
condition_valid,T01,background_early,FDE_BG0_px,45,1,0.15987937038557398,0.14218364655971527,,,,
condition_valid,T01,background_early,ADE_GT_px,45,1,0.3853441843911089,0.31327246921808316,,,,
condition_valid,T01,background_early,FDE_GT_px,45,1,0.6792901200613787,0.6859004102509676,,,,
condition_valid,T01,background_early,GT_improvement_px,45,1,0.0003789042391476265,0.00031706144214514243,,,,
condition_valid,T01,background_early,Remaining_pct,45,1,100.06293442183912,100.61521159145522,,,,
condition_valid,T01,background_early,mean_active_FlowCorrection,45,1,1.904428746259792e-07,1.3783920862116736e-07,,,,
condition_valid,T01,background_full,Recovery_pct,45,1,-5.452721734818176,0.11604675943349424,,,,
condition_valid,T01,background_full,DeltaD_px,45,1,-0.006719729842411148,8.597970008850098e-05,,,,
condition_valid,T01,background_full,D_BG_px,45,1,0.14945788197219373,0.11310245096683502,,,,
condition_valid,T01,background_full,ADE_BG0_px,45,1,0.15617761181460488,0.12745371460914612,,,,
condition_valid,T01,background_full,FDE_BG0_px,45,1,0.17869420937365957,0.15216514468193054,,,,
condition_valid,T01,background_full,ADE_GT_px,45,1,0.4099585512503479,0.3572227722881903,,,,
condition_valid,T01,background_full,FDE_GT_px,45,1,0.6926575018612847,0.7034295101614998,,,,
condition_valid,T01,background_full,GT_improvement_px,45,1,-0.024235462620091363,-0.0067317611914813015,,,,
condition_valid,T01,background_full,Remaining_pct,45,1,105.45271137499878,99.88393974357137,,,,
condition_valid,T01,background_full,mean_active_FlowCorrection,45,1,1.5235039684840736e-07,1.180694717982532e-07,,,,
condition_valid,T01,baseline,Recovery_pct,45,1,0.0,0.0,,,,
condition_valid,T01,baseline,DeltaD_px,45,1,0.0,0.0,,,,
condition_valid,T01,baseline,D_BG_px,45,1,0.14945788197219373,0.11310245096683502,,,,
condition_valid,T01,baseline,ADE_BG0_px,45,1,0.14945788197219373,0.11310245096683502,,,,
condition_valid,T01,baseline,FDE_BG0_px,45,1,0.1600112827701701,0.14131900668144226,,,,
condition_valid,T01,baseline,ADE_GT_px,45,1,0.38572308863025645,0.3087414062881845,,,,
condition_valid,T01,baseline,FDE_GT_px,45,1,0.6768104666878514,0.68388296328648,,,,
condition_valid,T01,baseline,GT_improvement_px,45,1,0.0,0.0,,,,
condition_valid,T01,baseline,Remaining_pct,45,1,99.99998964018064,99.99999115845941,,,,
condition_valid,T01,baseline,mean_active_FlowCorrection,0,,,,,,,
condition_valid,T01,early,Recovery_pct,45,1,-0.5141874484540541,0.26104902610909403,,,,
condition_valid,T01,early,DeltaD_px,45,1,-0.0005674753338098526,0.00032001733779907227,,,,
condition_valid,T01,early,D_BG_px,45,1,0.14945788197219373,0.11310245096683502,,,,
condition_valid,T01,early,ADE_BG0_px,45,1,0.15002535730600358,0.12047801166772842,,,,
condition_valid,T01,early,FDE_BG0_px,45,1,0.15926650963309738,0.15662641823291779,,,,
condition_valid,T01,early,ADE_GT_px,45,1,0.3843558402257612,0.30772837123077923,,,,
condition_valid,T01,early,FDE_GT_px,45,1,0.6708572432143977,0.6760939430221509,,,,
condition_valid,T01,early,GT_improvement_px,45,1,0.0013672484044953757,0.0018083092218481884,,,,
condition_valid,T01,early,Remaining_pct,45,1,100.51417708863464,99.73894281655082,,,,
condition_valid,T01,early,mean_active_FlowCorrection,45,1,0.7811502527896151,0.7775886407117136,,,,
condition_valid,T01,full,Recovery_pct,45,1,-1.395905873641484,3.800379494590632,,,,
condition_valid,T01,full,DeltaD_px,45,1,0.003719803690910339,0.001253414899110794,,,,
condition_valid,T01,full,D_BG_px,45,1,0.14945788197219373,0.11310245096683502,,,,
condition_valid,T01,full,ADE_BG0_px,45,1,0.14573807828128338,0.13160094618797302,,,,
condition_valid,T01,full,FDE_BG0_px,45,1,0.20076532728142207,0.17914240062236786,,,,
condition_valid,T01,full,ADE_GT_px,45,1,0.3752958496912993,0.27748382080264317,,,,
condition_valid,T01,full,FDE_GT_px,45,1,0.6561570946452363,0.6882399742426386,,,,
condition_valid,T01,full,GT_improvement_px,45,1,0.010427238938957133,0.006488673156465641,,,,
condition_valid,T01,full,Remaining_pct,45,1,101.39589551382208,96.19959018520575,,,,
condition_valid,T01,full,mean_active_FlowCorrection,45,1,0.789525299915,0.7882019525368571,,,,
condition_valid,T01,late,Recovery_pct,45,1,5.511616629917451,6.609171835392594,,,,
condition_valid,T01,late,DeltaD_px,45,1,0.008232287731435564,0.00784529373049736,,,,
condition_valid,T01,late,D_BG_px,45,1,0.14945788197219373,0.11310245096683502,,,,
condition_valid,T01,late,ADE_BG0_px,45,1,0.14122559424075815,0.11622147262096405,,,,
condition_valid,T01,late,FDE_BG0_px,45,1,0.17479244694113732,0.15043248236179352,,,,
condition_valid,T01,late,ADE_GT_px,45,1,0.3852574816203784,0.29561071367010433,,,,
condition_valid,T01,late,FDE_GT_px,45,1,0.6854662899359288,0.6856743101763243,,,,
condition_valid,T01,late,GT_improvement_px,45,1,0.0004656070098781161,0.0016510059165041238,,,,
condition_valid,T01,late,Remaining_pct,45,1,94.48837301026317,93.39082220448257,,,,
condition_valid,T01,late,mean_active_FlowCorrection,45,1,0.8071094288496886,0.8085578550250823,,,,
condition_valid,T01,middle,Recovery_pct,45,1,-2.7970764998268103,-0.1211198810612344,,,,
condition_valid,T01,middle,DeltaD_px,45,1,-0.0009063197092877494,-0.00021380186080932617,,,,
condition_valid,T01,middle,D_BG_px,45,1,0.14945788197219373,0.11310245096683502,,,,
condition_valid,T01,middle,ADE_BG0_px,45,1,0.15036420168148146,0.1159561276435852,,,,
condition_valid,T01,middle,FDE_BG0_px,45,1,0.16724446552495162,0.1481647789478302,,,,
condition_valid,T01,middle,ADE_GT_px,45,1,0.37351779328487195,0.2895139624752842,,,,
condition_valid,T01,middle,FDE_GT_px,45,1,0.6441008646418773,0.6641138972638356,,,,
condition_valid,T01,middle,GT_improvement_px,45,1,0.012205295345384563,0.005435398800037523,,,,
condition_valid,T01,middle,Remaining_pct,45,1,102.79706614000744,100.12111421600854,,,,
condition_valid,T01,middle,mean_active_FlowCorrection,45,1,0.7818514181595415,0.7783110705492611,,,,
condition_valid,T02,background_early,Recovery_pct,45,1,0.3598395067847344,0.055930985606304884,,,,
condition_valid,T02,background_early,DeltaD_px,45,1,-2.8213858604431154e-05,0.00029772520065307617,,,,
condition_valid,T02,background_early,D_BG_px,45,1,0.46703707153598467,0.15081799030303955,,,,
condition_valid,T02,background_early,ADE_BG0_px,45,1,0.4670652853945891,0.14766447246074677,,,,
condition_valid,T02,background_early,FDE_BG0_px,45,1,1.1301016979333427,0.3113849461078644,,,,
condition_valid,T02,background_early,ADE_GT_px,45,1,0.9880355746321532,0.9181134851242806,,,,
condition_valid,T02,background_early,FDE_GT_px,45,1,1.8552146768301996,1.114108051169006,,,,
condition_valid,T02,background_early,GT_improvement_px,45,1,0.0015813823764609459,0.0011727963069285432,,,,
condition_valid,T02,background_early,Remaining_pct,45,1,99.64015223709268,99.94406870202145,,,,
condition_valid,T02,background_early,mean_active_FlowCorrection,45,1,1.75867509348097e-07,1.3248160595410083e-07,,,,
condition_valid,T02,background_full,Recovery_pct,45,1,-10.145857548310559,-3.6939798507583754,,,,
condition_valid,T02,background_full,DeltaD_px,45,1,-0.013152708113193513,-0.007316358387470245,,,,
condition_valid,T02,background_full,D_BG_px,45,1,0.46703707153598467,0.15081799030303955,,,,
condition_valid,T02,background_full,ADE_BG0_px,45,1,0.4801897796491782,0.16656233370304108,,,,
condition_valid,T02,background_full,FDE_BG0_px,45,1,1.1549694844004181,0.29421892762184143,,,,
condition_valid,T02,background_full,ADE_GT_px,45,1,0.9890400100424989,0.8974932555455026,,,,
condition_valid,T02,background_full,FDE_GT_px,45,1,1.8493402802153933,1.149937434264573,,,,
condition_valid,T02,background_full,GT_improvement_px,45,1,0.000576946966115168,0.00860357093943245,,,,
condition_valid,T02,background_full,Remaining_pct,45,1,110.14584929218798,103.6939732202501,,,,
condition_valid,T02,background_full,mean_active_FlowCorrection,45,1,1.4640360387683951e-07,1.1513513336860706e-07,,,,
condition_valid,T02,baseline,Recovery_pct,45,1,0.0,0.0,,,,
condition_valid,T02,baseline,DeltaD_px,45,1,0.0,0.0,,,,
condition_valid,T02,baseline,D_BG_px,45,1,0.46703707153598467,0.15081799030303955,,,,
condition_valid,T02,baseline,ADE_BG0_px,45,1,0.46703707153598467,0.15081799030303955,,,,
condition_valid,T02,baseline,FDE_BG0_px,45,1,1.127270653595527,0.253060519695282,,,,
condition_valid,T02,baseline,ADE_GT_px,45,1,0.9896169570086141,0.9208118922487613,,,,
condition_valid,T02,baseline,FDE_GT_px,45,1,1.8604954042814768,1.1470463629846972,,,,
condition_valid,T02,baseline,GT_improvement_px,45,1,0.0,0.0,,,,
condition_valid,T02,baseline,Remaining_pct,45,1,99.9999917438774,99.99999336949172,,,,
condition_valid,T02,baseline,mean_active_FlowCorrection,0,,,,,,,
condition_valid,T02,early,Recovery_pct,45,1,5.988868234283052,6.3966524580186865,,,,
condition_valid,T02,early,DeltaD_px,45,1,0.030947633335987726,0.010697588324546814,,,,
condition_valid,T02,early,D_BG_px,45,1,0.46703707153598467,0.15081799030303955,,,,
condition_valid,T02,early,ADE_BG0_px,45,1,0.43608943819999696,0.13631926476955414,,,,
condition_valid,T02,early,FDE_BG0_px,45,1,1.0688272864040402,0.25396254658699036,,,,
condition_valid,T02,early,ADE_GT_px,45,1,0.9783957641843299,0.9240365822251171,,,,
condition_valid,T02,early,FDE_GT_px,45,1,1.8245893287932524,1.1620351467176064,,,,
condition_valid,T02,early,GT_improvement_px,45,1,0.011221192824284475,-0.0017644870088749458,,,,
condition_valid,T02,early,Remaining_pct,45,1,94.01112350959437,93.60334634718521,,,,
condition_valid,T02,early,mean_active_FlowCorrection,45,1,0.757698769359653,0.7546879536117651,,,,
condition_valid,T02,full,Recovery_pct,45,1,17.932992382057744,28.40094816516956,,,,
condition_valid,T02,full,DeltaD_px,45,1,0.16091539189219475,0.05742049217224121,,,,
condition_valid,T02,full,D_BG_px,45,1,0.46703707153598467,0.15081799030303955,,,,
condition_valid,T02,full,ADE_BG0_px,45,1,0.30612167964378995,0.11077763885259628,,,,
condition_valid,T02,full,FDE_BG0_px,45,1,0.8134301334619523,0.25186073780059814,,,,
condition_valid,T02,full,ADE_GT_px,45,1,0.9904819546676548,0.9662177873900992,,,,
condition_valid,T02,full,FDE_GT_px,45,1,1.6782450668405788,1.040381601308655,,,,
condition_valid,T02,full,GT_improvement_px,45,1,-0.0008649976590404322,-0.05232861166389387,,,,
condition_valid,T02,full,Remaining_pct,45,1,82.06699936181967,71.59904876246806,,,,
condition_valid,T02,full,mean_active_FlowCorrection,45,1,0.7574216107281194,0.7563963907760376,,,,
condition_valid,T02,late,Recovery_pct,45,1,0.818616215886974,3.314229288369777,,,,
condition_valid,T02,late,DeltaD_px,45,1,0.008157174206442304,0.006707862019538879,,,,
condition_valid,T02,late,D_BG_px,45,1,0.46703707153598467,0.15081799030303955,,,,
condition_valid,T02,late,ADE_BG0_px,45,1,0.4588798973295424,0.1404941827058792,,,,
condition_valid,T02,late,FDE_BG0_px,45,1,1.1404150437977578,0.29463082551956177,,,,
condition_valid,T02,late,ADE_GT_px,45,1,1.0008009230701111,0.9413459864241898,,,,
condition_valid,T02,late,FDE_GT_px,45,1,1.8394137447868308,1.0985228413336265,,,,
condition_valid,T02,late,GT_improvement_px,45,1,-0.011183966061496737,-0.01077168196357366,,,,
condition_valid,T02,late,Remaining_pct,45,1,99.18137552799043,96.68576951683411,,,,
condition_valid,T02,late,mean_active_FlowCorrection,45,1,0.771345179734908,0.7706113913163121,,,,
condition_valid,T02,middle,Recovery_pct,45,1,20.23365522800504,21.667182981011667,,,,
condition_valid,T02,middle,DeltaD_px,45,1,0.1325266945693228,0.05114950239658356,,,,
condition_valid,T02,middle,D_BG_px,45,1,0.46703707153598467,0.15081799030303955,,,,
condition_valid,T02,middle,ADE_BG0_px,45,1,0.33451037696666186,0.1057806983590126,,,,
condition_valid,T02,middle,FDE_BG0_px,45,1,0.8647730206242866,0.22079695761203766,,,,
condition_valid,T02,middle,ADE_GT_px,45,1,0.9863921498280734,0.9786853402414799,,,,
condition_valid,T02,middle,FDE_GT_px,45,1,1.740434768143879,1.1156329332357857,,,,
condition_valid,T02,middle,GT_improvement_px,45,1,0.0032248071805407673,-0.03758311861774356,,,,
condition_valid,T02,middle,Remaining_pct,45,1,79.76633651587237,78.33281507953254,,,,
condition_valid,T02,middle,mean_active_FlowCorrection,45,1,0.7449568498255739,0.7429416271321975,,,,
condition_valid,T03,background_early,Recovery_pct,45,1,0.7679856870780892,0.594606462746833,,,,
condition_valid,T03,background_early,DeltaD_px,45,1,0.0010193505220943027,0.001262366771697998,,,,
condition_valid,T03,background_early,D_BG_px,45,1,0.3216384453078111,0.15324446558952332,,,,
condition_valid,T03,background_early,ADE_BG0_px,45,1,0.3206190947857168,0.15262919664382935,,,,
condition_valid,T03,background_early,FDE_BG0_px,45,1,0.6827130019043882,0.26204386353492737,,,,
condition_valid,T03,background_early,ADE_GT_px,45,1,0.8838315815272897,0.7684063961136876,,,,
condition_valid,T03,background_early,FDE_GT_px,45,1,1.6405603054448386,0.9945302073855083,,,,
condition_valid,T03,background_early,GT_improvement_px,45,1,0.0018964869165237301,0.0016919566108635272,,,,
condition_valid,T03,background_early,Remaining_pct,45,1,99.23200552427812,99.40539294044062,,,,
condition_valid,T03,background_early,mean_active_FlowCorrection,45,1,1.7299448378414072e-07,1.3748568159869615e-07,,,,
condition_valid,T03,background_full,Recovery_pct,45,1,-4.69900107709057,-3.522577158210093,,,,
condition_valid,T03,background_full,DeltaD_px,45,1,-0.01624887618753645,-0.00783616304397583,,,,
condition_valid,T03,background_full,D_BG_px,45,1,0.3216384453078111,0.15324446558952332,,,,
condition_valid,T03,background_full,ADE_BG0_px,45,1,0.33788732149534756,0.16743358969688416,,,,
condition_valid,T03,background_full,FDE_BG0_px,45,1,0.7191325818498929,0.2478177398443222,,,,
condition_valid,T03,background_full,ADE_GT_px,45,1,0.9140115680036028,0.7882356863018265,,,,
condition_valid,T03,background_full,FDE_GT_px,45,1,1.6806014861216176,1.0486237652835215,,,,
condition_valid,T03,background_full,GT_improvement_px,45,1,-0.028283499559789094,-0.015124772416702787,,,,
condition_valid,T03,background_full,Remaining_pct,45,1,104.69899228844679,103.52257649862557,,,,
condition_valid,T03,background_full,mean_active_FlowCorrection,45,1,1.4144241861868553e-07,1.1643599148427855e-07,,,,
condition_valid,T03,baseline,Recovery_pct,45,1,0.0,0.0,,,,
condition_valid,T03,baseline,DeltaD_px,45,1,0.0,0.0,,,,
condition_valid,T03,baseline,D_BG_px,45,1,0.3216384453078111,0.15324446558952332,,,,
condition_valid,T03,baseline,ADE_BG0_px,45,1,0.3216384453078111,0.15324446558952332,,,,
condition_valid,T03,baseline,FDE_BG0_px,45,1,0.6857968906147612,0.2683291733264923,,,,
condition_valid,T03,baseline,ADE_GT_px,45,1,0.8857280684438136,0.7692132708379923,,,,
condition_valid,T03,baseline,FDE_GT_px,45,1,1.6454502268230238,1.0066079211105232,,,,
condition_valid,T03,baseline,GT_improvement_px,45,1,0.0,0.0,,,,
condition_valid,T03,baseline,Remaining_pct,45,1,99.99999121135623,99.99999347447928,,,,
condition_valid,T03,baseline,mean_active_FlowCorrection,0,,,,,,,
condition_valid,T03,early,Recovery_pct,45,1,3.924017600536007,5.312473217493136,,,,
condition_valid,T03,early,DeltaD_px,45,1,0.02111586613787545,0.008012056350708008,,,,
condition_valid,T03,early,D_BG_px,45,1,0.3216384453078111,0.15324446558952332,,,,
condition_valid,T03,early,ADE_BG0_px,45,1,0.30052257916993563,0.14481960237026215,,,,
condition_valid,T03,early,FDE_BG0_px,45,1,0.6424307263352804,0.23424604535102844,,,,
condition_valid,T03,early,ADE_GT_px,45,1,0.8710527113977784,0.7657587954972243,,,,
condition_valid,T03,early,FDE_GT_px,45,1,1.6103668671448412,0.9723117083139682,,,,
condition_valid,T03,early,GT_improvement_px,45,1,0.014675357046035006,0.0013930704237181944,,,,
condition_valid,T03,early,Remaining_pct,45,1,96.07597361082021,94.68752457328786,,,,
condition_valid,T03,early,mean_active_FlowCorrection,45,1,0.7824074617204256,0.7699480701377267,,,,
condition_valid,T03,full,Recovery_pct,45,1,8.102659689815109,21.099868347956104,,,,
condition_valid,T03,full,DeltaD_px,45,1,0.13657337948679923,0.018355607986450195,,,,
condition_valid,T03,full,D_BG_px,45,1,0.3216384453078111,0.15324446558952332,,,,
condition_valid,T03,full,ADE_BG0_px,45,1,0.18506506582101187,0.1572202742099762,,,,
condition_valid,T03,full,FDE_BG0_px,45,1,0.28643936573838197,0.1562989205121994,,,,
condition_valid,T03,full,ADE_GT_px,45,1,0.7684947475793891,0.7223372726333809,,,,
condition_valid,T03,full,FDE_GT_px,45,1,1.279649884427823,0.9375001695118388,,,,
condition_valid,T03,full,GT_improvement_px,45,1,0.11723332086442455,0.035390518286820064,,,,
condition_valid,T03,full,Remaining_pct,45,1,91.8973315215411,78.90012995056732,,,,
condition_valid,T03,full,mean_active_FlowCorrection,45,1,0.7820616100636878,0.7733320981445347,,,,
condition_valid,T03,late,Recovery_pct,45,1,-9.91196875700533,-1.0018829658932886,,,,
condition_valid,T03,late,DeltaD_px,45,1,-0.0038077164855268267,-0.0017650127410888672,,,,
condition_valid,T03,late,D_BG_px,45,1,0.3216384453078111,0.15324446558952332,,,,
condition_valid,T03,late,ADE_BG0_px,45,1,0.3254461617933379,0.17610347270965576,,,,
condition_valid,T03,late,FDE_BG0_px,45,1,0.6551354059328636,0.25377875566482544,,,,
condition_valid,T03,late,ADE_GT_px,45,1,0.8884931360071798,0.775553826886339,,,,
condition_valid,T03,late,FDE_GT_px,45,1,1.6176794450945098,0.9760443982363406,,,,
condition_valid,T03,late,GT_improvement_px,45,1,-0.0027650675633663323,0.0011305952366297237,,,,
condition_valid,T03,late,Remaining_pct,45,1,109.91195996836153,101.00186919227527,,,,
condition_valid,T03,late,mean_active_FlowCorrection,45,1,0.7910418967826388,0.7903792974908654,,,,
condition_valid,T03,middle,Recovery_pct,45,1,17.99764441345075,20.217675107881124,,,,
condition_valid,T03,middle,DeltaD_px,45,1,0.12781842831108306,0.02718132734298706,,,,
condition_valid,T03,middle,D_BG_px,45,1,0.3216384453078111,0.15324446558952332,,,,
condition_valid,T03,middle,ADE_BG0_px,45,1,0.19382001699672805,0.14290425181388855,,,,
condition_valid,T03,middle,FDE_BG0_px,45,1,0.35020921958817375,0.17834389209747314,,,,
condition_valid,T03,middle,ADE_GT_px,45,1,0.7782735105395948,0.728177487147799,,,,
condition_valid,T03,middle,FDE_GT_px,45,1,1.344193682031628,0.9334537042699439,,,,
condition_valid,T03,middle,GT_improvement_px,45,1,0.10745455790421878,0.04232723914891912,,,,
condition_valid,T03,middle,Remaining_pct,45,1,82.00234679790547,79.7823047891849,,,,
condition_valid,T03,middle,mean_active_FlowCorrection,45,1,0.7740878491158595,0.764409995120177,,,,
condition_valid,T04,background_early,Recovery_pct,45,1,-0.8750911861831426,-0.40064849084329895,,,,
condition_valid,T04,background_early,DeltaD_px,45,1,-0.0008011523220274184,-0.0007221996784210205,,,,
condition_valid,T04,background_early,D_BG_px,45,1,0.22334339511063364,0.17303702235221863,,,,
condition_valid,T04,background_early,ADE_BG0_px,45,1,0.22414454743266105,0.17719011008739471,,,,
condition_valid,T04,background_early,FDE_BG0_px,45,1,0.5428409853743182,0.35227400064468384,,,,
condition_valid,T04,background_early,ADE_GT_px,45,1,1.14958684345343,1.136860694175483,,,,
condition_valid,T04,background_early,FDE_GT_px,45,1,2.401539797119012,2.4286492669680904,,,,
condition_valid,T04,background_early,GT_improvement_px,45,1,-0.0002688119801638386,-1.220768864148361e-05,,,,
condition_valid,T04,background_early,Remaining_pct,45,1,100.87508407124507,100.40064614974332,,,,
condition_valid,T04,background_early,mean_active_FlowCorrection,45,1,3.0664415857187365e-07,2.0169291059524141e-07,,,,
condition_valid,T04,background_full,Recovery_pct,45,1,-2.111528133542052,-3.498909368994844,,,,
condition_valid,T04,background_full,DeltaD_px,45,1,0.006289402064349916,-0.005740020424127579,,,,
condition_valid,T04,background_full,D_BG_px,45,1,0.22334339511063364,0.17303702235221863,,,,
condition_valid,T04,background_full,ADE_BG0_px,45,1,0.21705399304628373,0.17494697868824005,,,,
condition_valid,T04,background_full,FDE_BG0_px,45,1,0.4826583735644817,0.3719007968902588,,,,
condition_valid,T04,background_full,ADE_GT_px,45,1,1.1393882055265196,1.135180370679534,,,,
condition_valid,T04,background_full,FDE_GT_px,45,1,2.3274833418001055,2.366553562114447,,,,
condition_valid,T04,background_full,GT_improvement_px,45,1,0.00992982594674624,-0.0034010941496698728,,,,
condition_valid,T04,background_full,Remaining_pct,45,1,102.11152101860395,103.49890594186371,,,,
condition_valid,T04,background_full,mean_active_FlowCorrection,45,1,2.692443495725353e-07,1.9754043204904073e-07,,,,
condition_valid,T04,baseline,Recovery_pct,45,1,0.0,0.0,,,,
condition_valid,T04,baseline,DeltaD_px,45,1,0.0,0.0,,,,
condition_valid,T04,baseline,D_BG_px,45,1,0.22334339511063364,0.17303702235221863,,,,
condition_valid,T04,baseline,ADE_BG0_px,45,1,0.22334339511063364,0.17303702235221863,,,,
condition_valid,T04,baseline,FDE_BG0_px,45,1,0.5406997519648737,0.37825319170951843,,,,
condition_valid,T04,baseline,ADE_GT_px,45,1,1.149318031473266,1.1334638673267299,,,,
condition_valid,T04,baseline,FDE_GT_px,45,1,2.408063275835751,2.4206307496567714,,,,
condition_valid,T04,baseline,GT_improvement_px,45,1,0.0,0.0,,,,
condition_valid,T04,baseline,Remaining_pct,45,1,99.9999928850619,99.99999422089026,,,,
condition_valid,T04,baseline,mean_active_FlowCorrection,0,,,,,,,
condition_valid,T04,early,Recovery_pct,45,1,0.5909810914170849,2.086070577086594,,,,
condition_valid,T04,early,DeltaD_px,45,1,0.004861251347594791,0.0032504796981811523,,,,
condition_valid,T04,early,D_BG_px,45,1,0.22334339511063364,0.17303702235221863,,,,
condition_valid,T04,early,ADE_BG0_px,45,1,0.21848214376303884,0.17085304856300354,,,,
condition_valid,T04,early,FDE_BG0_px,45,1,0.5196960581052634,0.3553365468978882,,,,
condition_valid,T04,early,ADE_GT_px,45,1,1.1409796780021015,1.1255359475340962,,,,
condition_valid,T04,early,FDE_GT_px,45,1,2.387927361358066,2.366429622549828,,,,
condition_valid,T04,early,GT_improvement_px,45,1,0.00833835347116466,0.003662339680180593,,,,
condition_valid,T04,early,Remaining_pct,45,1,99.40901179364484,97.91392220174896,,,,
condition_valid,T04,early,mean_active_FlowCorrection,45,1,0.7390083144572934,0.7385478949729735,,,,
condition_valid,T04,full,Recovery_pct,45,1,-27.299341712929163,-17.384983686304324,,,,
condition_valid,T04,full,DeltaD_px,45,1,-0.02127602067258623,-0.026370197534561157,,,,
condition_valid,T04,full,D_BG_px,45,1,0.22334339511063364,0.17303702235221863,,,,
condition_valid,T04,full,ADE_BG0_px,45,1,0.24461941578321986,0.23492205142974854,,,,
condition_valid,T04,full,FDE_BG0_px,45,1,0.4899615185128318,0.3175835907459259,,,,
condition_valid,T04,full,ADE_GT_px,45,1,1.08195022081846,1.068773528312881,,,,
condition_valid,T04,full,FDE_GT_px,45,1,2.2495615983073773,2.2361182890470466,,,,
condition_valid,T04,full,GT_improvement_px,45,1,0.06736781065480599,0.03175734804200749,,,,
condition_valid,T04,full,Remaining_pct,45,1,127.29933459799109,117.38497982755048,,,,
condition_valid,T04,full,mean_active_FlowCorrection,45,1,0.7337536726035184,0.7318963132185237,,,,
condition_valid,T04,late,Recovery_pct,45,1,-6.333900648056026,-1.9215888058905246,,,,
condition_valid,T04,late,DeltaD_px,45,1,-0.012361785893638929,-0.002952389419078827,,,,
condition_valid,T04,late,D_BG_px,45,1,0.22334339511063364,0.17303702235221863,,,,
condition_valid,T04,late,ADE_BG0_px,45,1,0.23570518100427257,0.1962035894393921,,,,
condition_valid,T04,late,FDE_BG0_px,45,1,0.5211643294120828,0.39235326647758484,,,,
condition_valid,T04,late,ADE_GT_px,45,1,1.1409839567165372,1.1243306630533252,,,,
condition_valid,T04,late,FDE_GT_px,45,1,2.369694845968225,2.3757836328881243,,,,
condition_valid,T04,late,GT_improvement_px,45,1,0.008334074756728403,0.0018779173889594408,,,,
condition_valid,T04,late,Remaining_pct,45,1,106.33389353311796,101.92158607252861,,,,
condition_valid,T04,late,mean_active_FlowCorrection,45,1,0.7334577194360762,0.7301042703586035,,,,
condition_valid,T04,middle,Recovery_pct,45,1,-9.11220877695956,-6.981721612801536,,,,
condition_valid,T04,middle,DeltaD_px,45,1,0.006915819065438376,-0.009868323802947998,,,,
condition_valid,T04,middle,D_BG_px,45,1,0.22334339511063364,0.17303702235221863,,,,
condition_valid,T04,middle,ADE_BG0_px,45,1,0.21642757604519527,0.20112350583076477,,,,
condition_valid,T04,middle,FDE_BG0_px,45,1,0.4675598779486285,0.38406533002853394,,,,
condition_valid,T04,middle,ADE_GT_px,45,1,1.0932088015377786,1.0811397310774975,,,,
condition_valid,T04,middle,FDE_GT_px,45,1,2.28187972365001,2.2916299218956517,,,,
condition_valid,T04,middle,GT_improvement_px,45,1,0.05610922993548742,0.026820096880282918,,,,
condition_valid,T04,middle,Remaining_pct,45,1,109.11220166202149,106.98171887943963,,,,
condition_valid,T04,middle,mean_active_FlowCorrection,45,1,0.7298392251294706,0.7279260397681143,,,,
condition_valid,T05,background_early,Recovery_pct,45,1,-0.00618936829953482,0.23939164618394204,,,,
condition_valid,T05,background_early,DeltaD_px,45,1,-0.0017852215303315057,0.000985175371170044,,,,
condition_valid,T05,background_early,D_BG_px,45,1,0.5069676631026798,0.2558152377605438,,,,
condition_valid,T05,background_early,ADE_BG0_px,45,1,0.5087528846330113,0.24529556930065155,,,,
condition_valid,T05,background_early,FDE_BG0_px,45,1,0.9607330827249421,0.46293434500694275,,,,
condition_valid,T05,background_early,ADE_GT_px,45,1,1.4823389939291414,1.2548258176341505,,,,
condition_valid,T05,background_early,FDE_GT_px,45,1,2.238848636942842,2.1134194748038735,,,,
condition_valid,T05,background_early,GT_improvement_px,45,1,-0.0005322067061926473,-0.00024710023557497835,,,,
condition_valid,T05,background_early,Remaining_pct,45,1,100.00618452240647,99.76060621917595,,,,
condition_valid,T05,background_early,mean_active_FlowCorrection,45,1,1.9909891999863946e-07,1.2703987177971796e-07,,,,
condition_valid,T05,background_full,Recovery_pct,45,1,14.383484407454207,12.916771946725468,,,,
condition_valid,T05,background_full,DeltaD_px,45,1,0.0894511594540543,0.04403398185968399,,,,
condition_valid,T05,background_full,D_BG_px,45,1,0.5069676631026798,0.2558152377605438,,,,
condition_valid,T05,background_full,ADE_BG0_px,45,1,0.41751650364862547,0.20381847023963928,,,,
condition_valid,T05,background_full,FDE_BG0_px,45,1,0.8018173810922438,0.43145978450775146,,,,
condition_valid,T05,background_full,ADE_GT_px,45,1,1.5009295382641954,1.2131276080005544,,,,
condition_valid,T05,background_full,FDE_GT_px,45,1,2.2287734879648333,2.1005089868567626,,,,
condition_valid,T05,background_full,GT_improvement_px,45,1,-0.019122751041246753,0.00392520888364841,,,,
condition_valid,T05,background_full,Remaining_pct,45,1,85.61651074665275,87.08322701166657,,,,
condition_valid,T05,background_full,mean_active_FlowCorrection,45,1,2.1398535206489866e-07,1.4676756098415863e-07,,,,
condition_valid,T05,baseline,Recovery_pct,45,1,0.0,0.0,,,,
condition_valid,T05,baseline,DeltaD_px,45,1,0.0,0.0,,,,
condition_valid,T05,baseline,D_BG_px,45,1,0.5069676631026798,0.2558152377605438,,,,
condition_valid,T05,baseline,ADE_BG0_px,45,1,0.5069676631026798,0.2558152377605438,,,,
condition_valid,T05,baseline,FDE_BG0_px,45,1,0.9578928651909033,0.45734742283821106,,,,
condition_valid,T05,baseline,ADE_GT_px,45,1,1.481806787222949,1.2561368848867196,,,,
condition_valid,T05,baseline,FDE_GT_px,45,1,2.238381311106922,2.1335051128242633,,,,
condition_valid,T05,baseline,GT_improvement_px,45,1,0.0,0.0,,,,
condition_valid,T05,baseline,Remaining_pct,45,1,99.99999515410697,99.99999609092887,,,,
condition_valid,T05,baseline,mean_active_FlowCorrection,0,,,,,,,
condition_valid,T05,early,Recovery_pct,45,1,14.26723999503892,15.703843594093062,,,,
condition_valid,T05,early,DeltaD_px,45,1,0.08500634498066373,0.03699874132871628,,,,
condition_valid,T05,early,D_BG_px,45,1,0.5069676631026798,0.2558152377605438,,,,
condition_valid,T05,early,ADE_BG0_px,45,1,0.42196131812201604,0.23108339309692383,,,,
condition_valid,T05,early,FDE_BG0_px,45,1,0.8014482249402337,0.3572636544704437,,,,
condition_valid,T05,early,ADE_GT_px,45,1,1.4513976784612548,1.192163231632108,,,,
condition_valid,T05,early,FDE_GT_px,45,1,2.1551697591705743,2.0652383312675906,,,,
condition_valid,T05,early,GT_improvement_px,45,1,0.030409108761693854,0.007817469207190234,,,,
condition_valid,T05,early,Remaining_pct,45,1,85.73275515906805,84.29615533832654,,,,
condition_valid,T05,early,mean_active_FlowCorrection,45,1,0.7662358614149912,0.7730403579090869,,,,
condition_valid,T05,full,Recovery_pct,45,1,33.90013181562341,56.62434853996443,,,,
condition_valid,T05,full,DeltaD_px,45,1,0.2934358412192927,0.15552155673503876,,,,
condition_valid,T05,full,D_BG_px,45,1,0.5069676631026798,0.2558152377605438,,,,
condition_valid,T05,full,ADE_BG0_px,45,1,0.21353182188338704,0.11403970420360565,,,,
condition_valid,T05,full,FDE_BG0_px,45,1,0.39272204405731626,0.17900002002716064,,,,
condition_valid,T05,full,ADE_GT_px,45,1,1.3982085155828383,0.9846395880086085,,,,
condition_valid,T05,full,FDE_GT_px,45,1,2.024844872675917,1.8715584657264637,,,,
condition_valid,T05,full,GT_improvement_px,45,1,0.08359827164011047,0.08097532977204241,,,,
condition_valid,T05,full,Remaining_pct,45,1,66.09986333848354,43.375645157894496,,,,
condition_valid,T05,full,mean_active_FlowCorrection,45,1,0.7311630058181046,0.7328291144913497,,,,
condition_valid,T05,late,Recovery_pct,45,1,11.297532977632441,12.087687977289411,,,,
condition_valid,T05,late,DeltaD_px,45,1,0.03814165550801489,0.04013603925704956,,,,
condition_valid,T05,late,D_BG_px,45,1,0.5069676631026798,0.2558152377605438,,,,
condition_valid,T05,late,ADE_BG0_px,45,1,0.4688260075946649,0.21199393272399902,,,,
condition_valid,T05,late,FDE_BG0_px,45,1,0.8919880099180671,0.41368526220321655,,,,
condition_valid,T05,late,ADE_GT_px,45,1,1.477966857376183,1.2202575049417965,,,,
condition_valid,T05,late,FDE_GT_px,45,1,2.2123607580212594,2.050805083847473,,,,
condition_valid,T05,late,GT_improvement_px,45,1,0.003839929846765483,0.008134579656875002,,,,
condition_valid,T05,late,Remaining_pct,45,1,88.70246217647451,87.91231030492844,,,,
condition_valid,T05,late,mean_active_FlowCorrection,45,1,0.7223421070800804,0.7262172707640163,,,,
condition_valid,T05,middle,Recovery_pct,45,1,37.61936874071898,48.484060974302146,,,,
condition_valid,T05,middle,DeltaD_px,45,1,0.24370606227053537,0.14392852783203125,,,,
condition_valid,T05,middle,D_BG_px,45,1,0.5069676631026798,0.2558152377605438,,,,
condition_valid,T05,middle,ADE_BG0_px,45,1,0.2632616008321444,0.13153418898582458,,,,
condition_valid,T05,middle,FDE_BG0_px,45,1,0.49272590519653425,0.21854980289936066,,,,
condition_valid,T05,middle,ADE_GT_px,45,1,1.4157572199325257,1.0235863865226305,,,,
condition_valid,T05,middle,FDE_GT_px,45,1,2.069781368330633,1.9550516867777488,,,,
condition_valid,T05,middle,GT_improvement_px,45,1,0.06604956729042298,0.06750881449492689,,,,
condition_valid,T05,middle,Remaining_pct,45,1,62.380626413387965,51.515933657412475,,,,
condition_valid,T05,middle,mean_active_FlowCorrection,45,1,0.706112167752858,0.7041641149195143,,,,
paired_stages,pooled,early,Recovery_pct,269,6,5.105862479385559,4.99957434050687,1.3336037478330127,9.521020870097637,1.5466010908294403,8.320685365789924
paired_stages,pooled,early,DeltaD_px,269,6,0.07644636145893305,0.010410584509372711,0.009203720803338068,0.17828607020641535,0.0018953723832964898,0.05381631851196289
paired_stages,pooled,early,D_BG_px,269,6,1.3747128043046781,0.19457247853279114,0.24339875964516844,3.4986222917902934,0.12920014299452304,0.5526313185691833
paired_stages,pooled,early,ADE_BG0_px,269,6,1.298266442845745,0.18411611020565033,0.23193109735018677,3.3217547998278776,0.131326824426651,0.5109809175133697
paired_stages,pooled,early,FDE_BG0_px,269,6,3.0665791414047985,0.31403589248657227,0.4333986728141705,8.006509415261196,0.18175998330116272,1.1329059600830078
paired_stages,pooled,early,ADE_GT_px,269,6,2.138411995029877,1.0028787413709133,0.7355704401443027,4.561316830670607,0.6106916415135056,2.1298767561548675
paired_stages,pooled,early,FDE_GT_px,269,6,4.7593549159268385,1.954836345322765,1.332633543186398,10.990232847753088,0.8193326614760762,5.009101665036614
paired_stages,pooled,early,GT_improvement_px,269,6,0.0633736182554719,0.004057579519269185,0.006975336664051636,0.16600011336089243,0.0009065402853222798,0.03654716050041871
paired_stages,pooled,early,Remaining_pct,269,6,94.89413076704818,95.00042434452476,90.4789735892367,98.6663874976999,91.67931066800189,98.45338896050778
paired_stages,pooled,early,mean_active_FlowCorrection,270,6,0.7819815964718315,0.7718573084973135,0.7557334029873469,0.8164659595998817,0.746700281605071,0.8152006665434793
paired_stages,pooled,full,Recovery_pct,269,6,6.1127061012289845,18.700091082964345,-11.181435272133125,20.61198592156635,3.856995237127632,37.999897268405796
paired_stages,pooled,full,DeltaD_px,269,6,0.2646567908333801,0.040780238807201385,0.03967238750170778,0.5831127449144585,0.002190634608268738,0.15580156035721276
paired_stages,pooled,full,D_BG_px,269,6,1.3747128043046781,0.19457247853279114,0.24339875964516844,3.4986222917902934,0.12920014299452304,0.5526313185691833
paired_stages,pooled,full,ADE_BG0_px,269,6,1.110056013471298,0.16543364524841309,0.1852421018808942,2.9146279859939095,0.11714683473110199,0.4812288284301758
paired_stages,pooled,full,FDE_BG0_px,269,6,2.609082461776191,0.2684270441532135,0.3095154914349593,7.001161540535798,0.17900002002716064,1.0990349054336548
paired_stages,pooled,full,ADE_GT_px,270,6,2.0817002772512843,0.9771770981120944,0.6981336132046113,4.427084856040967,0.6255453540836706,2.2671167920632005
paired_stages,pooled,full,FDE_GT_px,270,6,4.5821589419522235,1.8318039279456793,1.2044673679021403,10.670881485907422,0.7721224260451311,4.9651539299424625
paired_stages,pooled,full,GT_improvement_px,269,6,0.2139941441366862,0.021978929324048695,0.02834842747579164,0.5419554297152176,-0.005427518086961998,0.12279369739680304
paired_stages,pooled,full,Remaining_pct,269,6,93.88728714520475,81.2998990867559,79.38800853342417,111.1814270584796,62.00010025249484,96.14298715612397
paired_stages,pooled,full,mean_active_FlowCorrection,270,6,0.7693417186201005,0.7677165823500474,0.7456887569656566,0.7937973409676922,0.7408875424404467,0.7884129822330956
paired_stages,pooled,late,Recovery_pct,269,6,0.21260614745345183,1.69159000337884,-5.738762414549678,5.7422561681505,-0.41382314406279674,7.334329718725166
paired_stages,pooled,late,DeltaD_px,269,6,0.0031148255300676954,0.00784529373049736,-0.010219524765150968,0.019161430932926358,-0.0011120028793811798,0.019209012389183044
paired_stages,pooled,late,D_BG_px,269,6,1.3747128043046781,0.19457247853279114,0.24339875964516844,3.4986222917902934,0.12920014299452304,0.5526313185691833
paired_stages,pooled,late,ADE_BG0_px,269,6,1.3715979787746104,0.20002968609333038,0.2422539909178805,3.5015741672980765,0.13398293405771255,0.5649073302745818
paired_stages,pooled,late,FDE_BG0_px,269,6,3.214390671645814,0.325399786233902,0.45443936043453437,8.375837512741263,0.20102745294570923,1.3001710176467896
paired_stages,pooled,late,ADE_GT_px,270,6,2.2997758008232783,1.0187428119432294,0.739756880227387,4.995068413306395,0.611995432022614,2.1672977622412115
paired_stages,pooled,late,FDE_GT_px,270,6,5.126465231996404,1.98538190932384,1.349799971824136,11.988487827609699,0.8145211759816023,5.122624285713611
paired_stages,pooled,late,GT_improvement_px,269,6,-0.004334743738967546,0.00025914036596415627,-0.013251054946746107,0.003467150717736171,-0.0066791687967524774,0.004004652812746435
paired_stages,pooled,late,Remaining_pct,269,6,99.78738709898029,98.30840695108097,94.2577371950272,105.73875408236391,92.6656609913807,100.41381871908938
paired_stages,pooled,late,mean_active_FlowCorrection,270,6,0.7669428632230053,0.7700276283491536,0.7432176133703102,0.789832168455745,0.7332284746699727,0.7968270320745272
paired_stages,pooled,middle,Recovery_pct,269,6,10.827395604258756,13.227087972165046,-1.899313944138794,24.913915648534175,3.112309190487465,36.30952226708889
paired_stages,pooled,middle,DeltaD_px,269,6,0.1763329760943536,0.02761467546224594,0.0440903304696635,0.33884769001424536,0.0034567415714263916,0.10781019926071167
paired_stages,pooled,middle,D_BG_px,269,6,1.3747128043046781,0.19457247853279114,0.24339875964516844,3.4986222917902934,0.12920014299452304,0.5526313185691833
paired_stages,pooled,middle,ADE_BG0_px,269,6,1.1983798282103246,0.17011216282844543,0.1909015970863402,3.1581680935619167,0.12193982675671577,0.5136881619691848
paired_stages,pooled,middle,FDE_BG0_px,269,6,2.813930138644371,0.2720871865749359,0.325790847486092,7.565497984502757,0.16244232654571533,1.1584092378616333
paired_stages,pooled,middle,ADE_GT_px,270,6,2.1604969592185976,0.9894002259435556,0.6977577468414236,4.653300180262989,0.6156584200027375,2.2508038130676646
paired_stages,pooled,middle,FDE_GT_px,270,6,4.790418066931109,1.8303322165349165,1.235903606815966,11.226244287743539,0.7742240473899524,5.21641918826021
paired_stages,pooled,middle,GT_improvement_px,269,6,0.1318708176805921,0.02009367923282111,0.026583424411049633,0.3059768052770474,-0.002688851390340058,0.07430223586885727
paired_stages,pooled,middle,Remaining_pct,269,6,89.17259764217498,86.77291197915415,75.08607701195017,101.89930700189697,63.69047633227404,96.88768829108386
paired_stages,pooled,middle,mean_active_FlowCorrection,270,6,0.7610496103677161,0.7550701463914299,0.7313477180361773,0.7908555080552346,0.7279600850617024,0.7862775172063958
paired_stages,Original,early,Recovery_pct,44,1,6.407173424494773,4.998281742418111,,,,
paired_stages,Original,early,DeltaD_px,44,1,0.32278882525861263,0.13718736171722412,,,,
paired_stages,Original,early,D_BG_px,44,1,6.698130540719086,2.8853800296783447,,,,
paired_stages,Original,early,ADE_BG0_px,44,1,6.375341715460474,2.737212300300598,,,,
paired_stages,Original,early,FDE_BG0_px,44,1,15.483743018047376,5.633627653121948,,,,
paired_stages,Original,early,ADE_GT_px,44,1,8.137605713882543,4.620467644392959,,,,
paired_stages,Original,early,FDE_GT_px,44,1,20.251488572697017,10.320316942671475,,,,
paired_stages,Original,early,GT_improvement_px,44,1,0.31993174063355995,0.1371660016064125,,,,
paired_stages,Original,early,Remaining_pct,44,1,93.59282554674242,95.00171624680888,,,,
paired_stages,Original,early,mean_active_FlowCorrection,45,1,0.8653889190890109,0.8736660194540277,,,,
paired_stages,Original,full,Recovery_pct,44,1,5.420313811112357,14.52512303884913,,,,
paired_stages,Original,full,DeltaD_px,44,1,1.0316158848052674,0.41372132301330566,,,,
paired_stages,Original,full,D_BG_px,44,1,6.698130540719086,2.8853800296783447,,,,
paired_stages,Original,full,ADE_BG0_px,44,1,5.666514655913819,2.3537933826446533,,,,
paired_stages,Original,full,FDE_BG0_px,44,1,13.718042152510447,4.81305718421936,,,,
paired_stages,Original,full,ADE_GT_px,45,1,7.875770375168063,4.410322105152722,,,,
paired_stages,Original,full,FDE_GT_px,45,1,19.60449513481641,9.665356637577771,,,,
paired_stages,Original,full,GT_improvement_px,44,1,1.0242079721136816,0.4100011926779986,,,,
paired_stages,Original,full,Remaining_pct,44,1,94.57968516012484,85.47487674259678,,,,
paired_stages,Original,full,mean_active_FlowCorrection,45,1,0.8221251125921727,0.8215841114417413,,,,
paired_stages,Original,late,Recovery_pct,44,1,-0.11350648095271616,0.15490755739849915,,,,
paired_stages,Original,late,DeltaD_px,44,1,-0.020190559327602386,0.011649399995803833,,,,
paired_stages,Original,late,D_BG_px,44,1,6.698130540719086,2.8853800296783447,,,,
paired_stages,Original,late,ADE_BG0_px,44,1,6.718321100046689,2.831179141998291,,,,
paired_stages,Original,late,FDE_BG0_px,44,1,16.19122284210541,5.989901065826416,,,,
paired_stages,Original,late,ADE_GT_px,45,1,8.905152450149277,4.951411835224546,,,,
paired_stages,Original,late,FDE_GT_px,45,1,22.03417630817167,10.825028340550261,,,,
paired_stages,Original,late,GT_improvement_px,44,1,-0.02516186534693573,-0.00017208964135005282,,,,
paired_stages,Original,late,Remaining_pct,44,1,100.11350545218993,99.84509233736141,,,,
paired_stages,Original,late,mean_active_FlowCorrection,45,1,0.7763608474546398,0.7698433209694916,,,,
paired_stages,Original,middle,Recovery_pct,44,1,0.8001631318892651,6.992471708227875,,,,
paired_stages,Original,middle,DeltaD_px,44,1,0.5563827219673179,0.20366120338439941,,,,
paired_stages,Original,middle,D_BG_px,44,1,6.698130540719086,2.8853800296783447,,,,
paired_stages,Original,middle,ADE_BG0_px,44,1,6.141747818751768,2.4973613023757935,,,,
paired_stages,Original,middle,FDE_BG0_px,44,1,14.80759421126409,4.984740972518921,,,,
paired_stages,Original,middle,ADE_GT_px,45,1,8.31583228018874,4.6333310361288955,,,,
paired_stages,Original,middle,FDE_GT_px,45,1,20.662117994788634,9.900432011339234,,,,
paired_stages,Original,middle,GT_improvement_px,44,1,0.5555975991262915,0.20616788585022122,,,,
paired_stages,Original,middle,Remaining_pct,44,1,99.19983583934791,93.00752821928214,,,,
paired_stages,Original,middle,mean_active_FlowCorrection,45,1,0.8294501522229931,0.8267964872620998,,,,
paired_stages,T01,early,Recovery_pct,45,1,-0.5141874484540541,0.26104902610909403,,,,
paired_stages,T01,early,DeltaD_px,45,1,-0.0005674753338098526,0.00032001733779907227,,,,
paired_stages,T01,early,D_BG_px,45,1,0.14945788197219373,0.11310245096683502,,,,
paired_stages,T01,early,ADE_BG0_px,45,1,0.15002535730600358,0.12047801166772842,,,,
paired_stages,T01,early,FDE_BG0_px,45,1,0.15926650963309738,0.15662641823291779,,,,
paired_stages,T01,early,ADE_GT_px,45,1,0.3843558402257612,0.30772837123077923,,,,
paired_stages,T01,early,FDE_GT_px,45,1,0.6708572432143977,0.6760939430221509,,,,
paired_stages,T01,early,GT_improvement_px,45,1,0.0013672484044953757,0.0018083092218481884,,,,
paired_stages,T01,early,Remaining_pct,45,1,100.51417708863464,99.73894281655082,,,,
paired_stages,T01,early,mean_active_FlowCorrection,45,1,0.7811502527896151,0.7775886407117136,,,,
paired_stages,T01,full,Recovery_pct,45,1,-1.395905873641484,3.800379494590632,,,,
paired_stages,T01,full,DeltaD_px,45,1,0.003719803690910339,0.001253414899110794,,,,
paired_stages,T01,full,D_BG_px,45,1,0.14945788197219373,0.11310245096683502,,,,
paired_stages,T01,full,ADE_BG0_px,45,1,0.14573807828128338,0.13160094618797302,,,,
paired_stages,T01,full,FDE_BG0_px,45,1,0.20076532728142207,0.17914240062236786,,,,
paired_stages,T01,full,ADE_GT_px,45,1,0.3752958496912993,0.27748382080264317,,,,
paired_stages,T01,full,FDE_GT_px,45,1,0.6561570946452363,0.6882399742426386,,,,
paired_stages,T01,full,GT_improvement_px,45,1,0.010427238938957133,0.006488673156465641,,,,
paired_stages,T01,full,Remaining_pct,45,1,101.39589551382208,96.19959018520575,,,,
paired_stages,T01,full,mean_active_FlowCorrection,45,1,0.789525299915,0.7882019525368571,,,,
paired_stages,T01,late,Recovery_pct,45,1,5.511616629917451,6.609171835392594,,,,
paired_stages,T01,late,DeltaD_px,45,1,0.008232287731435564,0.00784529373049736,,,,
paired_stages,T01,late,D_BG_px,45,1,0.14945788197219373,0.11310245096683502,,,,
paired_stages,T01,late,ADE_BG0_px,45,1,0.14122559424075815,0.11622147262096405,,,,
paired_stages,T01,late,FDE_BG0_px,45,1,0.17479244694113732,0.15043248236179352,,,,
paired_stages,T01,late,ADE_GT_px,45,1,0.3852574816203784,0.29561071367010433,,,,
paired_stages,T01,late,FDE_GT_px,45,1,0.6854662899359288,0.6856743101763243,,,,
paired_stages,T01,late,GT_improvement_px,45,1,0.0004656070098781161,0.0016510059165041238,,,,
paired_stages,T01,late,Remaining_pct,45,1,94.48837301026317,93.39082220448257,,,,
paired_stages,T01,late,mean_active_FlowCorrection,45,1,0.8071094288496886,0.8085578550250823,,,,
paired_stages,T01,middle,Recovery_pct,45,1,-2.7970764998268103,-0.1211198810612344,,,,
paired_stages,T01,middle,DeltaD_px,45,1,-0.0009063197092877494,-0.00021380186080932617,,,,
paired_stages,T01,middle,D_BG_px,45,1,0.14945788197219373,0.11310245096683502,,,,
paired_stages,T01,middle,ADE_BG0_px,45,1,0.15036420168148146,0.1159561276435852,,,,
paired_stages,T01,middle,FDE_BG0_px,45,1,0.16724446552495162,0.1481647789478302,,,,
paired_stages,T01,middle,ADE_GT_px,45,1,0.37351779328487195,0.2895139624752842,,,,
paired_stages,T01,middle,FDE_GT_px,45,1,0.6441008646418773,0.6641138972638356,,,,
paired_stages,T01,middle,GT_improvement_px,45,1,0.012205295345384563,0.005435398800037523,,,,
paired_stages,T01,middle,Remaining_pct,45,1,102.79706614000744,100.12111421600854,,,,
paired_stages,T01,middle,mean_active_FlowCorrection,45,1,0.7818514181595415,0.7783110705492611,,,,
paired_stages,T02,early,Recovery_pct,45,1,5.988868234283052,6.3966524580186865,,,,
paired_stages,T02,early,DeltaD_px,45,1,0.030947633335987726,0.010697588324546814,,,,
paired_stages,T02,early,D_BG_px,45,1,0.46703707153598467,0.15081799030303955,,,,
paired_stages,T02,early,ADE_BG0_px,45,1,0.43608943819999696,0.13631926476955414,,,,
paired_stages,T02,early,FDE_BG0_px,45,1,1.0688272864040402,0.25396254658699036,,,,
paired_stages,T02,early,ADE_GT_px,45,1,0.9783957641843299,0.9240365822251171,,,,
paired_stages,T02,early,FDE_GT_px,45,1,1.8245893287932524,1.1620351467176064,,,,
paired_stages,T02,early,GT_improvement_px,45,1,0.011221192824284475,-0.0017644870088749458,,,,
paired_stages,T02,early,Remaining_pct,45,1,94.01112350959437,93.60334634718521,,,,
paired_stages,T02,early,mean_active_FlowCorrection,45,1,0.757698769359653,0.7546879536117651,,,,
paired_stages,T02,full,Recovery_pct,45,1,17.932992382057744,28.40094816516956,,,,
paired_stages,T02,full,DeltaD_px,45,1,0.16091539189219475,0.05742049217224121,,,,
paired_stages,T02,full,D_BG_px,45,1,0.46703707153598467,0.15081799030303955,,,,
paired_stages,T02,full,ADE_BG0_px,45,1,0.30612167964378995,0.11077763885259628,,,,
paired_stages,T02,full,FDE_BG0_px,45,1,0.8134301334619523,0.25186073780059814,,,,
paired_stages,T02,full,ADE_GT_px,45,1,0.9904819546676548,0.9662177873900992,,,,
paired_stages,T02,full,FDE_GT_px,45,1,1.6782450668405788,1.040381601308655,,,,
paired_stages,T02,full,GT_improvement_px,45,1,-0.0008649976590404322,-0.05232861166389387,,,,
paired_stages,T02,full,Remaining_pct,45,1,82.06699936181967,71.59904876246806,,,,
paired_stages,T02,full,mean_active_FlowCorrection,45,1,0.7574216107281194,0.7563963907760376,,,,
paired_stages,T02,late,Recovery_pct,45,1,0.818616215886974,3.314229288369777,,,,
paired_stages,T02,late,DeltaD_px,45,1,0.008157174206442304,0.006707862019538879,,,,
paired_stages,T02,late,D_BG_px,45,1,0.46703707153598467,0.15081799030303955,,,,
paired_stages,T02,late,ADE_BG0_px,45,1,0.4588798973295424,0.1404941827058792,,,,
paired_stages,T02,late,FDE_BG0_px,45,1,1.1404150437977578,0.29463082551956177,,,,
paired_stages,T02,late,ADE_GT_px,45,1,1.0008009230701111,0.9413459864241898,,,,
paired_stages,T02,late,FDE_GT_px,45,1,1.8394137447868308,1.0985228413336265,,,,
paired_stages,T02,late,GT_improvement_px,45,1,-0.011183966061496737,-0.01077168196357366,,,,
paired_stages,T02,late,Remaining_pct,45,1,99.18137552799043,96.68576951683411,,,,
paired_stages,T02,late,mean_active_FlowCorrection,45,1,0.771345179734908,0.7706113913163121,,,,
paired_stages,T02,middle,Recovery_pct,45,1,20.23365522800504,21.667182981011667,,,,
paired_stages,T02,middle,DeltaD_px,45,1,0.1325266945693228,0.05114950239658356,,,,
paired_stages,T02,middle,D_BG_px,45,1,0.46703707153598467,0.15081799030303955,,,,
paired_stages,T02,middle,ADE_BG0_px,45,1,0.33451037696666186,0.1057806983590126,,,,
paired_stages,T02,middle,FDE_BG0_px,45,1,0.8647730206242866,0.22079695761203766,,,,
paired_stages,T02,middle,ADE_GT_px,45,1,0.9863921498280734,0.9786853402414799,,,,
paired_stages,T02,middle,FDE_GT_px,45,1,1.740434768143879,1.1156329332357857,,,,
paired_stages,T02,middle,GT_improvement_px,45,1,0.0032248071805407673,-0.03758311861774356,,,,
paired_stages,T02,middle,Remaining_pct,45,1,79.76633651587237,78.33281507953254,,,,
paired_stages,T02,middle,mean_active_FlowCorrection,45,1,0.7449568498255739,0.7429416271321975,,,,
paired_stages,T03,early,Recovery_pct,45,1,3.924017600536007,5.312473217493136,,,,
paired_stages,T03,early,DeltaD_px,45,1,0.02111586613787545,0.008012056350708008,,,,
paired_stages,T03,early,D_BG_px,45,1,0.3216384453078111,0.15324446558952332,,,,
paired_stages,T03,early,ADE_BG0_px,45,1,0.30052257916993563,0.14481960237026215,,,,
paired_stages,T03,early,FDE_BG0_px,45,1,0.6424307263352804,0.23424604535102844,,,,
paired_stages,T03,early,ADE_GT_px,45,1,0.8710527113977784,0.7657587954972243,,,,
paired_stages,T03,early,FDE_GT_px,45,1,1.6103668671448412,0.9723117083139682,,,,
paired_stages,T03,early,GT_improvement_px,45,1,0.014675357046035006,0.0013930704237181944,,,,
paired_stages,T03,early,Remaining_pct,45,1,96.07597361082021,94.68752457328786,,,,
paired_stages,T03,early,mean_active_FlowCorrection,45,1,0.7824074617204256,0.7699480701377267,,,,
paired_stages,T03,full,Recovery_pct,45,1,8.102659689815109,21.099868347956104,,,,
paired_stages,T03,full,DeltaD_px,45,1,0.13657337948679923,0.018355607986450195,,,,
paired_stages,T03,full,D_BG_px,45,1,0.3216384453078111,0.15324446558952332,,,,
paired_stages,T03,full,ADE_BG0_px,45,1,0.18506506582101187,0.1572202742099762,,,,
paired_stages,T03,full,FDE_BG0_px,45,1,0.28643936573838197,0.1562989205121994,,,,
paired_stages,T03,full,ADE_GT_px,45,1,0.7684947475793891,0.7223372726333809,,,,
paired_stages,T03,full,FDE_GT_px,45,1,1.279649884427823,0.9375001695118388,,,,
paired_stages,T03,full,GT_improvement_px,45,1,0.11723332086442455,0.035390518286820064,,,,
paired_stages,T03,full,Remaining_pct,45,1,91.8973315215411,78.90012995056732,,,,
paired_stages,T03,full,mean_active_FlowCorrection,45,1,0.7820616100636878,0.7733320981445347,,,,
paired_stages,T03,late,Recovery_pct,45,1,-9.91196875700533,-1.0018829658932886,,,,
paired_stages,T03,late,DeltaD_px,45,1,-0.0038077164855268267,-0.0017650127410888672,,,,
paired_stages,T03,late,D_BG_px,45,1,0.3216384453078111,0.15324446558952332,,,,
paired_stages,T03,late,ADE_BG0_px,45,1,0.3254461617933379,0.17610347270965576,,,,
paired_stages,T03,late,FDE_BG0_px,45,1,0.6551354059328636,0.25377875566482544,,,,
paired_stages,T03,late,ADE_GT_px,45,1,0.8884931360071798,0.775553826886339,,,,
paired_stages,T03,late,FDE_GT_px,45,1,1.6176794450945098,0.9760443982363406,,,,
paired_stages,T03,late,GT_improvement_px,45,1,-0.0027650675633663323,0.0011305952366297237,,,,
paired_stages,T03,late,Remaining_pct,45,1,109.91195996836153,101.00186919227527,,,,
paired_stages,T03,late,mean_active_FlowCorrection,45,1,0.7910418967826388,0.7903792974908654,,,,
paired_stages,T03,middle,Recovery_pct,45,1,17.99764441345075,20.217675107881124,,,,
paired_stages,T03,middle,DeltaD_px,45,1,0.12781842831108306,0.02718132734298706,,,,
paired_stages,T03,middle,D_BG_px,45,1,0.3216384453078111,0.15324446558952332,,,,
paired_stages,T03,middle,ADE_BG0_px,45,1,0.19382001699672805,0.14290425181388855,,,,
paired_stages,T03,middle,FDE_BG0_px,45,1,0.35020921958817375,0.17834389209747314,,,,
paired_stages,T03,middle,ADE_GT_px,45,1,0.7782735105395948,0.728177487147799,,,,
paired_stages,T03,middle,FDE_GT_px,45,1,1.344193682031628,0.9334537042699439,,,,
paired_stages,T03,middle,GT_improvement_px,45,1,0.10745455790421878,0.04232723914891912,,,,
paired_stages,T03,middle,Remaining_pct,45,1,82.00234679790547,79.7823047891849,,,,
paired_stages,T03,middle,mean_active_FlowCorrection,45,1,0.7740878491158595,0.764409995120177,,,,
paired_stages,T04,early,Recovery_pct,45,1,0.5909810914170849,2.086070577086594,,,,
paired_stages,T04,early,DeltaD_px,45,1,0.004861251347594791,0.0032504796981811523,,,,
paired_stages,T04,early,D_BG_px,45,1,0.22334339511063364,0.17303702235221863,,,,
paired_stages,T04,early,ADE_BG0_px,45,1,0.21848214376303884,0.17085304856300354,,,,
paired_stages,T04,early,FDE_BG0_px,45,1,0.5196960581052634,0.3553365468978882,,,,
paired_stages,T04,early,ADE_GT_px,45,1,1.1409796780021015,1.1255359475340962,,,,
paired_stages,T04,early,FDE_GT_px,45,1,2.387927361358066,2.366429622549828,,,,
paired_stages,T04,early,GT_improvement_px,45,1,0.00833835347116466,0.003662339680180593,,,,
paired_stages,T04,early,Remaining_pct,45,1,99.40901179364484,97.91392220174896,,,,
paired_stages,T04,early,mean_active_FlowCorrection,45,1,0.7390083144572934,0.7385478949729735,,,,
paired_stages,T04,full,Recovery_pct,45,1,-27.299341712929163,-17.384983686304324,,,,
paired_stages,T04,full,DeltaD_px,45,1,-0.02127602067258623,-0.026370197534561157,,,,
paired_stages,T04,full,D_BG_px,45,1,0.22334339511063364,0.17303702235221863,,,,
paired_stages,T04,full,ADE_BG0_px,45,1,0.24461941578321986,0.23492205142974854,,,,
paired_stages,T04,full,FDE_BG0_px,45,1,0.4899615185128318,0.3175835907459259,,,,
paired_stages,T04,full,ADE_GT_px,45,1,1.08195022081846,1.068773528312881,,,,
paired_stages,T04,full,FDE_GT_px,45,1,2.2495615983073773,2.2361182890470466,,,,
paired_stages,T04,full,GT_improvement_px,45,1,0.06736781065480599,0.03175734804200749,,,,
paired_stages,T04,full,Remaining_pct,45,1,127.29933459799109,117.38497982755048,,,,
paired_stages,T04,full,mean_active_FlowCorrection,45,1,0.7337536726035184,0.7318963132185237,,,,
paired_stages,T04,late,Recovery_pct,45,1,-6.333900648056026,-1.9215888058905246,,,,
paired_stages,T04,late,DeltaD_px,45,1,-0.012361785893638929,-0.002952389419078827,,,,
paired_stages,T04,late,D_BG_px,45,1,0.22334339511063364,0.17303702235221863,,,,
paired_stages,T04,late,ADE_BG0_px,45,1,0.23570518100427257,0.1962035894393921,,,,
paired_stages,T04,late,FDE_BG0_px,45,1,0.5211643294120828,0.39235326647758484,,,,
paired_stages,T04,late,ADE_GT_px,45,1,1.1409839567165372,1.1243306630533252,,,,
paired_stages,T04,late,FDE_GT_px,45,1,2.369694845968225,2.3757836328881243,,,,
paired_stages,T04,late,GT_improvement_px,45,1,0.008334074756728403,0.0018779173889594408,,,,
paired_stages,T04,late,Remaining_pct,45,1,106.33389353311796,101.92158607252861,,,,
paired_stages,T04,late,mean_active_FlowCorrection,45,1,0.7334577194360762,0.7301042703586035,,,,
paired_stages,T04,middle,Recovery_pct,45,1,-9.11220877695956,-6.981721612801536,,,,
paired_stages,T04,middle,DeltaD_px,45,1,0.006915819065438376,-0.009868323802947998,,,,
paired_stages,T04,middle,D_BG_px,45,1,0.22334339511063364,0.17303702235221863,,,,
paired_stages,T04,middle,ADE_BG0_px,45,1,0.21642757604519527,0.20112350583076477,,,,
paired_stages,T04,middle,FDE_BG0_px,45,1,0.4675598779486285,0.38406533002853394,,,,
paired_stages,T04,middle,ADE_GT_px,45,1,1.0932088015377786,1.0811397310774975,,,,
paired_stages,T04,middle,FDE_GT_px,45,1,2.28187972365001,2.2916299218956517,,,,
paired_stages,T04,middle,GT_improvement_px,45,1,0.05610922993548742,0.026820096880282918,,,,
paired_stages,T04,middle,Remaining_pct,45,1,109.11220166202149,106.98171887943963,,,,
paired_stages,T04,middle,mean_active_FlowCorrection,45,1,0.7298392251294706,0.7279260397681143,,,,
paired_stages,T05,early,Recovery_pct,45,1,14.26723999503892,15.703843594093062,,,,
paired_stages,T05,early,DeltaD_px,45,1,0.08500634498066373,0.03699874132871628,,,,
paired_stages,T05,early,D_BG_px,45,1,0.5069676631026798,0.2558152377605438,,,,
paired_stages,T05,early,ADE_BG0_px,45,1,0.42196131812201604,0.23108339309692383,,,,
paired_stages,T05,early,FDE_BG0_px,45,1,0.8014482249402337,0.3572636544704437,,,,
paired_stages,T05,early,ADE_GT_px,45,1,1.4513976784612548,1.192163231632108,,,,
paired_stages,T05,early,FDE_GT_px,45,1,2.1551697591705743,2.0652383312675906,,,,
paired_stages,T05,early,GT_improvement_px,45,1,0.030409108761693854,0.007817469207190234,,,,
paired_stages,T05,early,Remaining_pct,45,1,85.73275515906805,84.29615533832654,,,,
paired_stages,T05,early,mean_active_FlowCorrection,45,1,0.7662358614149912,0.7730403579090869,,,,
paired_stages,T05,full,Recovery_pct,45,1,33.90013181562341,56.62434853996443,,,,
paired_stages,T05,full,DeltaD_px,45,1,0.2934358412192927,0.15552155673503876,,,,
paired_stages,T05,full,D_BG_px,45,1,0.5069676631026798,0.2558152377605438,,,,
paired_stages,T05,full,ADE_BG0_px,45,1,0.21353182188338704,0.11403970420360565,,,,
paired_stages,T05,full,FDE_BG0_px,45,1,0.39272204405731626,0.17900002002716064,,,,
paired_stages,T05,full,ADE_GT_px,45,1,1.3982085155828383,0.9846395880086085,,,,
paired_stages,T05,full,FDE_GT_px,45,1,2.024844872675917,1.8715584657264637,,,,
paired_stages,T05,full,GT_improvement_px,45,1,0.08359827164011047,0.08097532977204241,,,,
paired_stages,T05,full,Remaining_pct,45,1,66.09986333848354,43.375645157894496,,,,
paired_stages,T05,full,mean_active_FlowCorrection,45,1,0.7311630058181046,0.7328291144913497,,,,
paired_stages,T05,late,Recovery_pct,45,1,11.297532977632441,12.087687977289411,,,,
paired_stages,T05,late,DeltaD_px,45,1,0.03814165550801489,0.04013603925704956,,,,
paired_stages,T05,late,D_BG_px,45,1,0.5069676631026798,0.2558152377605438,,,,
paired_stages,T05,late,ADE_BG0_px,45,1,0.4688260075946649,0.21199393272399902,,,,
paired_stages,T05,late,FDE_BG0_px,45,1,0.8919880099180671,0.41368526220321655,,,,
paired_stages,T05,late,ADE_GT_px,45,1,1.477966857376183,1.2202575049417965,,,,
paired_stages,T05,late,FDE_GT_px,45,1,2.2123607580212594,2.050805083847473,,,,
paired_stages,T05,late,GT_improvement_px,45,1,0.003839929846765483,0.008134579656875002,,,,
paired_stages,T05,late,Remaining_pct,45,1,88.70246217647451,87.91231030492844,,,,
paired_stages,T05,late,mean_active_FlowCorrection,45,1,0.7223421070800804,0.7262172707640163,,,,
paired_stages,T05,middle,Recovery_pct,45,1,37.61936874071898,48.484060974302146,,,,
paired_stages,T05,middle,DeltaD_px,45,1,0.24370606227053537,0.14392852783203125,,,,
paired_stages,T05,middle,D_BG_px,45,1,0.5069676631026798,0.2558152377605438,,,,
paired_stages,T05,middle,ADE_BG0_px,45,1,0.2632616008321444,0.13153418898582458,,,,
paired_stages,T05,middle,FDE_BG0_px,45,1,0.49272590519653425,0.21854980289936066,,,,
paired_stages,T05,middle,ADE_GT_px,45,1,1.4157572199325257,1.0235863865226305,,,,
paired_stages,T05,middle,FDE_GT_px,45,1,2.069781368330633,1.9550516867777488,,,,
paired_stages,T05,middle,GT_improvement_px,45,1,0.06604956729042298,0.06750881449492689,,,,
paired_stages,T05,middle,Remaining_pct,45,1,62.380626413387965,51.515933657412475,,,,
paired_stages,T05,middle,mean_active_FlowCorrection,45,1,0.706112167752858,0.7041641149195143,,,,
