minimum_D_BG_px,condition,metric,n,n_tasks,mean,median,ci_low,ci_high,median_ci_low,median_ci_high
0,early,Recovery_pct,269,6,5.105862479385559,4.99957434050687,1.3336037478330127,9.521020870097637,1.5466010908294403,8.320685365789924
0,early,DeltaD_px,269,6,0.07644636145893305,0.010410584509372711,0.009203720803338068,0.17828607020641535,0.0018953723832964898,0.05381631851196289
0,middle,Recovery_pct,269,6,10.827395604258756,13.227087972165046,-1.899313944138794,24.913915648534175,3.112309190487465,36.30952226708889
0,middle,DeltaD_px,269,6,0.1763329760943536,0.02761467546224594,0.0440903304696635,0.33884769001424536,0.0034567415714263916,0.10781019926071167
0,late,Recovery_pct,269,6,0.21260614745345183,1.69159000337884,-5.738762414549678,5.7422561681505,-0.41382314406279674,7.334329718725166
0,late,DeltaD_px,269,6,0.0031148255300676954,0.00784529373049736,-0.010219524765150968,0.019161430932926358,-0.0011120028793811798,0.019209012389183044
0,full,Recovery_pct,269,6,6.1127061012289845,18.700091082964345,-11.181435272133125,20.61198592156635,3.856995237127632,37.999897268405796
0,full,DeltaD_px,269,6,0.2646567908333801,0.040780238807201385,0.03967238750170778,0.5831127449144585,0.002190634608268738,0.15580156035721276
1,early,Recovery_pct,47,4,7.22564334227992,5.7280490102979105,5.616600553276192,14.77476949600594,4.829916047422764,16.273749815327996
1,early,DeltaD_px,47,4,0.35032305311649403,0.1722431182861328,0.11598362028598785,0.40827636081393404,0.11353838443756104,0.24466603994369507
1,middle,Recovery_pct,47,4,18.500005703256683,13.227087972165046,10.941628117983047,46.079067350539766,10.700303230330398,46.43889872222526
1,middle,DeltaD_px,47,4,0.7649191136055804,0.46861565113067627,0.6474962358673414,0.7897221071379525,0.3452794551849365,0.7697785198688507
1,late,Recovery_pct,47,4,0.843026598409752,0.44389451169623256,0.19056796352679947,3.264115097167239,-0.17638046700046806,4.71101144103727
1,late,DeltaD_px,47,4,-0.010014965179118705,0.0156400203704834,-0.02573712326231457,0.05459417402744293,-0.0026099085807800293,0.07203137874603271
1,full,Recovery_pct,47,4,26.72931675534323,20.29060036640872,17.99804361696591,59.95098014605644,16.771279916506693,60.483850527916985
1,full,DeltaD_px,47,4,1.2648400423374582,0.7688822746276855,0.8039432987570763,1.3968028653235662,0.6186151504516602,0.9648136794567108
5,early,Recovery_pct,19,1,4.895221100974552,3.757927078296496,,,,
5,early,DeltaD_px,19,1,0.6033410775034052,0.3739194869995117,,,,
5,middle,Recovery_pct,19,1,9.434676742486657,7.370323695607111,,,,
5,middle,DeltaD_px,19,1,1.208879696695428,0.774439811706543,,,,
5,late,Recovery_pct,19,1,-0.11967414633974324,0.12326277001361689,,,,
5,late,DeltaD_px,19,1,-0.06670944314253957,0.013643741607666016,,,,
5,full,Recovery_pct,19,1,17.101250772931643,15.440661883580791,,,,
5,full,DeltaD_px,19,1,2.1920708857084574,2.14508056640625,,,,
