group,kind,metric,n,n_tasks,mean,median,ci_low,ci_high,median_ci_low,median_ci_high
pooled,step24,Recovery,270,6,0.06655269445120388,0.05279371921394632,0.0067372879899466,0.13499811205436366,0.006989199465202933,0.14753930085430725
pooled,step24,D_BG_px,270,6,1.463529528822336,0.19648952037096024,0.24339875964516844,3.741473471037871,0.12920014299452304,0.5678273223340508
pooled,step24,D_int_px,270,6,1.4550302911756767,0.1840664967894554,0.22469732552352878,3.757626543925316,0.12080641835927963,0.574222058057785
pooled,step24,D_to_BGb_px,270,6,0.0996933517632661,0.07510226964950562,0.07337577650340757,0.1292209922577496,0.06505175679922104,0.09366012364625931
pooled,step24,BG0_preference,270,6,-0.4776610836504688,-0.5938793127043982,-0.689399056304359,-0.24204595851767122,-0.8408353508323226,-0.29947568815774106
pooled,step24,closer_BG0,270,6,0.17037037037037037,0.0,0.06666666666666667,0.30027777777777753,0.0,0.0
pooled,step24,ADE_GT,270,6,2.298663318734058,1.015776283891388,0.733208387944992,5.008322682400173,0.6116021241980772,2.180684331064819
pooled,step24,GT_ADE_improvement_px,270,6,-0.005258410341927192,0.0033065228006731954,-0.03188569150740363,0.014005871164125579,-0.0027778147157934705,0.007913131396555851
pooled,paired,Recovery_step12,270,6,0.7198609566413837,0.7661082254123182,0.6702215718855228,0.7719360568339924,0.7108995401525146,0.8048129790997978
pooled,paired,Recovery_step24,270,6,0.06655269445120388,0.05279371921394632,0.0067372879899466,0.13499811205436366,0.006989199465202933,0.14753930085430725
pooled,paired,Delta_recovery_24_minus_12,270,6,-0.6533082621901798,-0.6616401406962304,-0.7106472584433474,-0.5874885961074162,-0.7327208626463084,-0.5625946860442967
pooled,paired,BG0_preference_step12,270,6,0.5807744119178366,0.6332275867462158,0.4884023046603909,0.6913825323480975,0.5050967931747437,0.7131448239088058
pooled,paired,BG0_preference_step24,270,6,-0.47766108511455563,-0.5938793122768402,-0.6893990565505292,-0.24204596067662354,-0.8408353924751282,-0.299475695192814
pooled,paired,Delta_preference_24_minus_12,270,6,-1.0584354970323921,-1.1246321499347687,-1.238481977420042,-0.8820724663294472,-1.307030126452446,-0.9105355441570282
Original,step24,Recovery,45,1,0.00819652913144086,-1.4143051635606696e-05,,,,
Original,step24,D_BG_px,45,1,7.112732715904713,3.0308902263641357,,,,
Original,step24,D_int_px,45,1,7.179367652204301,2.9581170082092285,,,,
Original,step24,D_to_BGb_px,45,1,0.16475405709611046,0.0887182354927063,,,,
Original,step24,BG0_preference,45,1,-0.9210679940713347,-0.9826223851896915,,,,
Original,step24,closer_BG0,45,1,0.0,0.0,,,,
Original,step24,ADE_GT,45,1,8.9374547584315,4.988712466138993,,,,
Original,step24,GT_ADE_improvement_px,45,1,-0.06921824085761227,-0.00764561993929431,,,,
Original,paired,Recovery_step12,45,1,0.6966240017189597,0.7462326704463598,,,,
Original,paired,Recovery_step24,45,1,0.00819652913144086,-1.4143051635606696e-05,,,,
Original,paired,Delta_recovery_24_minus_12,45,1,-0.6884274725875187,-0.7239768735464087,,,,
Original,paired,BG0_preference_step12,45,1,0.4366869933075375,0.49366340041160583,,,,
Original,paired,BG0_preference_step24,45,1,-0.9210679921838972,-0.9826223850250244,,,,
Original,paired,Delta_preference_24_minus_12,45,1,-1.3577549854914348,-1.4210716485977173,,,,
T01,step24,Recovery,45,1,0.1653359633675401,0.25326284864585535,,,,
T01,step24,D_BG_px,45,1,0.14945788197219373,0.11310245096683502,,,,
T01,step24,D_int_px,45,1,0.11408547129895952,0.09261444211006165,,,,
T01,step24,D_to_BGb_px,45,1,0.10573011255926557,0.09035196900367737,,,,
T01,step24,BG0_preference,45,1,-0.010533865552599957,-0.002255390180599642,,,,
T01,step24,closer_BG0,45,1,0.4666666666666667,0.0,,,,
T01,step24,ADE_GT,45,1,0.37548250786687204,0.2746174417386078,,,,
T01,step24,GT_ADE_improvement_px,45,1,0.010240580763384579,0.007913131396555851,,,,
T01,paired,Recovery_step12,45,1,0.8075357502135948,0.8526649867079636,,,,
T01,paired,Recovery_step24,45,1,0.1653359633675401,0.25326284864585535,,,,
T01,paired,Delta_recovery_24_minus_12,45,1,-0.6421997868460548,-0.5382185588456226,,,,
T01,paired,BG0_preference_step12,45,1,0.7546695785390006,0.791465699672699,,,,
T01,paired,BG0_preference_step24,45,1,-0.01053386809459577,-0.002255390165373683,,,,
T01,paired,Delta_preference_24_minus_12,45,1,-0.7652034466335964,-0.6900560632348061,,,,
T02,step24,Recovery,45,1,-0.031478724423739224,0.02475555360321724,,,,
T02,step24,D_BG_px,45,1,0.46703707153598467,0.15081799030303955,,,,
T02,step24,D_int_px,45,1,0.4627697513335281,0.14528246223926544,,,,
T02,step24,D_to_BGb_px,45,1,0.07977631377677123,0.0687047466635704,,,,
T02,step24,BG0_preference,45,1,-0.47456358879753496,-0.5929026762114304,,,,
T02,step24,closer_BG0,45,1,0.15555555555555556,0.0,,,,
T02,step24,ADE_GT,45,1,0.9898428567356748,0.8865943026952557,,,,
T02,step24,GT_ADE_improvement_px,45,1,-0.00022589972706054843,-0.007196273503986425,,,,
T02,paired,Recovery_step12,45,1,0.6163593165672182,0.6895622811897854,,,,
T02,paired,Recovery_step24,45,1,-0.031478724423739224,0.02475555360321724,,,,
T02,paired,Delta_recovery_24_minus_12,45,1,-0.6478380409909574,-0.6551412424367486,,,,
T02,paired,BG0_preference_step12,45,1,0.45653980159097246,0.4690909683704376,,,,
T02,paired,BG0_preference_step24,45,1,-0.47456358866766096,-0.592902660369873,,,,
T02,paired,Delta_preference_24_minus_12,45,1,-0.9311033902586334,-0.9436515867710114,,,,
T03,step24,Recovery,45,1,0.06932236372859364,0.03707275157724643,,,,
T03,step24,D_BG_px,45,1,0.3216384453078111,0.15324446558952332,,,,
T03,step24,D_int_px,45,1,0.32141181060837376,0.1573738306760788,,,,
T03,step24,D_to_BGb_px,45,1,0.06960355713963509,0.06819415837526321,,,,
T03,step24,BG0_preference,45,1,-0.4716205527542398,-0.5712154875232508,,,,
T03,step24,closer_BG0,45,1,0.17777777777777778,0.0,,,,
T03,step24,ADE_GT,45,1,0.889852003403081,0.7612533155236926,,,,
T03,step24,GT_ADE_improvement_px,45,1,-0.004123934959267061,0.0019836415880549866,,,,
T03,paired,Recovery_step12,45,1,0.7645143581805051,0.793532850810381,,,,
T03,paired,Recovery_step24,45,1,0.06932236372859364,0.03707275157724643,,,,
T03,paired,Delta_recovery_24_minus_12,45,1,-0.6951919944519116,-0.756235228564558,,,,
T03,paired,BG0_preference_step12,45,1,0.6785381204552121,0.6795284748077393,,,,
T03,paired,BG0_preference_step24,45,1,-0.47162055820226667,-0.5712155103683472,,,,
T03,paired,Delta_preference_24_minus_12,45,1,-1.1501586786574787,-1.2275349497795105,,,,
T04,step24,Recovery,45,1,0.017665754795682703,0.06397969479087828,,,,
T04,step24,D_BG_px,45,1,0.22334339511063364,0.17303702235221863,,,,
T04,step24,D_int_px,45,1,0.22174597730239232,0.1814585030078888,,,,
T04,step24,D_to_BGb_px,45,1,0.061774131904045744,0.059603314846754074,,,,
T04,step24,BG0_preference,45,1,-0.6031706458420552,-0.680695066281662,,,,
T04,step24,closer_BG0,45,1,0.044444444444444446,0.0,,,,
T04,step24,ADE_GT,45,1,1.1414799736668306,1.1300548649442002,,,,
T04,step24,GT_ADE_improvement_px,45,1,0.00783805780643554,0.005582358533652107,,,,
T04,paired,Recovery_step12,45,1,0.7659863580710748,0.7943754524807647,,,,
T04,paired,Recovery_step24,45,1,0.017665754795682703,0.06397969479087828,,,,
T04,paired,Delta_recovery_24_minus_12,45,1,-0.7483206032753922,-0.7298488299070226,,,,
T04,paired,BG0_preference_step12,45,1,0.6927898599041833,0.7026321291923523,,,,
T04,paired,BG0_preference_step24,45,1,-0.6031706443263425,-0.680695116519928,,,,
T04,paired,Delta_preference_24_minus_12,45,1,-1.2959605042305258,-1.3727205395698547,,,,
T05,step24,Recovery,45,1,0.17027428010770518,0.1979289970779493,,,,
T05,step24,D_BG_px,45,1,0.5069676631026798,0.2558152377605438,,,,
T05,step24,D_int_px,45,1,0.430801084306505,0.1842859536409378,,,,
T05,step24,D_to_BGb_px,45,1,0.11652193810376855,0.11558598279953003,,,,
T05,step24,BG0_preference,45,1,-0.3850098548850479,-0.48262619600618095,,,,
T05,step24,closer_BG0,45,1,0.17777777777777778,0.0,,,,
T05,step24,ADE_GT,45,1,1.4578678123003923,1.1627474668814444,,,,
T05,step24,GT_ADE_improvement_px,45,1,0.02393897492255662,0.051691143839728594,,,,
T05,paired,Recovery_step12,45,1,0.6681459550969493,0.7110753530944385,,,,
T05,paired,Recovery_step24,45,1,0.17027428010770518,0.1979289970779493,,,,
T05,paired,Delta_recovery_24_minus_12,45,1,-0.4978716749892441,-0.4958651923555596,,,,
T05,paired,BG0_preference_step12,45,1,0.46542211771011355,0.4699213206768036,,,,
T05,paired,BG0_preference_step24,45,1,-0.3850098592125707,-0.48262619972229004,,,,
T05,paired,Delta_preference_24_minus_12,45,1,-0.8504319769226842,-0.9105355441570282,,,,
