task,seed,background,condition,latent_position,progress,sigma,tau,D_latent_robot,D_normalized_latent_robot,kind
Original,0,BG0,baseline,0,0.0,200.00000000000009,0.9950248756218906,0.0,0.0,sampler_state_after_previous_update
Original,0,BG0,baseline,1,0.02857142857142857,171.6146592797652,0.994206749275105,0.0,0.0,sampler_state_after_previous_update
Original,0,BG0,baseline,2,0.05714285714285714,146.7549031952407,0.9932320350907163,0.0,0.0,sampler_state_after_previous_update
Original,0,BG0,baseline,3,0.08571428571428572,125.04799627818252,0.9920665141094901,0.0,0.0,sampler_state_after_previous_update
Original,0,BG0,baseline,4,0.11428571428571428,106.15341944105934,0.9906675866695037,0.0,0.0,sampler_state_after_previous_update
Original,0,BG0,baseline,5,0.14285714285714285,89.76073475835545,0.9889820195631687,0.0,0.0,sampler_state_after_previous_update
Original,0,BG0,baseline,6,0.17142857142857143,75.58754675662934,0.9869430469789341,0.0,0.0,sampler_state_after_previous_update
Original,0,BG0,baseline,7,0.2,63.37755798107878,0.9844666366454299,0.0,0.0,sampler_state_after_previous_update
Original,0,BG0,baseline,8,0.22857142857142856,52.89871660635778,0.9814466825378539,0.0,0.0,sampler_state_after_previous_update
Original,0,BG0,baseline,9,0.2571428571428571,43.94145385939409,0.9777488284395818,0.0,0.0,sampler_state_after_previous_update
Original,0,BG0,baseline,10,0.2857142857142857,36.31700902195438,0.9732025683137767,0.0,0.0,sampler_state_after_previous_update
Original,0,BG0,baseline,11,0.3142857142857143,29.85583978070531,0.9675912239917283,0.0,0.0,sampler_state_after_previous_update
Original,0,BG0,baseline,12,0.34285714285714286,24.406115692517254,0.9606393983203609,0.0,0.0,sampler_state_after_previous_update
Original,0,BG0,baseline,13,0.37142857142857144,19.83229253275872,0.9519976018756696,0.0,0.0,sampler_state_after_previous_update
Original,0,BG0,baseline,14,0.4,16.013765294329293,0.9412240628279208,0.0,0.0,sampler_state_after_previous_update
Original,0,BG0,baseline,15,0.42857142857142855,12.843597605178148,0.9277644418365676,0.0,0.0,sampler_state_after_previous_update
Original,0,BG0,baseline,16,0.45714285714285713,10.227325332056115,0.9109315914143137,0.0,0.0,sampler_state_after_previous_update
Original,0,BG0,baseline,17,0.4857142857142857,8.081832138248814,0.8898900591006934,0.0,0.0,sampler_state_after_previous_update
Original,0,BG0,baseline,18,0.5142857142857142,6.3342947630383355,0.8636542391179086,0.0,0.0,sampler_state_after_previous_update
Original,0,BG0,baseline,19,0.5428571428571428,4.921195790641249,0.8311151944037131,0.0,0.0,sampler_state_after_previous_update
Original,0,BG0,baseline,20,0.5714285714285714,3.7874016763703935,0.7911184254841641,0.0,0.0,sampler_state_after_previous_update
Original,0,BG0,baseline,21,0.6,2.8853037977680707,0.7426198691143652,0.0,0.0,sampler_state_after_previous_update
Original,0,BG0,baseline,22,0.6285714285714286,2.1740202984582853,0.6849421534935585,0.0,0.0,sampler_state_after_previous_update
Original,0,BG0,baseline,23,0.6571428571428571,1.6186564924655953,0.6181247892279105,0.0,0.0,sampler_state_after_previous_update
Original,0,BG0,baseline,24,0.6857142857142857,1.189621596748158,0.543300083683356,0.0,0.0,sampler_state_after_previous_update
Original,0,BG0,baseline,25,0.7142857142857143,0.8619995596926078,0.4629429449676738,0.0,0.0,sampler_state_after_previous_update
Original,0,BG0,baseline,26,0.7428571428571429,0.6149717533183064,0.38079412352241754,0.0,0.0,sampler_state_after_previous_update
Original,0,BG0,baseline,27,0.7714285714285715,0.43128929693860896,0.30132922663580003,0.0,0.0,sampler_state_after_previous_update
Original,0,BG0,baseline,28,0.8,0.296792780026712,0.22886677393484448,0.0,0.0,sampler_state_after_previous_update
Original,0,BG0,baseline,29,0.8285714285714286,0.19997715203370173,0.1666507997212978,0.0,0.0,sampler_state_after_previous_update
Original,0,BG0,baseline,30,0.8571428571428571,0.1315995469063734,0.11629515694500515,0.0,0.0,sampler_state_after_previous_update
Original,0,BG0,baseline,31,0.8857142857142857,0.08432781005244146,0.07776966455223823,0.0,0.0,sampler_state_after_previous_update
Original,0,BG0,baseline,32,0.9142857142857143,0.05242749550071864,0.049815778972759496,0.0,0.0,sampler_state_after_previous_update
Original,0,BG0,baseline,33,0.9428571428571428,0.031485101003869996,0.030524048261315478,0.0,0.0,sampler_state_after_previous_update
Original,0,BG0,baseline,34,0.9714285714285714,0.018165308831332695,0.017841217603635644,0.0,0.0,sampler_state_after_previous_update
Original,0,BG0,baseline,35,1.0,0.009999999999999993,0.009900990099009894,0.0,0.0,sampler_state_after_previous_update
Original,0,BG0,baseline,36,1.0,0.0,0.0,0.0,0.0,final_clean_after_step35
Original,0,BG0,identity,0,0.0,200.00000000000009,0.9950248756218906,0.0,0.0,sampler_state_after_previous_update
Original,0,BG0,identity,1,0.02857142857142857,171.6146592797652,0.994206749275105,0.0,0.0,sampler_state_after_previous_update
Original,0,BG0,identity,2,0.05714285714285714,146.7549031952407,0.9932320350907163,0.0,0.0,sampler_state_after_previous_update
Original,0,BG0,identity,3,0.08571428571428572,125.04799627818252,0.9920665141094901,0.0,0.0,sampler_state_after_previous_update
Original,0,BG0,identity,4,0.11428571428571428,106.15341944105934,0.9906675866695037,0.0,0.0,sampler_state_after_previous_update
Original,0,BG0,identity,5,0.14285714285714285,89.76073475835545,0.9889820195631687,0.0,0.0,sampler_state_after_previous_update
Original,0,BG0,identity,6,0.17142857142857143,75.58754675662934,0.9869430469789341,0.0,0.0,sampler_state_after_previous_update
Original,0,BG0,identity,7,0.2,63.37755798107878,0.9844666366454299,0.0,0.0,sampler_state_after_previous_update
Original,0,BG0,identity,8,0.22857142857142856,52.89871660635778,0.9814466825378539,0.0,0.0,sampler_state_after_previous_update
Original,0,BG0,identity,9,0.2571428571428571,43.94145385939409,0.9777488284395818,0.0,0.0,sampler_state_after_previous_update
Original,0,BG0,identity,10,0.2857142857142857,36.31700902195438,0.9732025683137767,0.0,0.0,sampler_state_after_previous_update
Original,0,BG0,identity,11,0.3142857142857143,29.85583978070531,0.9675912239917283,0.0,0.0,sampler_state_after_previous_update
Original,0,BG0,identity,12,0.34285714285714286,24.406115692517254,0.9606393983203609,0.0,0.0,sampler_state_after_previous_update
Original,0,BG0,identity,13,0.37142857142857144,19.83229253275872,0.9519976018756696,0.0,0.0,sampler_state_after_previous_update
Original,0,BG0,identity,14,0.4,16.013765294329293,0.9412240628279208,0.0,0.0,sampler_state_after_previous_update
Original,0,BG0,identity,15,0.42857142857142855,12.843597605178148,0.9277644418365676,0.0,0.0,sampler_state_after_previous_update
Original,0,BG0,identity,16,0.45714285714285713,10.227325332056115,0.9109315914143137,0.0,0.0,sampler_state_after_previous_update
Original,0,BG0,identity,17,0.4857142857142857,8.081832138248814,0.8898900591006934,0.0,0.0,sampler_state_after_previous_update
Original,0,BG0,identity,18,0.5142857142857142,6.3342947630383355,0.8636542391179086,0.0,0.0,sampler_state_after_previous_update
Original,0,BG0,identity,19,0.5428571428571428,4.921195790641249,0.8311151944037131,0.0,0.0,sampler_state_after_previous_update
Original,0,BG0,identity,20,0.5714285714285714,3.7874016763703935,0.7911184254841641,0.0,0.0,sampler_state_after_previous_update
Original,0,BG0,identity,21,0.6,2.8853037977680707,0.7426198691143652,0.0,0.0,sampler_state_after_previous_update
Original,0,BG0,identity,22,0.6285714285714286,2.1740202984582853,0.6849421534935585,0.0,0.0,sampler_state_after_previous_update
Original,0,BG0,identity,23,0.6571428571428571,1.6186564924655953,0.6181247892279105,0.0,0.0,sampler_state_after_previous_update
Original,0,BG0,identity,24,0.6857142857142857,1.189621596748158,0.543300083683356,0.0,0.0,sampler_state_after_previous_update
Original,0,BG0,identity,25,0.7142857142857143,0.8619995596926078,0.4629429449676738,0.0,0.0,sampler_state_after_previous_update
Original,0,BG0,identity,26,0.7428571428571429,0.6149717533183064,0.38079412352241754,0.0,0.0,sampler_state_after_previous_update
Original,0,BG0,identity,27,0.7714285714285715,0.43128929693860896,0.30132922663580003,0.0,0.0,sampler_state_after_previous_update
Original,0,BG0,identity,28,0.8,0.296792780026712,0.22886677393484448,0.0,0.0,sampler_state_after_previous_update
Original,0,BG0,identity,29,0.8285714285714286,0.19997715203370173,0.1666507997212978,0.0,0.0,sampler_state_after_previous_update
Original,0,BG0,identity,30,0.8571428571428571,0.1315995469063734,0.11629515694500515,0.0,0.0,sampler_state_after_previous_update
Original,0,BG0,identity,31,0.8857142857142857,0.08432781005244146,0.07776966455223823,0.0,0.0,sampler_state_after_previous_update
Original,0,BG0,identity,32,0.9142857142857143,0.05242749550071864,0.049815778972759496,0.0,0.0,sampler_state_after_previous_update
Original,0,BG0,identity,33,0.9428571428571428,0.031485101003869996,0.030524048261315478,0.0,0.0,sampler_state_after_previous_update
Original,0,BG0,identity,34,0.9714285714285714,0.018165308831332695,0.017841217603635644,0.0,0.0,sampler_state_after_previous_update
Original,0,BG0,identity,35,1.0,0.009999999999999993,0.009900990099009894,0.0,0.0,sampler_state_after_previous_update
Original,0,BG0,identity,36,1.0,0.0,0.0,0.0,0.0,final_clean_after_step35
Original,0,BG8,baseline,0,0.0,200.00000000000009,0.9950248756218906,0.0,0.0,sampler_state_after_previous_update
Original,0,BG8,baseline,1,0.02857142857142857,171.6146592797652,0.994206749275105,0.06915752632648381,0.00040064690048321225,sampler_state_after_previous_update
Original,0,BG8,baseline,2,0.05714285714285714,146.7549031952407,0.9932320350907163,0.12964102330887628,0.0008774059266050117,sampler_state_after_previous_update
Original,0,BG8,baseline,3,0.08571428571428572,125.04799627818252,0.9920665141094901,0.18244565169043803,0.001447430001329667,sampler_state_after_previous_update
Original,0,BG8,baseline,4,0.11428571428571428,106.15341944105934,0.9906675866695037,0.22839493309954242,0.0021314759155105054,sampler_state_after_previous_update
Original,0,BG8,baseline,5,0.14285714285714285,89.76073475835545,0.9889820195631687,0.26804328789141374,0.0029532957062298236,sampler_state_after_previous_update
Original,0,BG8,baseline,6,0.17142857142857143,75.58754675662934,0.9869430469789341,0.30229112752626136,0.003947001021308475,sampler_state_after_previous_update
Original,0,BG8,baseline,7,0.2,63.37755798107878,0.9844666366454299,0.3316616619387706,0.005151821278090089,sampler_state_after_previous_update
Original,0,BG8,baseline,8,0.22857142857142856,52.89871660635778,0.9814466825378539,0.35686212110586996,0.006620976297970856,sampler_state_after_previous_update
Original,0,BG8,baseline,9,0.2571428571428571,43.94145385939409,0.9777488284395818,0.3782412772138699,0.008416311892206924,sampler_state_after_previous_update
Original,0,BG8,baseline,10,0.2857142857142857,36.31700902195438,0.9732025683137767,0.3966843838779301,0.010630122695810741,sampler_state_after_previous_update
Original,0,BG8,baseline,11,0.3142857142857143,29.85583978070531,0.9675912239917283,0.41249787408091915,0.01336855081866195,sampler_state_after_previous_update
Original,0,BG8,baseline,12,0.34285714285714286,24.406115692517254,0.9606393983203609,0.4261423821872951,0.016773220048351266,sampler_state_after_previous_update
Original,0,BG8,baseline,13,0.37142857142857144,19.83229253275872,0.9519976018756696,0.4378588274240527,0.02101827374526323,sampler_state_after_previous_update
Original,0,BG8,baseline,14,0.4,16.013765294329293,0.9412240628279208,0.44906494071421665,0.026394212693405226,sampler_state_after_previous_update
Original,0,BG8,baseline,15,0.42857142857142855,12.843597605178148,0.9277644418365676,0.45935144509635406,0.0331815084978352,sampler_state_after_previous_update
Original,0,BG8,baseline,16,0.45714285714285713,10.227325332056115,0.9109315914143137,0.4694435279466956,0.041812587543727305,sampler_state_after_previous_update
Original,0,BG8,baseline,17,0.4857142857142857,8.081832138248814,0.8898900591006934,0.4793085256885493,0.052776634663465334,sampler_state_after_previous_update
Original,0,BG8,baseline,18,0.5142857142857142,6.3342947630383355,0.8636542391179086,0.4885905239517665,0.06661724647090228,sampler_state_after_previous_update
Original,0,BG8,baseline,19,0.5428571428571428,4.921195790641249,0.8311151944037131,0.4985266666253595,0.0841935764200904,sampler_state_after_previous_update
Original,0,BG8,baseline,20,0.5714285714285714,3.7874016763703935,0.7911184254841641,0.5088552215532486,0.10629047999511862,sampler_state_after_previous_update
Original,0,BG8,baseline,21,0.6,2.8853037977680707,0.7426198691143652,0.5190849972362954,0.13360216659386062,sampler_state_after_previous_update
Original,0,BG8,baseline,22,0.6285714285714286,2.1740202984582853,0.6849421534935585,0.5288610333107715,0.1666218187916769,sampler_state_after_previous_update
Original,0,BG8,baseline,23,0.6571428571428571,1.6186564924655953,0.6181247892279105,0.5372844737893686,0.20517562900513156,sampler_state_after_previous_update
Original,0,BG8,baseline,24,0.6857142857142857,1.189621596748158,0.543300083683356,0.5443214547615144,0.2485915525689173,sampler_state_after_previous_update
Original,0,BG8,baseline,25,0.7142857142857143,0.8619995596926078,0.4629429449676738,0.5498818550705907,0.29531793738735607,sampler_state_after_previous_update
Original,0,BG8,baseline,26,0.7428571428571429,0.6149717533183064,0.38079412352241754,0.5545270364047169,0.343366398917964,sampler_state_after_previous_update
Original,0,BG8,baseline,27,0.7714285714285715,0.43128929693860896,0.30132922663580003,0.5582365217507678,0.39002353742631735,sampler_state_after_previous_update
Original,0,BG8,baseline,28,0.8,0.296792780026712,0.22886677393484448,0.5612671096209525,0.43281172843376703,sampler_state_after_previous_update
Original,0,BG8,baseline,29,0.8285714285714286,0.19997715203370173,0.1666507997212978,0.563593522804041,0.4696702087965233,sampler_state_after_previous_update
Original,0,BG8,baseline,30,0.8571428571428571,0.1315995469063734,0.11629515694500515,0.56546898328087,0.4997076797833657,sampler_state_after_previous_update
Original,0,BG8,baseline,31,0.8857142857142857,0.08432781005244146,0.07776966455223823,0.5670546552764292,0.5229550015651901,sampler_state_after_previous_update
Original,0,BG8,baseline,32,0.9142857142857143,0.05242749550071864,0.049815778972759496,0.5681310903788429,0.5398291800877529,sampler_state_after_previous_update
Original,0,BG8,baseline,33,0.9428571428571428,0.031485101003869996,0.030524048261315478,0.5688449120731535,0.551481473762489,sampler_state_after_previous_update
Original,0,BG8,baseline,34,0.9714285714285714,0.018165308831332695,0.017841217603635644,0.5693010859377107,0.5591440389056453,sampler_state_after_previous_update
Original,0,BG8,baseline,35,1.0,0.009999999999999993,0.009900990099009894,0.569467343308458,0.5638290576689091,sampler_state_after_previous_update
Original,0,BG8,baseline,36,1.0,0.0,0.0,0.5696497760045924,0.5696497760045924,final_clean_after_step35
Original,0,BG8,early,0,0.0,200.00000000000009,0.9950248756218906,0.0,0.0,sampler_state_after_previous_update
Original,0,BG8,early,1,0.02857142857142857,171.6146592797652,0.994206749275105,0.007455320796038296,4.3190543771187615e-05,sampler_state_after_previous_update
Original,0,BG8,early,2,0.05714285714285714,146.7549031952407,0.9932320350907163,0.014005303895174884,9.47874084892554e-05,sampler_state_after_previous_update
Original,0,BG8,early,3,0.08571428571428572,125.04799627818252,0.9920665141094901,0.019727821303511056,0.00015651039133033863,sampler_state_after_previous_update
Original,0,BG8,early,4,0.11428571428571428,106.15341944105934,0.9906675866695037,0.024693680915766056,0.0002304516371291693,sampler_state_after_previous_update
Original,0,BG8,early,5,0.14285714285714285,89.76073475835545,0.9889820195631687,0.02902209351399175,0.0003197648591262807,sampler_state_after_previous_update
Original,0,BG8,early,6,0.17142857142857143,75.58754675662934,0.9869430469789341,0.03284773886959799,0.00042889138152885575,sampler_state_after_previous_update
Original,0,BG8,early,7,0.2,63.37755798107878,0.9844666366454299,0.03603622654618376,0.0005597638195979584,sampler_state_after_previous_update
Original,0,BG8,early,8,0.22857142857142856,52.89871660635778,0.9814466825378539,0.038938196242132586,0.0007224327236798744,sampler_state_after_previous_update
Original,0,BG8,early,9,0.2571428571428571,43.94145385939409,0.9777488284395818,0.04138774380162943,0.0009209258263353717,sampler_state_after_previous_update
Original,0,BG8,early,10,0.2857142857142857,36.31700902195438,0.9732025683137767,0.04382135327218672,0.0011742997206573235,sampler_state_after_previous_update
Original,0,BG8,early,11,0.3142857142857143,29.85583978070531,0.9675912239917283,0.04662299248236841,0.0015109940762006952,sampler_state_after_previous_update
Original,0,BG8,early,12,0.34285714285714286,24.406115692517254,0.9606393983203609,0.050673482868168286,0.0019945387142168178,sampler_state_after_previous_update
Original,0,BG8,early,13,0.37142857142857144,19.83229253275872,0.9519976018756696,0.15912775856509356,0.007638514009025986,sampler_state_after_previous_update
Original,0,BG8,early,14,0.4,16.013765294329293,0.9412240628279208,0.22304042622856413,0.013109410036815535,sampler_state_after_previous_update
Original,0,BG8,early,15,0.42857142857142855,12.843597605178148,0.9277644418365676,0.2777683267629502,0.020064750397477148,sampler_state_after_previous_update
Original,0,BG8,early,16,0.45714285714285713,10.227325332056115,0.9109315914143137,0.3250277644338095,0.02894970546050031,sampler_state_after_previous_update
Original,0,BG8,early,17,0.4857142857142857,8.081832138248814,0.8898900591006934,0.36609081199575894,0.04031023859056783,sampler_state_after_previous_update
Original,0,BG8,early,18,0.5142857142857142,6.3342947630383355,0.8636542391179086,0.40082151278741346,0.05465031381644036,sampler_state_after_previous_update
Original,0,BG8,early,19,0.5428571428571428,4.921195790641249,0.8311151944037131,0.4309730406148367,0.07278479575099255,sampler_state_after_previous_update
Original,0,BG8,early,20,0.5714285714285714,3.7874016763703935,0.7911184254841641,0.45746532488779423,0.09555607733307096,sampler_state_after_previous_update
Original,0,BG8,early,21,0.6,2.8853037977680707,0.7426198691143652,0.4800878217397983,0.1235650684379212,sampler_state_after_previous_update
Original,0,BG8,early,22,0.6285714285714286,2.1740202984582853,0.6849421534935585,0.49920762227695364,0.1572792788686342,sampler_state_after_previous_update
Original,0,BG8,early,23,0.6571428571428571,1.6186564924655953,0.6181247892279105,0.5146596343701825,0.19653576355601637,sampler_state_after_previous_update
Original,0,BG8,early,24,0.6857142857142857,1.189621596748158,0.543300083683356,0.5265366125369009,0.24046921709762506,sampler_state_after_previous_update
Original,0,BG8,early,25,0.7142857142857143,0.8619995596926078,0.4629429449676738,0.535569747779009,0.287631518774864,sampler_state_after_previous_update
Original,0,BG8,early,26,0.7428571428571429,0.6149717533183064,0.38079412352241754,0.5427767991284581,0.336090582854132,sampler_state_after_previous_update
Original,0,BG8,early,27,0.7714285714285715,0.43128929693860896,0.30132922663580003,0.5482917673714092,0.38307542838675024,sampler_state_after_previous_update
Original,0,BG8,early,28,0.8,0.296792780026712,0.22886677393484448,0.5526138300786505,0.4261388964624924,sampler_state_after_previous_update
Original,0,BG8,early,29,0.8285714285714286,0.19997715203370173,0.1666507997212978,0.5556774222743465,0.46307333295744973,sampler_state_after_previous_update
Original,0,BG8,early,30,0.8571428571428571,0.1315995469063734,0.11629515694500515,0.5580972216264762,0.4931932182163551,sampler_state_after_previous_update
Original,0,BG8,early,31,0.8857142857142857,0.08432781005244146,0.07776966455223823,0.559949875839922,0.5164027581327728,sampler_state_after_previous_update
Original,0,BG8,early,32,0.9142857142857143,0.05242749550071864,0.049815778972759496,0.5611922710274819,0.5332360232484327,sampler_state_after_previous_update
Original,0,BG8,early,33,0.9428571428571428,0.031485101003869996,0.030524048261315478,0.5619786708815414,0.5448248174661791,sampler_state_after_previous_update
Original,0,BG8,early,34,0.9714285714285714,0.018165308831332695,0.017841217603635644,0.5624940908205288,0.552458488903129,sampler_state_after_previous_update
Original,0,BG8,early,35,1.0,0.009999999999999993,0.009900990099009894,0.5626767255168945,0.5571056740042168,sampler_state_after_previous_update
Original,0,BG8,early,36,1.0,0.0,0.0,0.5628983517104311,0.5628983517104311,final_clean_after_step35
Original,0,BG8,full,0,0.0,200.00000000000009,0.9950248756218906,0.0,0.0,sampler_state_after_previous_update
Original,0,BG8,full,1,0.02857142857142857,171.6146592797652,0.994206749275105,0.007455320796038296,4.3190543771187615e-05,sampler_state_after_previous_update
Original,0,BG8,full,2,0.05714285714285714,146.7549031952407,0.9932320350907163,0.014005303895174884,9.47874084892554e-05,sampler_state_after_previous_update
Original,0,BG8,full,3,0.08571428571428572,125.04799627818252,0.9920665141094901,0.019727821303511056,0.00015651039133033863,sampler_state_after_previous_update
Original,0,BG8,full,4,0.11428571428571428,106.15341944105934,0.9906675866695037,0.024693680915766056,0.0002304516371291693,sampler_state_after_previous_update
Original,0,BG8,full,5,0.14285714285714285,89.76073475835545,0.9889820195631687,0.02902209351399175,0.0003197648591262807,sampler_state_after_previous_update
Original,0,BG8,full,6,0.17142857142857143,75.58754675662934,0.9869430469789341,0.03284773886959799,0.00042889138152885575,sampler_state_after_previous_update
Original,0,BG8,full,7,0.2,63.37755798107878,0.9844666366454299,0.03603622654618376,0.0005597638195979584,sampler_state_after_previous_update
Original,0,BG8,full,8,0.22857142857142856,52.89871660635778,0.9814466825378539,0.038938196242132586,0.0007224327236798744,sampler_state_after_previous_update
Original,0,BG8,full,9,0.2571428571428571,43.94145385939409,0.9777488284395818,0.04138774380162943,0.0009209258263353717,sampler_state_after_previous_update
Original,0,BG8,full,10,0.2857142857142857,36.31700902195438,0.9732025683137767,0.04382135327218672,0.0011742997206573235,sampler_state_after_previous_update
Original,0,BG8,full,11,0.3142857142857143,29.85583978070531,0.9675912239917283,0.04662299248236841,0.0015109940762006952,sampler_state_after_previous_update
Original,0,BG8,full,12,0.34285714285714286,24.406115692517254,0.9606393983203609,0.050673482868168286,0.0019945387142168178,sampler_state_after_previous_update
Original,0,BG8,full,13,0.37142857142857144,19.83229253275872,0.9519976018756696,0.05665703511754675,0.0027196735559616783,sampler_state_after_previous_update
Original,0,BG8,full,14,0.4,16.013765294329293,0.9412240628279208,0.06566638877091721,0.0038596035387246878,sampler_state_after_previous_update
Original,0,BG8,full,15,0.42857142857142855,12.843597605178148,0.9277644418365676,0.0778527449928842,0.00562373657015696,sampler_state_after_previous_update
Original,0,BG8,full,16,0.45714285714285713,10.227325332056115,0.9109315914143137,0.09637862061605215,0.008584290282651875,sampler_state_after_previous_update
Original,0,BG8,full,17,0.4857142857142857,8.081832138248814,0.8898900591006934,0.13880573155624107,0.015283891240474131,sampler_state_after_previous_update
Original,0,BG8,full,18,0.5142857142857142,6.3342947630383355,0.8636542391179086,0.21166043471370413,0.028859002884218585,sampler_state_after_previous_update
Original,0,BG8,full,19,0.5428571428571428,4.921195790641249,0.8311151944037131,0.2765657266102558,0.04670774746367116,sampler_state_after_previous_update
Original,0,BG8,full,20,0.5714285714285714,3.7874016763703935,0.7911184254841641,0.33358606682733366,0.06967998284852714,sampler_state_after_previous_update
Original,0,BG8,full,21,0.6,2.8853037977680707,0.7426198691143652,0.3815951980571093,0.09821502353632677,sampler_state_after_previous_update
Original,0,BG8,full,22,0.6285714285714286,2.1740202984582853,0.6849421534935585,0.419683586800958,0.13222460752797793,sampler_state_after_previous_update
Original,0,BG8,full,23,0.6571428571428571,1.6186564924655953,0.6181247892279105,0.4508994202867998,0.1721873173897213,sampler_state_after_previous_update
Original,0,BG8,full,24,0.6857142857142857,1.189621596748158,0.543300083683356,0.47674419310620975,0.2177290244233403,sampler_state_after_previous_update
Original,0,BG8,full,25,0.7142857142857143,0.8619995596926078,0.4629429449676738,0.49779767607201086,0.2673457607878822,sampler_state_after_previous_update
Original,0,BG8,full,26,0.7428571428571429,0.6149717533183064,0.38079412352241754,0.5148657527986479,0.31880789887206695,sampler_state_after_previous_update
Original,0,BG8,full,27,0.7714285714285715,0.43128929693860896,0.30132922663580003,0.5279915218905168,0.368892240314708,sampler_state_after_previous_update
Original,0,BG8,full,28,0.8,0.296792780026712,0.22886677393484448,0.5377507500787246,0.41467748168453994,sampler_state_after_previous_update
Original,0,BG8,full,29,0.8285714285714286,0.19997715203370173,0.1666507997212978,0.5446144446356884,0.45385400939246723,sampler_state_after_previous_update
Original,0,BG8,full,30,0.8571428571428571,0.1315995469063734,0.11629515694500515,0.549339932716576,0.4854543594637356,sampler_state_after_previous_update
Original,0,BG8,full,31,0.8857142857142857,0.08432781005244146,0.07776966455223823,0.5524619819134072,0.5094971952946485,sampler_state_after_previous_update
Original,0,BG8,full,32,0.9142857142857143,0.05242749550071864,0.049815778972759496,0.5542718030845084,0.5266603044738231,sampler_state_after_previous_update
Original,0,BG8,full,33,0.9428571428571428,0.031485101003869996,0.030524048261315478,0.555242428233751,0.5382941919247614,sampler_state_after_previous_update
Original,0,BG8,full,34,0.9714285714285714,0.018165308831332695,0.017841217603635644,0.5558284366148073,0.5459117581640781,sampler_state_after_previous_update
Original,0,BG8,full,35,1.0,0.009999999999999993,0.009900990099009894,0.5560638818744992,0.5505583036167171,sampler_state_after_previous_update
Original,0,BG8,full,36,1.0,0.0,0.0,0.5563652489436595,0.5563652489436595,final_clean_after_step35
Original,0,BG8,late,0,0.0,200.00000000000009,0.9950248756218906,0.0,0.0,sampler_state_after_previous_update
Original,0,BG8,late,1,0.02857142857142857,171.6146592797652,0.994206749275105,0.06915752632648381,0.00040064690048321225,sampler_state_after_previous_update
Original,0,BG8,late,2,0.05714285714285714,146.7549031952407,0.9932320350907163,0.12964102330887628,0.0008774059266050117,sampler_state_after_previous_update
Original,0,BG8,late,3,0.08571428571428572,125.04799627818252,0.9920665141094901,0.18244565169043803,0.001447430001329667,sampler_state_after_previous_update
Original,0,BG8,late,4,0.11428571428571428,106.15341944105934,0.9906675866695037,0.22839493309954242,0.0021314759155105054,sampler_state_after_previous_update
Original,0,BG8,late,5,0.14285714285714285,89.76073475835545,0.9889820195631687,0.26804328789141374,0.0029532957062298236,sampler_state_after_previous_update
Original,0,BG8,late,6,0.17142857142857143,75.58754675662934,0.9869430469789341,0.30229112752626136,0.003947001021308475,sampler_state_after_previous_update
Original,0,BG8,late,7,0.2,63.37755798107878,0.9844666366454299,0.3316616619387706,0.005151821278090089,sampler_state_after_previous_update
Original,0,BG8,late,8,0.22857142857142856,52.89871660635778,0.9814466825378539,0.35686212110586996,0.006620976297970856,sampler_state_after_previous_update
Original,0,BG8,late,9,0.2571428571428571,43.94145385939409,0.9777488284395818,0.3782412772138699,0.008416311892206924,sampler_state_after_previous_update
Original,0,BG8,late,10,0.2857142857142857,36.31700902195438,0.9732025683137767,0.3966843838779301,0.010630122695810741,sampler_state_after_previous_update
Original,0,BG8,late,11,0.3142857142857143,29.85583978070531,0.9675912239917283,0.41249787408091915,0.01336855081866195,sampler_state_after_previous_update
Original,0,BG8,late,12,0.34285714285714286,24.406115692517254,0.9606393983203609,0.4261423821872951,0.016773220048351266,sampler_state_after_previous_update
Original,0,BG8,late,13,0.37142857142857144,19.83229253275872,0.9519976018756696,0.4378588274240527,0.02101827374526323,sampler_state_after_previous_update
Original,0,BG8,late,14,0.4,16.013765294329293,0.9412240628279208,0.44906494071421665,0.026394212693405226,sampler_state_after_previous_update
Original,0,BG8,late,15,0.42857142857142855,12.843597605178148,0.9277644418365676,0.45935144509635406,0.0331815084978352,sampler_state_after_previous_update
Original,0,BG8,late,16,0.45714285714285713,10.227325332056115,0.9109315914143137,0.4694435279466956,0.041812587543727305,sampler_state_after_previous_update
Original,0,BG8,late,17,0.4857142857142857,8.081832138248814,0.8898900591006934,0.4793085256885493,0.052776634663465334,sampler_state_after_previous_update
Original,0,BG8,late,18,0.5142857142857142,6.3342947630383355,0.8636542391179086,0.4885905239517665,0.06661724647090228,sampler_state_after_previous_update
Original,0,BG8,late,19,0.5428571428571428,4.921195790641249,0.8311151944037131,0.4985266666253595,0.0841935764200904,sampler_state_after_previous_update
Original,0,BG8,late,20,0.5714285714285714,3.7874016763703935,0.7911184254841641,0.5088552215532486,0.10629047999511862,sampler_state_after_previous_update
Original,0,BG8,late,21,0.6,2.8853037977680707,0.7426198691143652,0.5190849972362954,0.13360216659386062,sampler_state_after_previous_update
Original,0,BG8,late,22,0.6285714285714286,2.1740202984582853,0.6849421534935585,0.5288610333107715,0.1666218187916769,sampler_state_after_previous_update
Original,0,BG8,late,23,0.6571428571428571,1.6186564924655953,0.6181247892279105,0.5372844737893686,0.20517562900513156,sampler_state_after_previous_update
Original,0,BG8,late,24,0.6857142857142857,1.189621596748158,0.543300083683356,0.5443214547615144,0.2485915525689173,sampler_state_after_previous_update
Original,0,BG8,late,25,0.7142857142857143,0.8619995596926078,0.4629429449676738,0.5452491006899447,0.2928298837367045,sampler_state_after_previous_update
Original,0,BG8,late,26,0.7428571428571429,0.6149717533183064,0.38079412352241754,0.5510671435836004,0.34122401306862604,sampler_state_after_previous_update
Original,0,BG8,late,27,0.7714285714285715,0.43128929693860896,0.30132922663580003,0.5568670128183615,0.3890667021052258,sampler_state_after_previous_update
Original,0,BG8,late,28,0.8,0.296792780026712,0.22886677393484448,0.561796944098781,0.43322030112783283,sampler_state_after_previous_update
Original,0,BG8,late,29,0.8285714285714286,0.19997715203370173,0.1666507997212978,0.5655776438052195,0.47132367405447145,sampler_state_after_previous_update
Original,0,BG8,late,30,0.8571428571428571,0.1315995469063734,0.11629515694500515,0.5685397799528422,0.5024213576904776,sampler_state_after_previous_update
Original,0,BG8,late,31,0.8857142857142857,0.08432781005244146,0.07776966455223823,0.5706736883261033,0.5262925838434482,sampler_state_after_previous_update
Original,0,BG8,late,32,0.9142857142857143,0.05242749550071864,0.049815778972759496,0.5720237271852456,0.5435279022611101,sampler_state_after_previous_update
Original,0,BG8,late,33,0.9428571428571428,0.031485101003869996,0.030524048261315478,0.5728006232583112,0.5553164405110633,sampler_state_after_previous_update
Original,0,BG8,late,34,0.9714285714285714,0.018165308831332695,0.017841217603635644,0.5733171826603443,0.563088483894348,sampler_state_after_previous_update
Original,0,BG8,late,35,1.0,0.009999999999999993,0.009900990099009894,0.5735038031478014,0.5678255523452652,sampler_state_after_previous_update
Original,0,BG8,late,36,1.0,0.0,0.0,0.5737391494902655,0.5737391494902655,final_clean_after_step35
