task,seed,background,D_BG_px_common,D_step12_px_common,D_step24_px_common,Recovery_step12,Recovery_step24,Delta_recovery_24_minus_12,BG0_preference_step12,BG0_preference_step24,Delta_preference_24_minus_12,valid_common_fraction
Original,0,BG1,2.4180679321289062,0.6149483919143677,2.3999271392822266,0.745686057368199,0.007502189053756769,-0.7381838683144423,0.49358248710632324,-0.9747381806373596,-1.4683206677436829,1.0
Original,0,BG2,0.5472681522369385,0.15004205703735352,0.5827664136886597,0.7258344859235697,-0.06486445567493515,-0.7906989415985048,0.45483875274658203,-0.9662328958511353,-1.4210716485977173,1.0
Original,0,BG3,2.7398698329925537,0.8679236173629761,2.7370355129241943,0.6832245080609346,0.0010344761725117335,-0.6821900318884229,0.3692331612110138,-0.9826223850250244,-1.3518555462360382,1.0
Original,0,BG4,2.1726555824279785,0.6961058378219604,2.1972267627716064,0.6796059899010267,-0.011309279956410068,-0.6909152698574368,0.3618457019329071,-0.9856832027435303,-1.3475289046764374,1.0
Original,0,BG5,6.009836196899414,1.5173122882843018,5.868294715881348,0.7475285122509002,0.023551638704491507,-0.7239768735464087,0.4975186586380005,-0.9443429112434387,-1.4418615698814392,1.0
Original,0,BG6,16.993370056152344,1.9030063152313232,17.021270751953125,0.8880147782445014,-0.0016418571297021067,-0.8896566353742035,0.7778660655021667,-0.9920915365219116,-1.7699576020240784,1.0
Original,0,BG7,3.6982169151306152,1.288034439086914,3.740363359451294,0.6517147411407127,-0.011396420267907992,-0.6631111614086207,0.3093930184841156,-0.9904438853263855,-1.299836903810501,1.0
Original,0,BG8,25.3856143951416,2.301602840423584,26.866785049438477,0.9093343653735867,-0.05834685033255993,-0.9676812157061466,0.8218818306922913,-0.9980761408805847,-1.819957971572876,1.0
Original,0,BG9,13.222055435180664,1.9507474899291992,13.225964546203613,0.8524626146050363,-0.00029565002500220317,-0.8527582646300385,0.7064502239227295,-0.9927918910980225,-1.699242115020752,1.0
Original,0,BG10,23.93341064453125,2.1369478702545166,24.129806518554688,0.9107127729891713,-0.008205928810495422,-0.9189187017996667,0.82221519947052,-0.9972984790802002,-1.8195136785507202,1.0
Original,0,BG11,13.86436939239502,1.7134487628936768,13.938435554504395,0.8764135091064665,-0.005342194077473161,-0.8817557031839397,0.7542667984962463,-0.9969210028648376,-1.751187801361084,1.0
Original,0,BG12,3.8575217723846436,1.333541750907898,3.7913882732391357,0.6543009149040945,0.017144040364854507,-0.63715687453924,0.3137567937374115,-0.9595328569412231,-1.2732896506786346,1.0
Original,0,BG13,0.7604745626449585,0.5832322239875793,0.7340126037597656,0.2330680801606868,0.0347966517712186,-0.1982714283894682,-0.4785134196281433,-0.8495929837226868,-0.37107956409454346,1.0
Original,0,BG14,14.419865608215332,1.688938856124878,14.412956237792969,0.8828741611855667,0.0004791570604955053,-0.8823950041250712,0.7670841217041016,-0.991399347782135,-1.7584834694862366,1.0
Original,0,BG15,5.427455425262451,1.377310872077942,5.427532196044922,0.7462326704463598,-1.4143051635606696e-05,-0.7462468134979954,0.49366340041160583,-0.989974856376648,-1.4836382567882538,1.0
Original,1,BG1,1.3454056978225708,0.46479910612106323,1.2985986471176147,0.6545286649085928,0.034790294431491176,-0.6197383704771017,0.30974990129470825,-0.9235848784446716,-1.2333347797393799,1.0
Original,1,BG2,0.09256619215011597,0.045314423739910126,0.10393992811441422,0.5104646978340641,-0.1228712607853708,-0.6333359586194349,0.16024433076381683,-0.6141660213470459,-0.7744103521108627,1.0
Original,1,BG3,1.5806487798690796,0.6999243497848511,1.5415229797363281,0.5571917340076389,0.024753006729592353,-0.5324387272780465,0.11641360074281693,-0.94008868932724,-1.056502290070057,1.0
Original,1,BG4,1.2589232921600342,0.5535333752632141,1.2619822025299072,0.560312074362693,-0.0024297750026747167,-0.5627418493653678,0.12250864505767822,-0.9663887619972229,-1.0888974070549011,1.0
Original,1,BG5,3.0308902263641357,0.9786661863327026,2.9581170082092285,0.677102728897661,0.02401051258200826,-0.6530922163156527,0.35705238580703735,-0.9368759393692017,-1.293928325176239,1.0
Original,1,BG6,8.414840698242188,1.3111231327056885,8.36556339263916,0.84418919167163,0.005856001000085653,-0.8383331906715443,0.6888514757156372,-0.9812026619911194,-1.6700541377067566,1.0
Original,1,BG7,0.5526313185691833,0.7601755857467651,0.5487688779830933,-0.3755564450443556,0.006989199465202933,0.3825456445095585,-0.8268029093742371,-0.7840851545333862,0.04271775484085083,1.0
Original,1,BG8,20.541980743408203,1.5053952932357788,20.690601348876953,0.9267161569613479,-0.007234969073957931,-0.9339511260353058,0.8540056943893433,-0.9951950311660767,-1.84920072555542,1.0
Original,1,BG9,7.5841546058654785,1.3128196001052856,7.608275413513184,0.8268996787909668,-0.003180420082318225,-0.830080098873285,0.6543505787849426,-0.9945878386497498,-1.6489384174346924,1.0
Original,1,BG10,17.569000244140625,1.4270403385162354,17.658287048339844,0.9187750971669595,-0.005082064597168756,-0.9238571617641282,0.8379097580909729,-0.9946627020835876,-1.8325724601745605,1.0
Original,1,BG11,7.897454261779785,1.2370332479476929,7.930764675140381,0.8433630375843997,-0.004217865936827936,-0.8475809035212276,0.6870691776275635,-0.996759295463562,-1.6838284730911255,1.0
Original,1,BG12,2.2352547645568848,0.9074085354804993,2.1500656604766846,0.5940469311108469,0.0381115902535486,-0.5559353408572983,0.19058436155319214,-0.9174854159355164,-1.1080697774887085,1.0
Original,1,BG13,0.6818767189979553,0.430563360452652,0.6314921379089355,0.36856129247088143,0.07389105529831175,-0.2946702371725697,-0.25131475925445557,-0.796000063419342,-0.5446853041648865,1.0
Original,1,BG14,8.05540657043457,1.2169945240020752,8.078414916992188,0.848922023755079,-0.0028562601189492387,-0.8517782838740282,0.6983453631401062,-0.9903446435928345,-1.6886900067329407,1.0
Original,1,BG15,2.526517152786255,0.9574740529060364,2.5736546516418457,0.6210300618539517,-0.018657102176027784,-0.6396871640299795,0.24324892461299896,-0.9919359087944031,-1.235184833407402,1.0
Original,2,BG1,0.5151075124740601,0.18141604959964752,0.48047056794166565,0.6478093569119188,0.06724218346886734,-0.5805671734430514,0.29975998401641846,-0.8098986148834229,-1.1096585988998413,1.0
Original,2,BG2,0.12120405584573746,0.02712831273674965,0.09484275430440903,0.7761765453373716,0.2174952742499563,-0.5586812710874153,0.9365741610527039,-0.3329715430736542,-1.269545704126358,1.0
Original,2,BG3,0.6737686395645142,0.27425724267959595,0.6657471060752869,0.5929504246645192,0.011905486392713605,-0.5810449382718056,0.18774165213108063,-0.9014763832092285,-1.0892180353403091,1.0
Original,2,BG4,0.49805107712745667,0.23083022236824036,0.506035566329956,0.5365330418219358,-0.016031446188683907,-0.5525644880106197,0.08750530332326889,-0.8672558069229126,-0.9547611102461815,1.0
Original,2,BG5,1.9634336233139038,0.48853468894958496,1.8360681533813477,0.7511834977966477,0.06486874716390967,-0.6863147506327381,0.5027546882629395,-0.8408353924751282,-1.3435900807380676,1.0
Original,2,BG6,12.718385696411133,0.7800841331481934,12.735221862792969,0.9386648470053109,-0.0013237651987034749,-0.9399886122040144,0.87742680311203,-0.992279589176178,-1.869706392288208,1.0
Original,2,BG7,0.3525125980377197,0.34916573762893677,0.36607450246810913,0.009494328238111804,-0.038472083327409035,-0.04796641156552084,-0.6509369015693665,-0.7721794843673706,-0.12124258279800415,1.0
Original,2,BG8,25.355228424072266,1.0606954097747803,26.6794376373291,0.9581666001340606,-0.05222627777541011,-1.0103928779094709,0.9173619747161865,-0.9988793134689331,-1.9162412881851196,0.95
Original,2,BG9,11.4099760055542,0.7129619717597961,11.326372146606445,0.937514156840656,0.0073272607088555874,-0.9301868961318004,0.8752126097679138,-0.9840084910392761,-1.85922110080719,1.0
Original,2,BG10,23.414058685302734,0.9260498881340027,23.813526153564453,0.9604489806664838,-0.017061008664074784,-0.9775099893305585,0.9209813475608826,-0.996951162815094,-1.9179325103759766,1.0
Original,2,BG11,9.314845085144043,0.6109582185745239,9.283737182617188,0.9344102652986656,0.0033396059954956536,-0.9310706593031699,0.8689121603965759,-0.9901598691940308,-1.8590720295906067,1.0
Original,2,BG12,1.0861239433288574,0.3939630091190338,1.02133047580719,0.637276198622102,0.05965569337006349,-0.5776205052520386,0.27530184388160706,-0.8624051213264465,-1.1377069652080536,1.0
Original,2,BG13,0.3694702684879303,0.22905409336090088,0.3247889578342438,0.3800473090871813,0.12093346408416494,-0.2591138450030164,-0.20405744016170502,-0.6922546625137329,-0.4881972223520279,1.0
Original,2,BG14,11.671987533569336,0.587151050567627,11.62271785736084,0.9496957096316371,0.004221190780454687,-0.9454745188511824,0.8994866013526917,-0.9861643314361572,-1.8856509327888489,1.0
Original,2,BG15,1.7912158966064453,0.40453943610191345,1.8413589000701904,0.7741537273034075,-0.027993829933513625,-0.8021475572369211,0.5495905876159668,-0.9852343201637268,-1.5348249077796936,1.0
T01,0,BG1,0.0922725722193718,0.012557553127408028,0.06086871027946472,0.8639080772926317,0.3403380634265387,-0.523570013866093,0.8148584961891174,-0.25101184844970703,-1.0658703446388245,1.0
T01,0,BG2,0.0832848995923996,0.011413846164941788,0.035858068615198135,0.8629542107831814,0.5694529922564691,-0.2935012185267123,0.8994443416595459,0.25939130783081055,-0.6400530338287354,1.0
T01,0,BG3,0.10235004127025604,0.01040292251855135,0.09894482791423798,0.8983593814615456,0.033270362972525946,-0.8650890184890196,0.9100796580314636,-0.6179303526878357,-1.5280100107192993,1.0
T01,0,BG4,0.10034718364477158,0.012528573162853718,0.09278262406587601,0.875147747457644,0.07538396744481057,-0.7997637800128334,0.8374075293540955,-0.3700825572013855,-1.207490086555481,1.0
T01,0,BG5,0.23564176261425018,0.014140489511191845,0.1409672647714615,0.9399915840289486,0.4017730251833259,-0.5382185588456226,0.9684793949127197,-0.11152437329292297,-1.0800037682056427,1.0
T01,0,BG6,0.1276663988828659,0.018809732049703598,0.15030665695667267,0.8526649867079636,-0.17733911584040274,-1.0300041025483664,0.8391456604003906,-0.46202945709228516,-1.3011751174926758,1.0
T01,0,BG7,0.12621347606182098,0.015520830638706684,0.09261444211006165,0.8770271614944192,0.2662080337064938,-0.6108191277879254,0.9375017881393433,-0.060304298996925354,-0.9978060871362686,1.0
T01,0,BG8,0.2524532377719879,0.054027896374464035,0.2734387516975403,0.7859885073720214,-0.08312629807997629,-0.8691148054519977,0.609652042388916,-0.5752661824226379,-1.184918224811554,1.0
T01,0,BG9,0.2467074692249298,0.02785494551062584,0.21073994040489197,0.8870932263661543,0.1457902246540539,-0.7413030017121004,0.791465699672699,-0.5781390070915222,-1.3696047067642212,1.0
T01,0,BG10,0.32834896445274353,0.07362513989210129,0.33833515644073486,0.7757716770249955,-0.030413318648657928,-0.8061849956736534,0.5762736201286316,-0.798195481300354,-1.3744691014289856,1.0
T01,0,BG11,0.16778171062469482,0.01674952730536461,0.12528884410858154,0.9001707263282211,0.25326284864585535,-0.6469078776823658,0.8526611924171448,-0.34591519832611084,-1.1985763907432556,1.0
T01,0,BG12,0.12608034908771515,0.012710507027804852,0.0729389563202858,0.8991872554950288,0.42148835196811607,-0.4776989035269127,0.8672053217887878,-0.08942955732345581,-0.9566348791122437,1.0
T01,0,BG13,0.17652085423469543,0.013717276975512505,0.06472194194793701,0.9222909029196994,0.6333467874829506,-0.2889441154367488,0.9495123624801636,0.3132471442222595,-0.636265218257904,1.0
T01,0,BG14,0.11310245096683502,0.015357106924057007,0.1065182238817215,0.864219515713631,0.05821479947323349,-0.8060047162403975,0.7836982607841492,-0.4768998920917511,-1.2605981528759003,1.0
T01,0,BG15,0.11226721107959747,0.012224441394209862,0.10184341669082642,0.891112995613005,0.09284815539685065,-0.7982648402161544,0.900600016117096,-0.5617825388908386,-1.4623825550079346,1.0
T01,1,BG1,0.04065796732902527,0.015016278252005577,0.028254538774490356,0.6306683401762432,0.30506777191988443,-0.32560056825635875,0.716317355632782,0.2511124312877655,-0.4652049243450165,1.0
T01,1,BG2,0.07067588716745377,0.012418710626661777,0.02223728969693184,0.8242864806195825,0.6853624702599161,-0.1389240103596664,0.8548277020454407,0.47505834698677063,-0.37976935505867004,1.0
T01,1,BG3,0.0666971206665039,0.015281334519386292,0.05427086353302002,0.7708846787458465,0.18630887130088347,-0.5845758074449631,0.6539162397384644,-0.4250510036945343,-1.0789672434329987,1.0
T01,1,BG4,0.08227916061878204,0.014052221551537514,0.045127544552087784,0.8292128925722329,0.4515313631298755,-0.37768152944235733,0.7752349376678467,-0.002255390165373683,-0.7774903278332204,1.0
T01,1,BG5,0.18610410392284393,0.014021937735378742,0.10596670210361481,0.9246554122860925,0.43060526782579844,-0.49405014446029405,0.9117573499679565,0.1758553683757782,-0.7359019815921783,1.0
T01,1,BG6,0.2758258581161499,0.016245443373918533,0.13304661214351654,0.9411025387688525,0.5176427321621234,-0.4234598066067291,0.9131472110748291,0.7207092046737671,-0.192438006401062,1.0
T01,1,BG7,0.07260431349277496,0.021883251145482063,0.13185946643352509,0.6985957572119004,-0.8161379390394947,-1.514733696251395,0.7578842639923096,0.7768388390541077,0.018954575061798096,1.0
T01,1,BG8,0.24100534617900848,0.03933874890208244,0.2963118553161621,0.8367723044592283,-0.22948244808332952,-1.0662547525425579,0.710475504398346,0.25175973773002625,-0.4587157666683197,1.0
T01,1,BG9,0.09404848515987396,0.02063712850213051,0.15535268187522888,0.7805692853771955,-0.6518359130695641,-1.4324051984467596,0.6738576889038086,0.034678198397159576,-0.639179490506649,1.0
T01,1,BG10,0.366668164730072,0.04115821793675423,0.20766420662403107,0.8877507763877969,0.43364540220348813,-0.45410537418430874,0.805709719657898,0.11565365642309189,-0.6900560632348061,1.0
T01,1,BG11,0.19840656220912933,0.022523457184433937,0.07227830588817596,0.8864782706860476,0.6357060903608001,-0.2507721803252475,0.7987655997276306,0.48290160298347473,-0.3158639967441559,1.0
T01,1,BG12,0.17141848802566528,0.017351269721984863,0.06959334760904312,0.8987783120151538,0.5940149493164769,-0.3047633626986769,0.8253831267356873,0.26416173577308655,-0.5612213909626007,1.0
T01,1,BG13,0.14439800381660461,0.01708715409040451,0.04818213731050491,0.8816662803125093,0.6663240993626163,-0.215342180949893,0.8535633683204651,0.3552510738372803,-0.4983122944831848,1.0
T01,1,BG14,0.09770061820745468,0.021576140075922012,0.0662321075797081,0.7791606822618595,0.3220912823705415,-0.457069399891318,0.6654671430587769,0.004073085263371468,-0.6613940577954054,1.0
T01,1,BG15,0.06846700608730316,0.017697934061288834,0.040368858724832535,0.7415115325206816,0.41038968788478103,-0.33112184463590055,0.7131046652793884,0.1572183072566986,-0.5558863580226898,1.0
T01,2,BG1,0.0449618399143219,0.016562093049287796,0.04914809390902519,0.6316412006879593,-0.09310657819196688,-0.7247477788799261,0.5899684429168701,-0.6767639517784119,-1.266732394695282,1.0
T01,2,BG2,0.028707558289170265,0.016850527375936508,0.042205020785331726,0.41302839703447636,-0.4701705264689131,-0.8831989235033895,0.14708401262760162,-0.5884066224098206,-0.7354906350374222,1.0
T01,2,BG3,0.03298129886388779,0.020332980901002884,0.03223331272602081,0.3834998791310533,0.02267939519786555,-0.3608204839331878,0.3374233543872833,-0.29042312502861023,-0.6278464794158936,1.0
T01,2,BG4,0.07409055531024933,0.018507014960050583,0.02797037363052368,0.7502109090063804,0.6224840030117249,-0.12772690599465553,0.6653188467025757,0.8419641852378845,0.17664533853530884,1.0
T01,2,BG5,0.1251528114080429,0.017253143712878227,0.13050085306167603,0.8621433898271713,-0.042732010301203216,-0.9048754001283745,0.8087511658668518,-0.06359557062387466,-0.8723467364907265,1.0
T01,2,BG6,0.0674576684832573,0.020458554849028587,0.12080641835927963,0.6967201464825636,-0.7908475517618543,-1.487567698244418,0.6222312450408936,0.0017179119167849422,-0.6205133331241086,1.0
T01,2,BG7,0.09159891307353973,0.019948355853557587,0.18430712819099426,0.7822206289746207,-1.0121102083593736,-1.7943308373339943,0.7393962740898132,0.31015604734420776,-0.42924022674560547,1.0
T01,2,BG8,0.5630930066108704,0.029777467250823975,0.4309089779853821,0.9471180313511117,0.23474636467891963,-0.7123716666721921,0.8972853422164917,-0.4139218330383301,-1.3112071752548218,1.0
T01,2,BG9,0.056796394288539886,0.022457342594861984,0.1210397332906723,0.6045992193313314,-1.1311161297423036,-1.735715349073635,0.5811172723770142,-0.18464039266109467,-0.7657576650381088,1.0
T01,2,BG10,0.46557918190956116,0.040256317704916,0.3737868666648865,0.9135349723431458,0.19715727601182265,-0.7163776963313232,0.8521230816841125,-0.5343765616416931,-1.3864996433258057,1.0
T01,2,BG11,0.05463792011141777,0.02287641353905201,0.0473363883793354,0.5813089278381816,0.1336350355365412,-0.44767389230164034,0.6376658082008362,-0.0201339703053236,-0.6577997785061598,1.0
T01,2,BG12,0.21518388390541077,0.015547506511211395,0.021603930741548538,0.9277478150012208,0.8996024732638909,-0.028145341737329965,0.8858602046966553,0.8439493775367737,-0.04191082715988159,1.0
T01,2,BG13,0.12258896976709366,0.018895134329795837,0.02724532224237919,0.8458659631094522,0.7777506404397648,-0.06811532266968734,0.7440887689590454,0.6170305013656616,-0.1270582675933838,1.0
T01,2,BG14,0.12555399537086487,0.023927493020892143,0.020857376977801323,0.8094246937784704,0.8338772473550945,0.024452553576624125,0.6608293056488037,0.7727883458137512,0.11195904016494751,1.0
T01,2,BG15,0.08922502398490906,0.019445428624749184,0.06098206713795662,0.7820630852543238,0.31653635292231175,-0.465526732332012,0.6235906481742859,-0.0014613070525228977,-0.6250519552268088,1.0
T02,0,BG1,0.03734281659126282,0.021772628650069237,0.056775521486997604,0.4169528491139065,-0.5203862875308292,-0.9373391366447357,0.40806952118873596,-0.39612719416618347,-0.8041967153549194,1.0
T02,0,BG2,0.054142165929079056,0.019756369292736053,0.044596634805202484,0.6351020446866605,0.17630508859452376,-0.4587969560921368,0.7052585482597351,0.2514277696609497,-0.4538307785987854,1.0
T02,0,BG3,0.1612122654914856,0.046200141310691833,0.13918282091617584,0.7134204503357942,0.1366487415933363,-0.5767717087424579,0.5050967931747437,-0.5597412586212158,-1.0648380517959595,1.0
T02,0,BG4,0.07164732366800308,0.04092041403055191,0.09477238357067108,0.428863407252983,-0.32276218414245617,-0.7516255913954392,0.17415137588977814,-0.678709089756012,-0.8528604656457901,1.0
T02,0,BG5,0.09931343793869019,0.06223864480853081,0.12313548475503922,0.3733110057063672,-0.23986718124070405,-0.6131781869470713,0.10514966398477554,-0.298919677734375,-0.40406934171915054,1.0
T02,0,BG6,0.9490310549736023,0.26087984442710876,0.887451171875,0.7251092676988764,0.06488712052888934,-0.6602221471699871,0.4549080729484558,-0.8204846382141113,-1.2753927111625671,1.0
T02,0,BG7,0.09036216139793396,0.07429341971874237,0.17417818307876587,0.17782609061515953,-0.9275564141959993,-1.1053825048111587,-0.0688113421201706,-0.697823166847229,-0.6290118247270584,1.0
T02,0,BG8,2.2242119312286377,0.540876030921936,2.2062759399414062,0.7568235198741177,0.00806398030455846,-0.7487595395695592,0.5161870718002319,-0.9490870237350464,-1.4652740955352783,1.0
T02,0,BG9,0.32548242807388306,0.1673695147037506,0.4027750492095947,0.485780198482603,-0.23747091115916552,-0.7232511096417685,0.11338844150304794,-0.7963088750839233,-0.9096973165869713,1.0
T02,0,BG10,3.2013087272644043,0.6083089113235474,3.209118366241455,0.8099811791838103,-0.0024395113430153437,-0.8124206905268256,0.6243190765380859,-0.9618859887123108,-1.5862050652503967,1.0
T02,0,BG11,0.836962878704071,0.22464220225811005,0.8425227999687195,0.7315983715766186,-0.006642960326780134,-0.7382413319033987,0.4814912974834442,-0.9258264303207397,-1.407317727804184,1.0
T02,0,BG12,0.05774833634495735,0.05373970419168472,0.07526282966136932,0.06941570463900681,-0.3032897810058479,-0.37270548564485473,0.3070802390575409,-0.005895739886909723,-0.3129759789444506,1.0
T02,0,BG13,0.05495395511388779,0.04110576957464218,0.06148458272218704,0.25199629381694855,-0.11883796910314048,-0.37083426292008903,0.5109933018684387,0.3090580701828003,-0.20193523168563843,1.0
T02,0,BG14,0.750180184841156,0.22900864481925964,0.7878905534744263,0.6947284847105966,-0.05026840070238725,-0.7449968854129838,0.41176363825798035,-0.9588371515274048,-1.3706007897853851,1.0
T02,0,BG15,0.1753745973110199,0.0680263489484787,0.18941524624824524,0.6121083320355685,-0.08006084320020657,-0.692169175235775,0.3285268545150757,-0.8217747211456299,-1.1503015756607056,1.0
T02,1,BG1,0.07718808203935623,0.01676749438047409,0.045649826526641846,0.7827709697510754,0.40858977958198306,-0.37418119016909235,0.9114713072776794,0.11367432028055191,-0.7977969869971275,1.0
T02,1,BG2,0.05375010520219803,0.01371167041361332,0.03698498755693436,0.7448997018511953,0.31190868302693586,-0.4329910188242594,0.8123463988304138,0.38239380717277527,-0.42995259165763855,1.0
T02,1,BG3,0.1549988090991974,0.044689420610666275,0.1399460881948471,0.711678960714755,0.09711513282379725,-0.6145638278909578,0.5305488705635071,-0.592902660369873,-1.1234515309333801,1.0
T02,1,BG4,0.07476802170276642,0.03310573846101761,0.0911884680390358,0.5572206769782774,-0.21961841126896786,-0.7768390882472452,0.2848929464817047,-0.8321288228034973,-1.117021769285202,1.0
T02,1,BG5,0.11067277193069458,0.04222733899950981,0.09954413771629333,0.6184487435587064,0.10055448160117819,-0.5178942619575282,0.5490504503250122,-0.06391430646181107,-0.6129647567868233,1.0
T02,1,BG6,0.515608549118042,0.1626211702823639,0.41593652963638306,0.6846034314082559,0.19330949364407335,-0.4912939377641825,0.3988408148288727,-0.5800753235816956,-0.9789161384105682,1.0
T02,1,BG7,0.16574323177337646,0.047944165766239166,0.24132061004638672,0.7107323034516603,-0.4559906483327294,-1.1667229517843896,0.5076901912689209,-0.7904047966003418,-1.2980949878692627,1.0
T02,1,BG8,1.6765817403793335,0.5135756731033325,1.611973524093628,0.6936769274822812,0.03853568504553251,-0.6551412424367486,0.39834630489349365,-0.8802361488342285,-1.2785824537277222,1.0
T02,1,BG9,0.2146076261997223,0.11492328345775604,0.18384703993797302,0.4644958329870241,0.1433341180512433,-0.32116171493578083,0.16994406282901764,-0.343721479177475,-0.5136655420064926,1.0
T02,1,BG10,2.422804355621338,0.6096311807632446,2.441150426864624,0.7483778758971724,-0.00757224211067542,-0.7559501180078478,0.4990357756614685,-0.96352618932724,-1.4625619649887085,1.0
T02,1,BG11,0.5103693008422852,0.15773281455039978,0.47041282057762146,0.6909437711094222,0.07828936696589728,-0.6126544041435249,0.4200386106967926,-0.8108782172203064,-1.230916827917099,1.0
T02,1,BG12,0.07842749357223511,0.048842646181583405,0.08231957256793976,0.37722554006073616,-0.04962632773488562,-0.4268518677956218,0.32759377360343933,-0.17359761893749237,-0.5011913925409317,1.0
T02,1,BG13,0.08391957730054855,0.035505782812833786,0.10271333158016205,0.5769070850447129,-0.22394943640875908,-0.800856521453472,0.39104384183883667,-0.44588521122932434,-0.836929053068161,1.0
T02,1,BG14,0.44352856278419495,0.17272385954856873,0.44629254937171936,0.6105688107886345,-0.006231789240034535,-0.616800600028669,0.30815935134887695,-0.8450047969818115,-1.1531641483306885,1.0
T02,1,BG15,0.14789925515651703,0.058836646378040314,0.15386228263378143,0.6021843224455823,-0.04031810077591613,-0.6425024232214984,0.37412917613983154,-0.6933516263961792,-1.0674808025360107,1.0
T02,2,BG1,0.061054788529872894,0.014098304323852062,0.04010920971632004,0.7690876939516221,0.3430621231729165,-0.4260255707787056,0.8483391404151917,0.6070932745933533,-0.24124586582183838,1.0
T02,2,BG2,0.05058787390589714,0.015371283516287804,0.04036550968885422,0.69614693619363,0.2020715916099286,-0.4940753445837014,0.7498226761817932,0.5134866237640381,-0.23633605241775513,1.0
T02,2,BG3,0.11897806823253632,0.02160130813717842,0.1161036267876625,0.8184429563994149,0.024159504738812787,-0.7942834516606021,0.6994746923446655,-0.670802116394043,-1.3702768087387085,1.0
T02,2,BG4,0.06269831210374832,0.022874854505062103,0.08259454369544983,0.6351600212329356,-0.3173326003649475,-0.9524926215978831,0.4690909683704376,-0.4600578844547272,-0.9291488528251648,1.0
T02,2,BG5,0.07350144535303116,0.0319841094315052,0.07062935084104538,0.5648506648217517,0.03907547814109136,-0.5257751866806604,0.6159063577651978,-0.03494344651699066,-0.6508498042821884,1.0
T02,2,BG6,0.2443017214536667,0.12860189378261566,0.229916051030159,0.4735940141832118,0.058884889345272695,-0.4147091248379391,0.06951297074556351,-0.5630264282226562,-0.6325393989682198,1.0
T02,2,BG7,0.12015000730752945,0.030262231826782227,0.10588885843753815,0.7481296090925675,0.1186946052074983,-0.6294350038850692,0.7840988039970398,0.0642012432217598,-0.71989756077528,1.0
T02,2,BG8,1.2164758443832397,0.359590083360672,1.166729211807251,0.7044001473066752,0.04089406493087411,-0.6635060823758011,0.4469859004020691,-0.8705390095710754,-1.3175249099731445,1.0
T02,2,BG9,0.23684652149677277,0.09930722415447235,0.19677500426769257,0.580710667254059,0.16918773087300287,-0.4115229363810561,0.3118484318256378,-0.2641938328742981,-0.5760422646999359,1.0
T02,2,BG10,1.7511603832244873,0.42612704634666443,1.7078094482421875,0.7566601848720331,0.02475555360321724,-0.7319046312688159,0.5555328726768494,-0.8971370458602905,-1.45266991853714,1.0
T02,2,BG11,0.47664228081703186,0.11918427050113678,0.4480825960636139,0.7499502817997157,0.059918507660037146,-0.6900317741396785,0.5533620119094849,-0.7908420562744141,-1.344204068183899,1.0
T02,2,BG12,0.10172649472951889,0.031579744070768356,0.09690745174884796,0.6895622811897854,0.04737263895465915,-0.6421896422351262,0.4491818845272064,-0.30864864587783813,-0.7578305304050446,1.0
T02,2,BG13,0.07262974977493286,0.027096867561340332,0.09291071444749832,0.6269178413186431,-0.2792375292911977,-0.9061553706098409,0.4876909554004669,-0.45596063137054443,-0.9436515867710114,1.0
T02,2,BG14,0.45895498991012573,0.12224116176366806,0.42655500769615173,0.7336532736594965,0.07059513943702256,-0.663058134222474,0.5296704769134521,-0.7845528721809387,-1.3142233490943909,1.0
T02,2,BG15,0.15081799030303955,0.040547341108322144,0.14528246223926544,0.7311505189907695,0.036703430974098006,-0.6944470880166715,0.5130684971809387,-0.6089444756507874,-1.122012972831726,1.0
T03,0,BG1,0.11162809282541275,0.019908685237169266,0.10666701942682266,0.8216516743251777,0.04444296080485444,-0.7772087135203233,0.6770524978637695,-0.6878237724304199,-1.3648762702941895,1.0
T03,0,BG2,0.07260255515575409,0.016587262973189354,0.06177004054188728,0.7715333757477474,0.1492030562643044,-0.622330319483443,0.6911339163780212,-0.296977698802948,-0.9881116151809692,1.0
T03,0,BG3,0.141752690076828,0.022371158003807068,0.1455310583114624,0.8421817856613509,-0.026654576827013443,-0.8688363624883644,0.7031626105308533,-0.7715729475021362,-1.4747355580329895,1.0
T03,0,BG4,0.07572707533836365,0.012315547093749046,0.05713336542248726,0.8373693238195985,0.245535924600768,-0.5918333992188305,0.7969677448272705,-0.3323887288570404,-1.129356473684311,1.0
T03,0,BG5,0.4526486396789551,0.0585697665810585,0.4006633758544922,0.8706065584806237,0.11484685497534097,-0.7557597035052828,0.7516021728515625,-0.6910125017166138,-1.4426146745681763,1.0
T03,0,BG6,0.9121346473693848,0.14357519149780273,0.9651874303817749,0.8425943030035976,-0.0581633123834977,-0.9007576153870953,0.6878896951675415,-0.9284020066261292,-1.6162917017936707,1.0
T03,0,BG7,0.2720842957496643,0.054887086153030396,0.2692590057849884,0.7982717672678623,0.010383913753832519,-0.7878878535140298,0.6478126049041748,-0.6768576502799988,-1.3246702551841736,1.0
T03,0,BG8,1.6755679845809937,0.29265138506889343,1.6694711446762085,0.8253419819336688,0.0036386765111908748,-0.8217033054224779,0.6551927924156189,-0.9114232063293457,-1.5666159987449646,1.0
T03,0,BG9,0.5877248048782349,0.08149312436580658,0.5670584440231323,0.8613413585698431,0.03516334572223956,-0.8261780128476035,0.7291340231895447,-0.81875079870224,-1.5478848218917847,1.0
T03,0,BG10,1.5161058902740479,0.2868165373802185,1.5936206579208374,0.8108202485536306,-0.051127535110033095,-0.8619477836636636,0.6283108592033386,-0.9427012205123901,-1.5710120797157288,1.0
T03,0,BG11,0.6884467601776123,0.10999004542827606,0.7348026633262634,0.8402344956896235,-0.06733402661863264,-0.9075685223082561,0.6870597004890442,-0.9462546110153198,-1.633314311504364,1.0
T03,0,BG12,0.27589765191078186,0.04795920103788376,0.24333246052265167,0.8261703245118746,0.11803362581108401,-0.7081366987007905,0.6737234592437744,-0.5538114905357361,-1.2275349497795105,1.0
T03,0,BG13,0.13833926618099213,0.0285625159740448,0.12307949364185333,0.793532850810381,0.11030694218158332,-0.6832259086287977,0.6847384572029114,-0.3499068021774292,-1.0346452593803406,1.0
T03,0,BG14,0.8896175622940063,0.13817395269870758,0.8566370010375977,0.8446816283738571,0.03707275157724643,-0.8076088767966106,0.6901378035545349,-0.8798516988754272,-1.5699895024299622,1.0
T03,0,BG15,0.22832567989826202,0.03156960755586624,0.22801227867603302,0.8617343165811385,0.0013726498422873545,-0.8603616667388512,0.7351124286651611,-0.7598796486854553,-1.4949920773506165,1.0
T03,1,BG1,0.06201699376106262,0.014319540932774544,0.039362430572509766,0.769102986852695,0.36529615774144397,-0.403806829111251,0.7294917702674866,0.15037435293197632,-0.5791174173355103,1.0
T03,1,BG2,0.0702344998717308,0.01706007681787014,0.0355481393635273,0.7570983715978521,0.49386506108679595,-0.26323331051105614,0.6492041945457458,0.47684335708618164,-0.1723608374595642,1.0
T03,1,BG3,0.09364785254001617,0.02203175239264965,0.0630149096250534,0.7647383314997138,0.32710787074155756,-0.43763046075815626,0.6577447056770325,-0.18548636138439178,-0.8432310670614243,1.0
T03,1,BG4,0.04074510931968689,0.02374458685517311,0.03646436706185341,0.41724095421410645,0.10506171853975022,-0.31217923567435624,0.3560633659362793,-0.24678315222263336,-0.6028465181589127,1.0
T03,1,BG5,0.11832763999700546,0.027451034635305405,0.0689278244972229,0.7680082834738955,0.41748336505485173,-0.35052491841904376,0.5854126214981079,0.12937527894973755,-0.45603734254837036,1.0
T03,1,BG6,0.3101302981376648,0.06385648250579834,0.3275677263736725,0.7940978974636272,-0.05622610166906794,-0.8503239991326952,0.5980269908905029,-0.7699958682060242,-1.368022859096527,1.0
T03,1,BG7,0.14728647470474243,0.034482501447200775,0.1321852058172226,0.7658814281817774,0.10252997019918408,-0.6633514579825933,0.7078452110290527,-0.294069766998291,-1.0019149780273438,1.0
T03,1,BG8,0.7361791729927063,0.13135702908039093,0.7937802076339722,0.8215692155999305,-0.07824321302744108,-0.8998124286273715,0.649803638458252,-0.9548271894454956,-1.6046308279037476,1.0
T03,1,BG9,0.18854303658008575,0.049343399703502655,0.1573738306760788,0.7382910661595601,0.16531617829123957,-0.5729748878683205,0.5082291960716248,-0.5229739546775818,-1.0312031507492065,1.0
T03,1,BG10,0.8755890727043152,0.12593986093997955,0.9585584402084351,0.8561655650719103,-0.09475832801371098,-0.9509238930856213,0.7265375852584839,-0.9597855806350708,-1.6863231658935547,1.0
T03,1,BG11,0.2539897561073303,0.05077939108014107,0.30098146200180054,0.8000730822411055,-0.18501413113870346,-0.985087213379809,0.6509189605712891,-0.9165224432945251,-1.5674414038658142,1.0
T03,1,BG12,0.11592370271682739,0.024043649435043335,0.06584945321083069,0.79259075756333,0.4319587281362838,-0.3606320294270462,0.6252874135971069,0.12864412367343903,-0.4966432899236679,1.0
T03,1,BG13,0.11311995983123779,0.026432175189256668,0.0679183155298233,0.7663350226428589,0.3995904027277434,-0.36674461991511553,0.6063578724861145,0.005126096308231354,-0.6012317761778831,1.0
T03,1,BG14,0.33230042457580566,0.05806276202201843,0.3093600571155548,0.8252702796006337,0.06903505103607566,-0.756235228564558,0.6584455370903015,-0.7899608612060547,-1.4484063982963562,1.0
T03,1,BG15,0.07142720371484756,0.028112227097153664,0.08065357804298401,0.6064213394997657,-0.12917155588582863,-0.7355928953855944,0.4201548397541046,-0.5603538751602173,-0.9805087149143219,1.0
T03,2,BG1,0.03716724365949631,0.016207454726099968,0.04184476286172867,0.5639318720026296,-0.12585027791089543,-0.689782149913525,0.870113730430603,-0.06678716838359833,-0.9369008988142014,1.0
T03,2,BG2,0.030999675393104553,0.014830844476819038,0.0554916150867939,0.5215808067485113,-0.7900702662981616,-1.3116510730466728,0.5856680870056152,-0.0679890587925911,-0.6536571457982063,1.0
T03,2,BG3,0.033381495624780655,0.021619345992803574,0.027092063799500465,0.35235557569474873,0.1884109691149234,-0.16394460657982535,0.6795284748077393,0.0837780013680458,-0.5957504734396935,1.0
T03,2,BG4,0.04974397271871567,0.014636127278208733,0.03539367765188217,0.7057708997494075,0.2884832352081519,-0.41728766454125565,0.8715484142303467,-0.17980793118476868,-1.0513563454151154,1.0
T03,2,BG5,0.1568092554807663,0.012224836274981499,0.1516721248626709,0.9220400896751796,0.03276044054122229,-0.8892796491339573,0.9749648571014404,-0.5769538879394531,-1.5519187450408936,1.0
T03,2,BG6,0.15313303470611572,0.040805067867040634,0.16345149278640747,0.7335319235286453,-0.06738224333026444,-0.8009141668589097,0.57968670129776,-0.5477148294448853,-1.1274015307426453,1.0
T03,2,BG7,0.15959742665290833,0.014806583523750305,0.16070713102817535,0.9072254302182085,-0.00695308395009131,-0.9141785141682998,0.9498531222343445,-0.5712155103683472,-1.5210686326026917,1.0
T03,2,BG8,0.8681052923202515,0.1049308180809021,0.8871073722839355,0.8791266246151873,-0.021889130169918003,-0.9010157547851053,0.7888417840003967,-0.9588468670845032,-1.7476886510849,1.0
T03,2,BG9,0.2042158544063568,0.046814970672130585,0.18537774682044983,0.7707574247073367,0.09224610262610222,-0.6785113220812344,0.5492814779281616,-0.6041391491889954,-1.153420627117157,1.0
T03,2,BG10,0.6861244440078735,0.09985896199941635,0.7719123959541321,0.8544594039519973,-0.12503262556106765,-0.9794920295130649,0.7321555018424988,-0.9512649178504944,-1.6834204196929932,1.0
T03,2,BG11,0.15324446558952332,0.04022403433918953,0.21287724375724792,0.7375172306574196,-0.3891348640028982,-1.1266520946603178,0.56979900598526,-0.7748206257820129,-1.344619631767273,1.0
T03,2,BG12,0.0746382623910904,0.024655373767018318,0.037455908954143524,0.6696684827077878,0.49816752512864093,-0.17150095757914685,0.7233512997627258,0.3737903833389282,-0.3495609164237976,1.0
T03,2,BG13,0.061087749898433685,0.02017347887158394,0.036172591149806976,0.6697623401950741,0.40785860850113687,-0.2619037316939372,0.7665460705757141,0.3110302686691284,-0.4555158019065857,1.0
T03,2,BG14,0.17734912037849426,0.04475240781903267,0.1895018070936203,0.7476592767975623,-0.06852402765770593,-0.8161833044552682,0.5665305852890015,-0.7544638514518738,-1.3209944367408752,1.0
T03,2,BG15,0.060067951679229736,0.019413474947214127,0.047702156007289886,0.6768081618802972,0.2058635806218091,-0.47094458125848815,0.7577916383743286,-0.07950934767723083,-0.8373009860515594,1.0
T04,0,BG1,0.2660529315471649,0.014917919412255287,0.1925264298915863,0.9439287559629905,0.276360453780377,-0.6675683021826135,0.9194332957267761,-0.4391927421092987,-1.3586260378360748,1.0
T04,0,BG2,0.2941129803657532,0.029844164848327637,0.2643935978412628,0.8985282329379127,0.10104753444426884,-0.7974806984936439,0.825607180595398,-0.7637829184532166,-1.5893900990486145,1.0
T04,0,BG3,0.129903644323349,0.02138420008122921,0.09039218723773956,0.8353841530277444,0.3041597812734327,-0.5312243717543117,0.8236364126205444,-0.3021763563156128,-1.1258127689361572,1.0
T04,0,BG4,0.0881999284029007,0.015668082982301712,0.0985831767320633,0.8223572117394311,-0.11772387279605079,-0.9400810845354819,0.7481783032417297,-0.8209013342857361,-1.5690796375274658,1.0
T04,0,BG5,0.7489795684814453,0.04049335792660713,0.7321109771728516,0.9459352977170521,0.022522111140593215,-0.9234131865764589,0.8973161578178406,-0.9244164824485779,-1.8217326402664185,1.0
T04,0,BG6,0.4199063181877136,0.13180437684059143,0.5656777024269104,0.6861100488543483,-0.3471521252569254,-1.0332621741112737,0.3922555446624756,-0.9755173325538635,-1.3677728772163391,1.0
T04,0,BG7,0.1257866621017456,0.07285785675048828,0.16921350359916687,0.42078238073143837,-0.3452419145193255,-0.7660242952507639,0.31222108006477356,-0.7599426507949829,-1.0721637308597565,1.0
T04,0,BG8,0.7492254972457886,0.05300997570157051,0.7210326194763184,0.9292469687845528,0.03762937526394361,-0.8916175935206092,0.8797538876533508,-0.9043388962745667,-1.7840927839279175,1.0
T04,0,BG9,0.17922285199165344,0.08522654324769974,0.14889638125896454,0.5244661183255247,0.16921100575941717,-0.35525511256610753,0.6548102498054504,-0.4982236325740814,-1.1530338823795319,1.0
T04,0,BG10,0.2780517637729645,0.038858938962221146,0.2163178026676178,0.86024567139086,0.22202329540164645,-0.6382223759892135,0.7416706085205078,-0.49857890605926514,-1.240249514579773,1.0
T04,0,BG11,0.1315905898809433,0.04725316911935806,0.1046634167432785,0.6409077155806691,0.20462847013409147,-0.4362792454465776,0.7237251996994019,-0.03437267616391182,-0.7580978758633137,1.0
T04,0,BG12,0.114918053150177,0.02462121471762657,0.0972282662987709,0.7857498286805346,0.15393399754996517,-0.6318158311305694,0.657401978969574,-0.18030457198619843,-0.8377065509557724,1.0
T04,0,BG13,0.17303702235221863,0.032798897475004196,0.18111979961395264,0.8104515719603783,-0.04671119905293719,-0.8571627710133155,0.6326970458030701,-0.7587446570396423,-1.3914417028427124,1.0
T04,0,BG14,0.3030932545661926,0.06624016910791397,0.25537610054016113,0.7814528501558049,0.1574339307550351,-0.6240189194007698,0.5939422249794006,-0.6517312526702881,-1.2456734776496887,1.0
T04,0,BG15,0.25915101170539856,0.0532878115773201,0.23369283974170685,0.7943754524807647,0.09823685739750787,-0.6961385950832568,0.5989297032356262,-0.7737908363342285,-1.3727205395698547,1.0
T04,1,BG1,0.03305840119719505,0.022748472169041634,0.021790258586406708,0.3118703729182303,0.34085584281631864,0.028985469898088367,0.661461591720581,0.27884435653686523,-0.3826172351837158,1.0
T04,1,BG2,0.041849639266729355,0.024164851754903793,0.025324489921331406,0.4225793482547786,0.3948697213702941,-0.02770962688448453,0.520405650138855,0.13072067499160767,-0.3896849751472473,1.0
T04,1,BG3,0.06199200823903084,0.022915992885828018,0.07351163774728775,0.630339622151552,-0.18582423730486064,-0.8161638594564127,0.4002408981323242,-0.6057009696960449,-1.0059418678283691,1.0
T04,1,BG4,0.05902206152677536,0.017503945156931877,0.04459822550415993,0.7034339069412159,0.24438054526893482,-0.45905336167228106,0.5614652037620544,-0.19067493081092834,-0.7521401345729828,1.0
T04,1,BG5,0.14346173405647278,0.028663475066423416,0.1310555785894394,0.8002012644211252,0.08647716886914314,-0.713724095551982,0.8395967483520508,-0.5556934475898743,-1.395290195941925,1.0
T04,1,BG6,0.2917892336845398,0.06482769548892975,0.3779275119304657,0.7778269867993609,-0.2952071404628336,-1.0730341272621944,0.5653319358825684,-0.9693399667739868,-1.5346719026565552,1.0
T04,1,BG7,0.1338939368724823,0.040230125188827515,0.1253274530172348,0.6995373866516772,0.06397969479087828,-0.6355576918607989,0.5479494333267212,-0.6097431778907776,-1.1576926112174988,1.0
T04,1,BG8,0.4974413812160492,0.06409376859664917,0.42715078592300415,0.8711531253159994,0.14130429540897682,-0.7298488299070226,0.7890680432319641,-0.6858742237091064,-1.4749422669410706,1.0
T04,1,BG9,0.2804747223854065,0.04401953145861626,0.23854772746562958,0.8430534861938007,0.14948585408458148,-0.6935676321092192,0.8623901605606079,-0.6330600380897522,-1.49545019865036,1.0
T04,1,BG10,0.16415752470493317,0.024838339537382126,0.13574746251106262,0.8486920531425616,0.17306590431524538,-0.6756261488273162,0.7323088049888611,-0.2953794002532959,-1.027688205242157,1.0
T04,1,BG11,0.14309577643871307,0.02687859535217285,0.16755923628807068,0.8121636141698361,-0.17095856180108515,-0.9831221759709212,0.7026321291923523,-0.739699125289917,-1.4423312544822693,1.0
T04,1,BG12,0.20015236735343933,0.029238292947411537,0.14022459089756012,0.8539198318100361,0.29941081514138423,-0.5545090166686518,0.7802620530128479,-0.27697205543518066,-1.0572341084480286,1.0
T04,1,BG13,0.15004852414131165,0.014778228476643562,0.0966186672449112,0.9015103442281827,0.3560838978012384,-0.5454264464269443,0.8783305287361145,-0.19688023626804352,-1.075210765004158,1.0
T04,1,BG14,0.25746259093284607,0.05442594364285469,0.22050368785858154,0.7886064094526467,0.14355060867230385,-0.6450558007803429,0.6050242185592651,-0.5346274971961975,-1.1396517157554626,1.0
T04,1,BG15,0.07383411377668381,0.01622520014643669,0.07609790563583374,0.7802479488276872,-0.03066037413807332,-0.8109083229657605,0.6001759171485901,-0.5284337401390076,-1.1286096572875977,1.0
T04,2,BG1,0.184153750538826,0.021420342847704887,0.15006759762763977,0.8836822947029163,0.18509620879558242,-0.6985860859073338,0.9072848558425903,-0.5863087773323059,-1.4935936331748962,1.0
T04,2,BG2,0.2223045527935028,0.02247748151421547,0.19012054800987244,0.8988887981795738,0.14477442288724351,-0.7541143752923303,0.9526228308677673,-0.680695116519928,-1.6333179473876953,1.0
T04,2,BG3,0.13848181068897247,0.016854403540492058,0.09546907991170883,0.8782915803920088,0.31060207443307253,-0.5676895059589363,0.9413164854049683,-0.3365316689014435,-1.2778481543064117,1.0
T04,2,BG4,0.07654634118080139,0.016973216086626053,0.07871054112911224,0.7782622447079737,-0.028272934175517683,-0.8065351788834914,0.7949790954589844,-0.6927902698516846,-1.487769365310669,1.0
T04,2,BG5,0.4928587079048157,0.023037761449813843,0.5278438925743103,0.9532568652782498,-0.07098418552525465,-1.0242410508035045,0.9197136163711548,-0.9526782035827637,-1.8723918199539185,1.0
T04,2,BG6,0.42714962363243103,0.1253177672624588,0.5176452398300171,0.706618577202628,-0.21185926212325623,-0.9184778393258842,0.4205305278301239,-0.9664979577064514,-1.3870284855365753,1.0
T04,2,BG7,0.08708176016807556,0.05344991013407707,0.11186382919549942,0.3862101099815266,-0.28458377659976697,-0.6707938865812936,0.4092194437980652,-0.257733553647995,-0.6669529974460602,1.0
T04,2,BG8,0.14074046909809113,0.03516661375761032,0.1814585030078888,0.7501314903646132,-0.28931281299261924,-1.0394443033572325,0.5934658646583557,-0.8271021842956543,-1.42056804895401,1.0
T04,2,BG9,0.3658498227596283,0.1176779493689537,0.3551073670387268,0.6783435747905048,0.02936304669014167,-0.6489805281003631,0.37075117230415344,-0.8019928932189941,-1.1727440655231476,1.0
T04,2,BG10,0.17289504408836365,0.025067990645766258,0.21437616646289825,0.8550103658086456,-0.2399207576714968,-1.0949311234801424,0.7836946249008179,-0.8145811557769775,-1.5982757806777954,1.0
T04,2,BG11,0.2615026831626892,0.05765413120388985,0.31475257873535156,0.7795275815074633,-0.2036303524397507,-0.983157933947214,0.574500322341919,-0.8707405924797058,-1.4452409148216248,1.0
T04,2,BG12,0.13791748881340027,0.020668210461735725,0.20401187241077423,0.8501407679260525,-0.47923123726887185,-1.3293720051949243,0.8446612358093262,-0.8622085452079773,-1.7068697810173035,1.0
T04,2,BG13,0.1764679104089737,0.031302906572818756,0.22732961177825928,0.8226141810915399,-0.28822060832025986,-1.1108347894117998,0.696997344493866,-0.9205923676490784,-1.6175897121429443,1.0
T04,2,BG14,0.14398318529129028,0.037066347897052765,0.18465645611286163,0.7425647637415993,-0.28248616610630073,-1.0250509298479,0.9333922863006592,-0.9195965528488159,-1.852988839149475,1.0
T04,2,BG15,0.22955353558063507,0.05032159015536308,0.2519456744194031,0.7807849579143762,-0.09754642988470996,-0.8783313877990861,0.5841917991638184,-0.9541001319885254,-1.5382919311523438,1.0
T05,0,BG1,0.0537986159324646,0.023395540192723274,0.02294841781258583,0.5651275513599072,0.5734385885358145,0.00831103717590731,0.47751447558403015,0.376331090927124,-0.10118338465690613,1.0
T05,0,BG2,0.11182012408971786,0.01568109355866909,0.10767927020788193,0.8597650263405381,0.03703146947144198,-0.8227335568690961,0.85279381275177,-0.6196928024291992,-1.4724866151809692,1.0
T05,0,BG3,0.11615358293056488,0.03279437869787216,0.12522566318511963,0.7176636738436819,-0.07810408637103383,-0.7957677602147157,0.49929800629615784,-0.8465898633003235,-1.3458878695964813,1.0
T05,0,BG4,0.11133556067943573,0.022284889593720436,0.04926914721727371,0.7998403434075487,0.5574716425612755,-0.24236870084627327,0.6532038450241089,0.17518843710422516,-0.47801540791988373,1.0
T05,0,BG5,0.11118993908166885,0.04271886870265007,0.08924270421266556,0.6158027856342202,0.1973851508186506,-0.4184176348155696,0.4048003852367401,-0.12555564939975739,-0.5303560346364975,1.0
T05,0,BG6,0.10951253026723862,0.05989532545208931,0.10847381502389908,0.4530733621379853,0.009484989032349844,-0.4435883731056355,0.982518196105957,0.9624967575073242,-0.020021438598632812,1.0
T05,0,BG7,0.32435697317123413,0.02313385345041752,0.1842859536409378,0.9286778005386592,0.43184218869229707,-0.49683561184636216,0.8854370713233948,-0.1262059211730957,-1.0116429924964905,1.0
T05,0,BG8,0.5112369060516357,0.29957646131515503,0.41004830598831177,0.4140163749737953,0.1979289970779493,-0.21608737789584598,-0.010646682232618332,-0.5686450600624084,-0.5579983778297901,1.0
T05,0,BG9,0.2321518361568451,0.06993530690670013,0.1799706518650055,0.6987518813033653,0.22477182566355836,-0.47398005563980694,0.46853649616241455,-0.3168351650238037,-0.7853716611862183,1.0
T05,0,BG10,0.41817569732666016,0.2273918092250824,0.2929767966270447,0.4562290318613508,0.2993930745044826,-0.15683595735686817,-0.06985080987215042,-0.3888036906719208,-0.31895288079977036,1.0
T05,0,BG11,0.19457247853279114,0.05621678754687309,0.10219883918762207,0.7110753530944385,0.4747518523390907,-0.2363235007553478,0.42853736877441406,0.17041757702827454,-0.2581197917461395,1.0
T05,0,BG12,0.2655084729194641,0.1062125414609909,0.16286268830299377,0.5999655442526557,0.3866008102182015,-0.21336473403445422,0.24418620765209198,-0.19852924346923828,-0.44271545112133026,1.0
T05,0,BG13,0.14499881863594055,0.08027665317058563,0.11818169057369232,0.4463634366858076,0.1849472738126735,-0.2614161628731341,0.042095404118299484,-0.22241105139255524,-0.2645064555108547,1.0
T05,0,BG14,0.45726507902145386,0.2783307433128357,0.34627214074134827,0.39131425075886994,0.2427321720921889,-0.14858207866668105,-0.12803854048252106,-0.5044910907745361,-0.3764525502920151,1.0
T05,0,BG15,0.16040408611297607,0.03658587485551834,0.09674542397260666,0.7719143354684028,0.3968643799191589,-0.3750499555492439,0.5725896954536438,0.18273741006851196,-0.38985228538513184,1.0
T05,1,BG1,0.061909765005111694,0.022569037973880768,0.04301416873931885,0.6354527540761161,0.30521200027350603,-0.3302407538026101,0.8227277398109436,0.0668460801243782,-0.7558816596865654,1.0
T05,1,BG2,0.15867622196674347,0.02206212654709816,0.1560756266117096,0.8609613659610842,0.016389381842511375,-0.8445719841185728,0.8968708515167236,-0.7102574110031128,-1.6071282625198364,1.0
T05,1,BG3,0.1754714399576187,0.04557286575436592,0.15973322093486786,0.7402833009850147,0.08969110944573644,-0.6505921915392783,0.4895150363445282,-0.7220110893249512,-1.2115261256694794,1.0
T05,1,BG4,0.1504479944705963,0.029306817799806595,0.08997958153486252,0.8052030141381215,0.40192239935991836,-0.4032806147782031,0.6212895512580872,-0.17796289920806885,-0.799252450466156,1.0
T05,1,BG5,0.1336168497800827,0.062491483986377716,0.1034809798002243,0.532308392150278,0.2255395017474474,-0.3067688904028306,0.11963766813278198,-0.3544721007347107,-0.4741097688674927,1.0
T05,1,BG6,0.15733344852924347,0.11166113615036011,0.36252760887145996,0.29028995361717214,-1.304199070308222,-1.5944890239253942,0.0722276121377945,-0.7493311762809753,-0.8215587884187698,1.0
T05,1,BG7,0.2620825171470642,0.028661543503403664,0.1373661756515503,0.8906392432360796,0.4758667159277312,-0.41477252730834835,0.8134114146232605,0.011858044192194939,-0.8015533704310656,1.0
T05,1,BG8,2.017444133758545,0.7008787989616394,1.844133973121643,0.6525907291510504,0.0859058086802943,-0.5666849204707561,0.30620118975639343,-0.8200270533561707,-1.126228243112564,1.0
T05,1,BG9,0.9366976022720337,0.16140538454055786,0.7510157823562622,0.8276867770068759,0.19823027995703502,-0.6294564970498409,0.6562153100967407,-0.6022113561630249,-1.2584266662597656,1.0
T05,1,BG10,1.4414724111557007,0.5427902340888977,1.2510225772857666,0.6234473680365555,0.1321217396009844,-0.49132562843557115,0.24880744516849518,-0.734264612197876,-0.9830720573663712,1.0
T05,1,BG11,0.5325934290885925,0.10985169559717178,0.28985804319381714,0.7937419285803503,0.45576114551872726,-0.33798078306162305,0.5895269513130188,-0.08021058887243271,-0.6697375401854515,1.0
T05,1,BG12,0.7732623219490051,0.20527084171772003,0.6762135624885559,0.7345391942210149,0.1255056213792778,-0.6090335728417371,0.4699213206768036,-0.7424247860908508,-1.2123461067676544,1.0
T05,1,BG13,0.5821459889411926,0.13505962491035461,0.435433566570282,0.7679969884599377,0.252019996079594,-0.5159769923803437,0.5381547212600708,-0.48889824748039246,-1.0270529687404633,1.0
T05,1,BG14,1.9780147075653076,0.677618145942688,1.7955372333526611,0.6574251243303424,0.0922528445274936,-0.5651722798028488,0.3175358176231384,-0.814644992351532,-1.1321808099746704,1.0
T05,1,BG15,0.2521299719810486,0.0468369796872139,0.1187036857008934,0.8142347874726996,0.5291964693440712,-0.28503831812862845,0.6337581276893616,0.07521818578243256,-0.558539941906929,1.0
T05,2,BG1,0.09138093888759613,0.02052929252386093,0.055917371064424515,0.7753438460229478,0.3880850248862471,-0.38725882113670074,0.8123562932014465,-0.0702020451426506,-0.8825583383440971,1.0
T05,2,BG2,0.09594254940748215,0.019845876842737198,0.08206810057163239,0.7931483487067628,0.1446121400297744,-0.6485362086769884,0.8352386951446533,-0.4353598654270172,-1.2705985605716705,1.0
T05,2,BG3,0.20720644295215607,0.05304746702313423,0.20578202605247498,0.7439873794114757,0.006874433104696709,-0.737112946306779,0.5269353985786438,-0.8516236543655396,-1.3785590529441833,1.0
T05,2,BG4,0.2558152377605438,0.028096679598093033,0.1796194612979889,0.8901680808940953,0.2978547491972726,-0.5923133316968227,0.8055194616317749,-0.3750336170196533,-1.1805530786514282,1.0
T05,2,BG5,0.18627920746803284,0.08734705299139023,0.13692504167556763,0.5310960923143251,0.2649473004197842,-0.2661487918945409,0.11916948109865189,-0.1823585331439972,-0.3015280142426491,1.0
T05,2,BG6,0.13081254065036774,0.1463872492313385,0.2587015628814697,-0.11906119484359268,-0.9776509333031835,-0.8585897384595909,0.11599749326705933,-0.2741878926753998,-0.3901853859424591,1.0
T05,2,BG7,0.6440534591674805,0.06475620716810226,0.5177052617073059,0.8994552311754368,0.19617658084117684,-0.70327865033426,0.8057469129562378,-0.5948559641838074,-1.4006028771400452,1.0
T05,2,BG8,2.099372386932373,0.5822510123252869,2.0130741596221924,0.7226547261571703,0.04110668380525562,-0.6815480423519147,0.45208775997161865,-0.9074923992156982,-1.359580159187317,1.0
T05,2,BG9,0.7913795113563538,0.22414043545722961,0.712612509727478,0.7167725100176046,0.09953127355870439,-0.6172412364589002,0.4381316602230072,-0.784480631351471,-1.2226122915744781,1.0
T05,2,BG10,1.3352118730545044,0.5043184161186218,1.1903096437454224,0.6222933434617768,0.10852377899573185,-0.5137695644660449,0.24883994460105896,-0.7689871788024902,-1.0178271234035492,1.0
T05,2,BG11,0.4684630334377289,0.1538364440202713,0.37088093161582947,0.671614557060102,0.20830268937718377,-0.4633118676829182,0.3457052409648895,-0.5648303031921387,-0.9105355441570282,1.0
T05,2,BG12,0.9600540995597839,0.2994663119316101,0.8371130228042603,0.6880735065350377,0.12805641424929293,-0.5600170922857448,0.38141247630119324,-0.7348787784576416,-1.1162912547588348,1.0
T05,2,BG13,0.6426599025726318,0.20746099948883057,0.5316766500473022,0.6771838488286231,0.1726936134557585,-0.5044902353728646,0.3557847738265991,-0.6376193761825562,-0.9934041500091553,1.0
T05,2,BG14,1.5224193334579468,0.5937429666519165,1.3486577272415161,0.6100003791968915,0.11413518684133195,-0.4958651923555596,0.22442758083343506,-0.7675249576568604,-0.9919525384902954,1.0
T05,2,BG15,0.4467148184776306,0.0949467122554779,0.33452802896499634,0.7874556513401426,0.2511373976434992,-0.5363182536966434,0.5778664350509644,-0.48262619972229004,-1.0604926347732544,1.0
