group,stage,metric,n,n_tasks,mean,median,ci_low,ci_high,median_ci_low,median_ci_high
pooled,Early-only,Recovery,269,6,0.143137652103581,0.11372071012089502,0.035731697495651,0.24556718304932446,0.055502097211084234,0.26484903459419673
pooled,Early-only,D_BG_px,269,6,1.3777794025658343,0.19457247853279114,0.24339875964516844,3.507890998894237,0.12920014299452304,0.5526313185691833
pooled,Early-only,D_int_px,269,6,1.1389340159022785,0.1752830445766449,0.20609945184637413,2.9434970979542165,0.12494133785367012,0.3550705313682556
pooled,Early-only,absolute_improvement_px,269,6,0.23884538666355565,0.02541467547416687,0.026665586157253496,0.5549556973346679,0.005620218813419342,0.15192042887210816
pooled,Early-only,D_to_BGb_px,269,6,0.2712246080008803,0.04963807016611099,0.04626126942673215,0.6001514480955034,0.019674362614750862,0.20325260609388351
pooled,Early-only,BG0_preference,269,6,-0.5356976700145382,-0.6436264164829323,-0.7221730110338068,-0.3449747768887426,-0.7640347571638125,-0.3934344006840808
pooled,Early-only,ADE_GT,269,6,2.0212808532440345,0.9856576444311512,0.7284108723351085,4.226701821790573,0.6174965447512267,1.9972165135046622
pooled,Early-only,GT_ADE_improvement_px,269,6,0.18383614505422674,0.005399370261497047,0.010613876135353898,0.513730627196439,-0.0009905473413929138,0.10156619911923319
pooled,Middle-only,Recovery,270,6,0.4314671236145001,0.5758256028488078,0.24747875901975705,0.5953965790823595,0.37364084645179707,0.6544756521716826
pooled,Middle-only,D_BG_px,270,6,1.463529528822336,0.19648952037096024,0.24339875964516844,3.741473471037871,0.12920014299452304,0.5678273223340508
pooled,Middle-only,D_int_px,270,6,0.25762663540878783,0.10829595103859901,0.0987210708644448,0.5155233639100981,0.06977223604917526,0.26038312911987305
pooled,Middle-only,absolute_improvement_px,270,6,1.205902893413548,0.10782657563686371,0.1324581755463172,3.2201108531588343,0.04391421377658844,0.3620223365724087
pooled,Middle-only,D_to_BGb_px,270,6,1.267822730899961,0.1743757575750351,0.21346129150405804,3.2679865654557942,0.1358938068151474,0.3929342180490494
pooled,Middle-only,BG0_preference,270,6,0.33347972553744526,0.40766121938935324,0.21233269251808828,0.44649711165558287,0.25748759947206845,0.5259043540979401
pooled,Middle-only,ADE_GT,270,6,1.2276288645775526,0.9682655408118426,0.701394362667633,1.8472645291746872,0.6693762912908402,2.059939892133495
pooled,Middle-only,GT_ADE_improvement_px,270,6,1.0661063817891856,0.015688922285844415,0.01566531473934705,3.1080742041065443,-0.030872533209455384,0.20566557473145947
pooled,Late-only,Recovery,270,6,0.06655269445120388,0.05279371921394632,0.0067372879899466,0.13499811205436366,0.006989199465202933,0.14753930085430725
pooled,Late-only,D_BG_px,270,6,1.463529528822336,0.19648952037096024,0.24339875964516844,3.741473471037871,0.12920014299452304,0.5678273223340508
pooled,Late-only,D_int_px,270,6,1.4550302911756767,0.1840664967894554,0.22469732552352878,3.757626543925316,0.12080641835927963,0.574222058057785
pooled,Late-only,absolute_improvement_px,270,6,0.008499237646659216,0.014738278463482857,-0.02193628014513739,0.04334130123671558,0.005137130618095398,0.03359903395175934
pooled,Late-only,D_to_BGb_px,270,6,0.0996933517632661,0.07510226964950562,0.07337577650340757,0.1292209922577496,0.06505175679922104,0.09366012364625931
pooled,Late-only,BG0_preference,270,6,-0.4776610836504688,-0.5938793127043982,-0.689399056304359,-0.24204595851767122,-0.8408353508323226,-0.29947568815774106
pooled,Late-only,ADE_GT,270,6,2.298663318734058,1.015776283891388,0.733208387944992,5.008322682400173,0.6116021241980772,2.180684331064819
pooled,Late-only,GT_ADE_improvement_px,270,6,-0.005258410341927192,0.0033065228006731954,-0.03188569150740363,0.014005871164125579,-0.0027778147157934705,0.007913131396555851
pooled,paired,Recovery_E,269,6,0.143137652103581,0.11372071012089502,0.035731697495651,0.24556718304932446,0.055502097211084234,0.26484903459419673
pooled,paired,Recovery_M,269,6,0.4294940893089379,0.5756311324742207,0.24747875901975705,0.5913502247271503,0.37364084645179707,0.6516604266816914
pooled,paired,Recovery_L,269,6,0.06700158543286072,0.05821479947323349,0.007192036255651321,0.13499811205436366,0.006989199465202933,0.14753930085430725
pooled,paired,Delta_M_minus_E,269,6,0.286356437205357,0.3386281641050055,0.13143836828026043,0.4554561468169368,0.2080888418834037,0.5275995926471582
pooled,paired,Delta_M_minus_L,269,6,0.36249250387607723,0.5000629880218276,0.1394341895454334,0.5549613780876846,0.16977423480360584,0.6410537113935135
pooled,paired,absolute_M_minus_E_px,269,6,0.8836588620114725,0.06598041206598282,0.07720858365900952,2.438660401048676,0.02799551682546735,0.1806231066584587
pooled,paired,absolute_M_minus_L_px,269,6,1.1090374168936425,0.08868573606014252,0.10553006863704434,2.998036234670978,0.020247433334589005,0.2931739185005424
Original,Early-only,Recovery,44,1,0.27531983080056466,0.2860343359692044,,,,
Original,Early-only,D_BG_px,44,1,6.716878607361154,2.8853800296783447,,,,
Original,Early-only,D_int_px,44,1,5.691632432524454,1.9072287678718567,,,,
Original,Early-only,absolute_improvement_px,44,1,1.0252461748367006,0.5905150175094604,,,,
Original,Early-only,D_to_BGb_px,44,1,1.0859698382290928,0.6225939989089966,,,,
Original,Early-only,BG0_preference,44,1,-0.41422820458086823,-0.4266079341276382,,,,
Original,Early-only,ADE_GT,44,1,7.460362913025165,3.5964629855144032,,,,
Original,Early-only,GT_ADE_improvement_px,44,1,1.0175414180471494,0.5920484025500008,,,,
Original,Middle-only,Recovery,45,1,0.6907343642178857,0.7460830161065122,,,,
Original,Middle-only,D_BG_px,45,1,7.112732715904713,3.0308902263641357,,,,
Original,Middle-only,D_int_px,45,1,0.8912264732850923,0.8425620198249817,,,,
Original,Middle-only,absolute_improvement_px,45,1,6.22150624261962,1.898111343383789,,,,
Original,Middle-only,D_to_BGb_px,45,1,6.251834011740154,1.9056854248046875,,,,
Original,Middle-only,BG0_preference,45,1,0.43853902677066053,0.5141359094349682,,,,
Original,Middle-only,ADE_GT,45,1,2.7040354380959872,2.674770974458208,,,,
Original,Middle-only,GT_ADE_improvement_px,45,1,6.166183107325543,1.8636898564529816,,,,
Original,Late-only,Recovery,45,1,0.00819652913144086,-1.4143051635606696e-05,,,,
Original,Late-only,D_BG_px,45,1,7.112732715904713,3.0308902263641357,,,,
Original,Late-only,D_int_px,45,1,7.179367652204301,2.9581170082092285,,,,
Original,Late-only,absolute_improvement_px,45,1,-0.06663493629958894,-7.677078247070312e-05,,,,
Original,Late-only,D_to_BGb_px,45,1,0.16475405709611046,0.0887182354927063,,,,
Original,Late-only,BG0_preference,45,1,-0.9210679940713347,-0.9826223851896915,,,,
Original,Late-only,ADE_GT,45,1,8.9374547584315,4.988712466138993,,,,
Original,Late-only,GT_ADE_improvement_px,45,1,-0.06921824085761227,-0.00764561993929431,,,,
Original,paired,Recovery_E,44,1,0.27531983080056466,0.2860343359692044,,,,
Original,paired,Recovery_M,44,1,0.6845643872271395,0.7389238223915254,,,,
Original,paired,Recovery_L,44,1,0.009614608875666474,0.00023250700442994932,,,,
Original,paired,Delta_M_minus_E,44,1,0.4092445564265747,0.4747461709586372,,,,
Original,paired,Delta_M_minus_L,44,1,0.6749497783514729,0.720429966431708,,,,
Original,paired,absolute_M_minus_E_px,44,1,4.800382065840743,1.0122158825397491,,,,
Original,paired,absolute_M_minus_L_px,44,1,5.863600707697597,1.8596718907356262,,,,
T01,Early-only,Recovery,45,1,0.03769049983303844,0.0282965941226474,,,,
T01,Early-only,D_BG_px,45,1,0.14945788197219373,0.11310245096683502,,,,
T01,Early-only,D_int_px,45,1,0.142047651608785,0.10907638072967529,,,,
T01,Early-only,absolute_improvement_px,45,1,0.007410230363408724,0.004623644053936005,,,,
T01,Early-only,D_to_BGb_px,45,1,0.01759161682178577,0.01521714311093092,,,,
T01,Early-only,BG0_preference,45,1,-0.8082885141641367,-0.8245655793743001,,,,
T01,Early-only,ADE_GT,45,1,0.3853772656925943,0.31015436993589185,,,,
T01,Early-only,GT_ADE_improvement_px,45,1,0.00034582293766222675,-0.0004670547189891551,,,,
T01,Middle-only,Recovery,45,1,0.053000619757886974,0.11797822152093718,,,,
T01,Middle-only,D_BG_px,45,1,0.14945788197219373,0.11310245096683502,,,,
T01,Middle-only,D_int_px,45,1,0.11694629490375519,0.1051192432641983,,,,
T01,Middle-only,absolute_improvement_px,45,1,0.03251158706843853,0.01487472653388977,,,,
T01,Middle-only,D_to_BGb_px,45,1,0.13639653308524025,0.11454784870147705,,,,
T01,Middle-only,BG0_preference,45,1,0.1192235146864707,0.2347879370929031,,,,
T01,Middle-only,ADE_GT,45,1,0.41392619939373154,0.3121729406561308,,,,
T01,Middle-only,GT_ADE_improvement_px,45,1,-0.028203110763474818,-0.019389330399755045,,,,
T01,Late-only,Recovery,45,1,0.1653359633675401,0.25326284864585535,,,,
T01,Late-only,D_BG_px,45,1,0.14945788197219373,0.11310245096683502,,,,
T01,Late-only,D_int_px,45,1,0.11408547129895952,0.09261444211006165,,,,
T01,Late-only,absolute_improvement_px,45,1,0.0353724106732342,0.031403861939907074,,,,
T01,Late-only,D_to_BGb_px,45,1,0.10573011255926557,0.09035196900367737,,,,
T01,Late-only,BG0_preference,45,1,-0.010533865552599957,-0.002255390180599642,,,,
T01,Late-only,ADE_GT,45,1,0.37548250786687204,0.2746174417386078,,,,
T01,Late-only,GT_ADE_improvement_px,45,1,0.010240580763384579,0.007913131396555851,,,,
T01,paired,Recovery_E,45,1,0.03769049983303844,0.0282965941226474,,,,
T01,paired,Recovery_M,45,1,0.053000619757886974,0.11797822152093718,,,,
T01,paired,Recovery_L,45,1,0.1653359633675401,0.25326284864585535,,,,
T01,paired,Delta_M_minus_E,45,1,0.01531011992484851,0.11442021645317324,,,,
T01,paired,Delta_M_minus_L,45,1,-0.11233534360965314,-0.06801448777234564,,,,
T01,paired,absolute_M_minus_E_px,45,1,0.025101356705029807,0.01442614197731018,,,,
T01,paired,absolute_M_minus_L_px,45,1,-0.0028608236047956677,-0.003967199474573135,,,,
T02,Early-only,Recovery,45,1,0.19293181540095855,0.2264619226866933,,,,
T02,Early-only,D_BG_px,45,1,0.46703707153598467,0.15081799030303955,,,,
T02,Early-only,D_int_px,45,1,0.33070506950219475,0.11340761184692383,,,,
T02,Early-only,absolute_improvement_px,45,1,0.13633200203378995,0.03320059925317764,,,,
T02,Early-only,D_to_BGb_px,45,1,0.16650457595371537,0.06910601258277893,,,,
T02,Early-only,BG0_preference,45,1,-0.3612283327152984,-0.3649251310867616,,,,
T02,Early-only,ADE_GT,45,1,0.9378672278358299,0.918010958036804,,,,
T02,Early-only,GT_ADE_improvement_px,45,1,0.051749729172784226,-0.010076386080233974,,,,
T02,Middle-only,Recovery,45,1,0.3445351473664436,0.5976311609141183,,,,
T02,Middle-only,D_BG_px,45,1,0.46703707153598467,0.15081799030303955,,,,
T02,Middle-only,D_int_px,45,1,0.14105767574575212,0.09132085740566254,,,,
T02,Middle-only,absolute_improvement_px,45,1,0.32597939579023255,0.0896640457212925,,,,
T02,Middle-only,D_to_BGb_px,45,1,0.391095939775308,0.1439952403306961,,,,
T02,Middle-only,BG0_preference,45,1,0.3585630695919863,0.4799973570584619,,,,
T02,Middle-only,ADE_GT,45,1,0.9450179966218962,0.939620620965264,,,,
T02,Middle-only,GT_ADE_improvement_px,45,1,0.04459896038671792,-0.05499953461459774,,,,
T02,Late-only,Recovery,45,1,-0.031478724423739224,0.02475555360321724,,,,
T02,Late-only,D_BG_px,45,1,0.46703707153598467,0.15081799030303955,,,,
T02,Late-only,D_int_px,45,1,0.4627697513335281,0.14528246223926544,,,,
T02,Late-only,absolute_improvement_px,45,1,0.00426732020245658,0.004819042980670929,,,,
T02,Late-only,D_to_BGb_px,45,1,0.07977631377677123,0.0687047466635704,,,,
T02,Late-only,BG0_preference,45,1,-0.47456358879753496,-0.5929026762114304,,,,
T02,Late-only,ADE_GT,45,1,0.9898428567356748,0.8865943026952557,,,,
T02,Late-only,GT_ADE_improvement_px,45,1,-0.00022589972706054843,-0.007196273503986425,,,,
T02,paired,Recovery_E,45,1,0.19293181540095855,0.2264619226866933,,,,
T02,paired,Recovery_M,45,1,0.3445351473664436,0.5976311609141183,,,,
T02,paired,Recovery_L,45,1,-0.031478724423739224,0.02475555360321724,,,,
T02,paired,Delta_M_minus_E,45,1,0.15160333196548495,0.23325690232397245,,,,
T02,paired,Delta_M_minus_L,45,1,0.37601387179018275,0.617926733149723,,,,
T02,paired,absolute_M_minus_E_px,45,1,0.1896473937564426,0.03431650996208191,,,,
T02,paired,absolute_M_minus_L_px,45,1,0.321712075587776,0.08678960427641869,,,,
T03,Early-only,Recovery,45,1,0.07138769223619658,0.08526996682748245,,,,
T03,Early-only,D_BG_px,45,1,0.3216384453078111,0.15324446558952332,,,,
T03,Early-only,D_int_px,45,1,0.2917370362000333,0.1331949532032013,,,,
T03,Early-only,absolute_improvement_px,45,1,0.029901409107777808,0.01516936719417572,,,,
T03,Early-only,D_to_BGb_px,45,1,0.04069657331953446,0.02429729700088501,,,,
T03,Early-only,BG0_preference,45,1,-0.7384368599244928,-0.7381605193592645,,,,
T03,Early-only,ADE_GT,45,1,0.8679864991707879,0.7622123998847045,,,,
T03,Early-only,GT_ADE_improvement_px,45,1,0.017741569273025566,0.004578394072069511,,,,
T03,Middle-only,Recovery,45,1,0.3449005099349405,0.43153896036412165,,,,
T03,Middle-only,D_BG_px,45,1,0.3216384453078111,0.15324446558952332,,,,
T03,Middle-only,D_int_px,45,1,0.11822146690554089,0.12303334474563599,,,,
T03,Middle-only,absolute_improvement_px,45,1,0.20341697840227022,0.05711617320775986,,,,
T03,Middle-only,D_to_BGb_px,45,1,0.29879888805250326,0.15145182609558105,,,,
T03,Middle-only,BG0_preference,45,1,0.32154588808030343,0.4207498970234389,,,,
T03,Middle-only,ADE_GT,45,1,0.7452388919872714,0.7334302855514657,,,,
T03,Middle-only,GT_ADE_improvement_px,45,1,0.14048917645654233,0.02284845890444558,,,,
T03,Late-only,Recovery,45,1,0.06932236372859364,0.03707275157724643,,,,
T03,Late-only,D_BG_px,45,1,0.3216384453078111,0.15324446558952332,,,,
T03,Late-only,D_int_px,45,1,0.32141181060837376,0.1573738306760788,,,,
T03,Late-only,absolute_improvement_px,45,1,0.00022663469943735336,0.006096839904785156,,,,
T03,Late-only,D_to_BGb_px,45,1,0.06960355713963509,0.06819415837526321,,,,
T03,Late-only,BG0_preference,45,1,-0.4716205527542398,-0.5712154875232508,,,,
T03,Late-only,ADE_GT,45,1,0.889852003403081,0.7612533155236926,,,,
T03,Late-only,GT_ADE_improvement_px,45,1,-0.004123934959267061,0.0019836415880549866,,,,
T03,paired,Recovery_E,45,1,0.07138769223619658,0.08526996682748245,,,,
T03,paired,Recovery_M,45,1,0.3449005099349405,0.43153896036412165,,,,
T03,paired,Recovery_L,45,1,0.06932236372859364,0.03707275157724643,,,,
T03,paired,Delta_M_minus_E,45,1,0.2735128176987439,0.3732658131225369,,,,
T03,paired,Delta_M_minus_L,45,1,0.2755781462063469,0.37798819683701745,,,,
T03,paired,absolute_M_minus_E_px,45,1,0.1735155692944924,0.04362951219081879,,,,
T03,paired,absolute_M_minus_L_px,45,1,0.20319034370283287,0.06611698865890503,,,,
T04,Early-only,Recovery,45,1,-0.03539270414811199,0.050884215971101265,,,,
T04,Early-only,D_BG_px,45,1,0.22334339511063364,0.17303702235221863,,,,
T04,Early-only,D_int_px,45,1,0.21928057397405307,0.19242694973945618,,,,
T04,Early-only,absolute_improvement_px,45,1,0.0040628211365805736,0.005051776766777039,,,,
T04,Early-only,D_to_BGb_px,45,1,0.05396309045867787,0.043320976197719574,,,,
T04,Early-only,BG0_preference,45,1,-0.7206270131263927,-0.727806282653207,,,,
T04,Early-only,ADE_GT,45,1,1.1382331045485188,1.1341150793444081,,,,
T04,Early-only,GT_ADE_improvement_px,45,1,0.011084926924747208,0.006101512172052298,,,,
T04,Middle-only,Recovery,45,1,0.6401317256526533,0.6601019044947246,,,,
T04,Middle-only,D_BG_px,45,1,0.22334339511063364,0.17303702235221863,,,,
T04,Middle-only,D_int_px,45,1,0.061720573777953786,0.05607802793383598,,,,
T04,Middle-only,absolute_improvement_px,45,1,0.16162282133267986,0.11113414168357849,,,,
T04,Middle-only,D_to_BGb_px,45,1,0.20520466797881656,0.18052756786346436,,,,
T04,Middle-only,BG0_preference,45,1,0.5588282657164998,0.6124241731926391,,,,
T04,Middle-only,ADE_GT,45,1,1.1117081945036995,1.0985571966811323,,,,
T04,Middle-only,GT_ADE_improvement_px,45,1,0.03760983696956641,0.02002041312419629,,,,
T04,Late-only,Recovery,45,1,0.017665754795682703,0.06397969479087828,,,,
T04,Late-only,D_BG_px,45,1,0.22334339511063364,0.17303702235221863,,,,
T04,Late-only,D_int_px,45,1,0.22174597730239232,0.1814585030078888,,,,
T04,Late-only,absolute_improvement_px,45,1,0.0015974178082413144,0.012406155467033386,,,,
T04,Late-only,D_to_BGb_px,45,1,0.061774131904045744,0.059603314846754074,,,,
T04,Late-only,BG0_preference,45,1,-0.6031706458420552,-0.680695066281662,,,,
T04,Late-only,ADE_GT,45,1,1.1414799736668306,1.1300548649442002,,,,
T04,Late-only,GT_ADE_improvement_px,45,1,0.00783805780643554,0.005582358533652107,,,,
T04,paired,Recovery_E,45,1,-0.03539270414811199,0.050884215971101265,,,,
T04,paired,Recovery_M,45,1,0.6401317256526533,0.6601019044947246,,,,
T04,paired,Recovery_L,45,1,0.017665754795682703,0.06397969479087828,,,,
T04,paired,Delta_M_minus_E,45,1,0.6755244298007652,0.6419098452214531,,,,
T04,paired,Delta_M_minus_L,45,1,0.6224659708569704,0.6123655197572092,,,,
T04,paired,absolute_M_minus_E_px,45,1,0.15756000019609928,0.13189208880066872,,,,
T04,paired,absolute_M_minus_L_px,45,1,0.16002540352443853,0.12230737507343292,,,,
T05,Early-only,Recovery,45,1,0.31982616024766153,0.346142194703691,,,,
T05,Early-only,D_BG_px,45,1,0.5069676631026798,0.2558152377605438,,,,
T05,Early-only,D_int_px,45,1,0.2593724075290892,0.1579889953136444,,,,
T05,Early-only,absolute_improvement_px,45,1,0.2475952555735906,0.10391852259635925,,,,
T05,Early-only,D_to_BGb_px,45,1,0.2807274027831025,0.13376544415950775,,,,
T05,Early-only,BG0_preference,45,1,-0.16867777412195883,-0.22049583781066123,,,,
T05,Early-only,ADE_GT,45,1,1.4587265994086698,1.1454182534632593,,,,
T05,Early-only,GT_ADE_improvement_px,45,1,0.023080187814278962,0.0191262606739114,,,,
T05,Middle-only,Recovery,45,1,0.5155003747571906,0.5778771697481906,,,,
T05,Middle-only,D_BG_px,45,1,0.5069676631026798,0.2558152377605438,,,,
T05,Middle-only,D_int_px,45,1,0.21658732783463266,0.13180270791053772,,,,
T05,Middle-only,absolute_improvement_px,45,1,0.29038033526804713,0.11847442388534546,,,,
T05,Middle-only,D_to_BGb_px,45,1,0.3236063447677427,0.16319911181926727,,,,
T05,Middle-only,BG0_preference,45,1,0.20417858837875041,0.23491098765228982,,,,
T05,Middle-only,ADE_GT,45,1,1.4458464668627309,1.0911327800731718,,,,
T05,Middle-only,GT_ADE_improvement_px,45,1,0.035960320360217894,0.008740498181932172,,,,
T05,Late-only,Recovery,45,1,0.17027428010770518,0.1979289970779493,,,,
T05,Late-only,D_BG_px,45,1,0.5069676631026798,0.2558152377605438,,,,
T05,Late-only,D_int_px,45,1,0.430801084306505,0.1842859536409378,,,,
T05,Late-only,absolute_improvement_px,45,1,0.07616657879617479,0.08629822731018066,,,,
T05,Late-only,D_to_BGb_px,45,1,0.11652193810376855,0.11558598279953003,,,,
T05,Late-only,BG0_preference,45,1,-0.3850098548850479,-0.48262619600618095,,,,
T05,Late-only,ADE_GT,45,1,1.4578678123003923,1.1627474668814444,,,,
T05,Late-only,GT_ADE_improvement_px,45,1,0.02393897492255662,0.051691143839728594,,,,
T05,paired,Recovery_E,45,1,0.31982616024766153,0.346142194703691,,,,
T05,paired,Recovery_M,45,1,0.5155003747571906,0.5778771697481906,,,,
T05,paired,Recovery_L,45,1,0.17027428010770518,0.1979289970779493,,,,
T05,paired,Delta_M_minus_E,45,1,0.19567421450952896,0.22341557914808186,,,,
T05,paired,Delta_M_minus_L,45,1,0.3452260946494853,0.28678169137105525,,,,
T05,paired,absolute_M_minus_E_px,45,1,0.042785079694456524,0.04678202420473099,,,,
T05,paired,absolute_M_minus_L_px,45,1,0.21421375647187232,0.08160902559757233,,,,
