minimum_baseline_px,stage,metric,n,n_tasks,mean,median,ci_low,ci_high,median_ci_low,median_ci_high
0,Early-only,Recovery,269,6,0.143137652103581,0.11372071012089502,0.035731697495651,0.24556718304932446,0.055502097211084234,0.26484903459419673
0,Early-only,absolute_improvement_px,269,6,0.23884538666355565,0.02541467547416687,0.026665586157253496,0.5549556973346679,0.005620218813419342,0.15192042887210816
0,Early-only,GT_ADE_improvement_px,269,6,0.18383614505422674,0.005399370261497047,0.010613876135353898,0.513730627196439,-0.0009905473413929138,0.10156619911923319
0,Middle-only,Recovery,270,6,0.4314671236145001,0.5758256028488078,0.24747875901975705,0.5953965790823595,0.37364084645179707,0.6544756521716826
0,Middle-only,absolute_improvement_px,270,6,1.205902893413548,0.10782657563686371,0.1324581755463172,3.2201108531588343,0.04391421377658844,0.3620223365724087
0,Middle-only,GT_ADE_improvement_px,270,6,1.0661063817891856,0.015688922285844415,0.01566531473934705,3.1080742041065443,-0.030872533209455384,0.20566557473145947
0,Late-only,Recovery,270,6,0.06655269445120388,0.05279371921394632,0.0067372879899466,0.13499811205436366,0.006989199465202933,0.14753930085430725
0,Late-only,absolute_improvement_px,270,6,0.008499237646659216,0.014738278463482857,-0.02193628014513739,0.04334130123671558,0.005137130618095398,0.03359903395175934
0,Late-only,GT_ADE_improvement_px,270,6,-0.005258410341927192,0.0033065228006731954,-0.03188569150740363,0.014005871164125579,-0.0027778147157934705,0.007913131396555851
0,paired,Delta_M_minus_E,269,6,0.286356437205357,0.3386281641050055,0.13143836828026043,0.4554561468169368,0.2080888418834037,0.5275995926471582
0,paired,Delta_M_minus_L,269,6,0.36249250387607723,0.5000629880218276,0.1394341895454334,0.5549613780876846,0.16977423480360584,0.6410537113935135
1,Early-only,Recovery,47,4,0.2800561620563018,0.2493433338791069,0.20658789028699986,0.525250320831933,0.2043188681454825,0.48665870040677295
1,Early-only,absolute_improvement_px,47,4,1.1281175372448373,0.8309022188186646,0.47662048041820526,1.2755125117774058,0.3664439916610718,0.9038704633712769
1,Early-only,GT_ADE_improvement_px,47,4,0.9782314155468044,0.6048180609595832,0.03654886924804951,1.2443782699302859,0.09887384343995455,0.8192951626231997
1,Middle-only,Recovery,48,4,0.7641265431036919,0.7705050055743747,0.6269479517456609,0.7942681281892385,0.6246654206572978,0.8277755599916259
1,Middle-only,absolute_improvement_px,48,4,6.176841861257951,1.8974756598472595,1.080420471727848,7.815534553594059,1.21361842751503,5.41238933801651
1,Middle-only,GT_ADE_improvement_px,48,4,5.9609155256473345,1.851243826489772,0.4194352120967148,7.745338702404641,0.6017521702187312,5.374710573850162
1,Late-only,Recovery,48,4,0.014721342842573815,0.0021870410840036936,-0.0016159208408931148,0.07601565240765694,-0.000809707611852839,0.08907932660389395
1,Late-only,absolute_improvement_px,48,4,-0.043652003010114036,0.006503105163574219,-0.08877727058198717,0.12512852748235068,-0.003484010696411133,0.15910619497299194
1,Late-only,GT_ADE_improvement_px,48,4,-0.06313869636259305,-0.01054958569515604,-0.08805833447880149,0.031819609410544986,-0.03219077371303469,0.005250608356750628
1,paired,Delta_M_minus_E,47,4,0.47985576809617675,0.5274789685013558,0.10169763091372787,0.5829499289735518,0.04065479489386059,0.598897094581381
1,paired,Delta_M_minus_L,47,4,0.7437241974703926,0.761554960382024,0.5509322993380039,0.7870542685664408,0.5420266177060058,0.8239304525772319
5,Early-only,Recovery,19,1,0.16305183769991766,0.15766276916367084,,,,
5,Early-only,absolute_improvement_px,19,1,1.697367643055163,1.5361485481262207,,,,
5,Early-only,GT_ADE_improvement_px,19,1,1.691934696801157,1.525003412575927,,,,
5,Middle-only,Recovery,20,1,0.8883953486022144,0.9066103730370807,,,,
5,Middle-only,absolute_improvement_px,20,1,12.847374564409256,11.668434262275696,,,,
5,Middle-only,GT_ADE_improvement_px,20,1,12.793419806148933,11.607887877837456,,,,
5,Late-only,Recovery,20,1,-0.006112720031220015,-0.0022490586243256727,,,,
5,Late-only,absolute_improvement_px,20,1,-0.1740334749221802,-0.023564577102661133,,,,
5,Late-only,GT_ADE_improvement_px,20,1,-0.17037260473062435,-0.02411402862738877,,,,
5,paired,Delta_M_minus_E,19,1,0.7214583528386912,0.6865962504355073,,,,
5,paired,Delta_M_minus_L,19,1,0.8880920548022885,0.8996752448849767,,,,
