task,seed,background,D_BG_common_px,valid_common_fraction,D_E_px,Recovery_E,absolute_improvement_E_px,GT_improvement_E_px,D_M_px,Recovery_M,absolute_improvement_M_px,GT_improvement_M_px,D_L_px,Recovery_L,absolute_improvement_L_px,GT_improvement_L_px,Delta_M_minus_E,absolute_M_minus_E_px,Delta_M_minus_L,absolute_M_minus_L_px
Original,0,BG1,2.4180679321289062,1.0,1.8382937908172607,0.2397675190223162,0.5797741413116455,0.5783767160806772,0.6139885187149048,0.7460830161065122,1.8040794134140015,1.7566017205413065,2.3999271392822266,0.007502189053756769,0.018140792846679688,0.015278910941884775,0.506315497084196,1.224305272102356,0.7385808270527554,1.7859386205673218
Original,0,BG2,0.5472681522369385,1.0,0.3829580545425415,0.30023692045739603,0.16431009769439697,0.14027302434596373,0.10835425555706024,0.8020088449615519,0.43891389667987823,0.3667826447369912,0.5827664136886597,-0.06486445567493515,-0.03549826145172119,-0.017105398060383727,0.5017719245041559,0.27460379898548126,0.866873300636487,0.4744121581315994
Original,0,BG3,2.7398698329925537,1.0,1.9089676141738892,0.3032633944067695,0.8309022188186646,0.8332065767572148,0.8430298566818237,0.6923102537743013,1.89683997631073,1.8636898564529816,2.7370355129241943,0.0010344761725117335,0.002834320068359375,0.008795319923289517,0.3890468593675318,1.0659377574920654,0.6912757776017896,1.8940056562423706
Original,0,BG4,2.1726555824279785,1.0,1.5566282272338867,0.2835365933473474,0.6160273551940918,0.6090326196879003,0.6593087911605835,0.6965424278664456,1.513346791267395,1.4658693786792625,2.1972267627716064,-0.011309279956410068,-0.02457118034362793,-0.012969545283352174,0.4130058345190982,0.8973194360733032,0.7078517078228557,1.537917971611023
Original,0,BG5,6.009836196899414,1.0,5.0623087882995605,0.15766276916367084,0.9475274085998535,0.9353027303026463,1.4630353450775146,0.7565598637450518,4.546800851821899,4.5157960563359305,5.868294715881348,0.023551638704491507,0.1415414810180664,0.1538108785913758,0.598897094581381,3.599273443222046,0.7330082250405603,4.405259370803833
Original,0,BG6,16.993370056152344,1.0,16.802860260009766,0.011210831365465301,0.19050979614257812,0.1900943851683427,1.7327563762664795,0.8980333877552746,15.260613679885864,15.257193621597713,17.021270751953125,-0.0016418571297021067,-0.02790069580078125,-0.026003211675481232,0.8868225563898093,15.070103883743286,0.8996752448849767,15.288514375686646
Original,0,BG7,3.6982169151306152,1.0,1.8790438175201416,0.4919054626700199,1.8191730976104736,1.832046408723663,1.1335901021957397,0.6934765793502762,2.5646268129348755,2.562341429861535,3.740363359451294,-0.011396420267907992,-0.04214644432067871,-0.0410222029896148,0.2015711166802563,0.7454537153244019,0.7048729996181842,2.606773257255554
Original,0,BG8,26.210529327392578,0.95,26.55318260192871,-0.013073115011351444,-0.3426532745361328,-0.3493221605733264,2.158348560333252,0.9176533776731438,24.052180767059326,24.06518461684904,27.688125610351562,-0.05637414849348388,-1.4775962829589844,-1.456266278018303,0.9307264926844953,24.39483404159546,0.9740275261666277,25.52977705001831
Original,0,BG9,13.222055435180664,1.0,10.94099235534668,0.17251955259841345,2.2810630798339844,2.293053342038463,1.862778663635254,0.8591158030339208,11.35927677154541,11.357564611156386,13.225964546203613,-0.00029565002500220317,-0.003909111022949219,-0.00764561993929431,0.6865962504355073,9.078213691711426,0.859411453058923,11.36318588256836
Original,0,BG10,23.93341064453125,1.0,24.2342529296875,-0.012569970887090998,-0.30084228515625,-0.30245100362651184,1.947755217552185,0.918617732939646,21.985655426979065,21.979618876268788,24.129806518554688,-0.008205928810495422,-0.1963958740234375,-0.19381527929692585,0.931187703826737,22.286497712135315,0.9268236617501414,22.182051301002502
Original,0,BG11,13.86436939239502,1.0,13.339845657348633,0.03783249925205956,0.5245237350463867,0.5261331119697642,1.5535730123519897,0.8879449207344681,12.31079638004303,12.310316131484145,13.938435554504395,-0.005342194077473161,-0.074066162109375,-0.07690102347449441,0.8501124214824085,11.786272644996643,0.8932871148119412,12.384862542152405
Original,0,BG12,3.8575217723846436,1.0,1.975830078125,0.4877980761773998,1.8816916942596436,1.884408908466461,1.2055573463439941,0.6874787974369538,2.6519644260406494,2.656785721636841,3.7913882732391357,0.017144040364854507,0.06613349914550781,0.06429431527996073,0.19968072125955405,0.7702727317810059,0.6703347570720993,2.5858309268951416
Original,0,BG13,0.7604745626449585,1.0,0.3402661681175232,0.5525607556685755,0.4202083945274353,0.3650550606096042,0.4885044991970062,0.357632040874201,0.27197006344795227,0.22979226385107276,0.7340126037597656,0.0347966517712186,0.02646195888519287,0.02925318489949998,-0.19492871479437457,-0.14823833107948303,0.3228353891029824,0.2455081045627594
Original,0,BG14,14.419865608215332,1.0,14.26826286315918,0.01051346517852747,0.15160274505615234,0.15023860793073823,1.5929005146026611,0.8895343024146847,12.826965093612671,12.822279285582272,14.412956237792969,0.0004791570604955053,0.006909370422363281,0.007578147806896282,0.8790208372361572,12.675362348556519,0.8890551453541892,12.820055723190308
Original,0,BG15,5.427455425262451,1.0,4.31852388381958,0.2043188681454825,1.108931541442871,1.0935346551349157,1.2904107570648193,0.7622438779172731,4.137044668197632,4.101413562614446,5.427532196044922,-1.4143051635606696e-05,-7.677078247070312e-05,0.0010900299032331668,0.5579250097717906,3.0281131267547607,0.7622580209689087,4.1371214389801025
Original,1,BG1,1.3454056978225708,1.0,1.0099377632141113,0.2493433338791069,0.3354679346084595,0.3164963047151415,0.4801460802555084,0.6431217160267696,0.8652596175670624,0.8265982038342384,1.2985986471176147,0.034790294431491176,0.046807050704956055,0.03707750478084696,0.3937783821476627,0.5297916829586029,0.6083314215952784,0.8184525668621063
Original,1,BG2,0.09256619215011597,1.0,0.0455988273024559,0.5073922636632794,0.046967364847660065,0.055909271033817376,0.04900764673948288,0.4705665177879237,0.04355854541063309,0.07170492302447559,0.10393992811441422,-0.1228712607853708,-0.011373735964298248,-0.02341464926796733,-0.0368257458753557,-0.0034088194370269775,0.5934377785732945,0.054932281374931335
Original,1,BG3,1.5806487798690796,1.0,1.1066062450408936,0.2999037786676505,0.47404253482818604,0.45979166788054443,0.7223107814788818,0.5430289219791142,0.8583379983901978,0.834031619340491,1.5415229797363281,0.024753006729592353,0.039125800132751465,0.038127736465932885,0.24312514331146373,0.3842954635620117,0.5182759152495219,0.8192121982574463
Original,1,BG4,1.2589232921600342,1.0,0.855716347694397,0.3202792050745451,0.4032069444656372,0.37631116590462366,0.5646318197250366,0.5514962517921043,0.6942914724349976,0.6610571028079242,1.2619822025299072,-0.0024297750026747167,-0.003058910369873047,-0.004342849092415046,0.23121704671755916,0.29108452796936035,0.553926026794779,0.6973503828048706
Original,1,BG5,3.0308902263641357,1.0,2.5413894653320312,0.16150395852649246,0.4895007610321045,0.4903038012385415,1.1327788829803467,0.6262553920991769,1.898111343383789,1.838797796526562,2.9581170082092285,0.02401051258200826,0.07277321815490723,0.06551676619918644,0.46475143357268445,1.4086105823516846,0.6022448795171687,1.8253381252288818
Original,1,BG6,8.414840698242188,1.0,7.193465232849121,0.14514540651931196,1.2213754653930664,1.2121116128585703,1.4323198795318604,0.8297864535773175,6.982520818710327,6.936213203370878,8.36556339263916,0.005856001000085653,0.049277305603027344,0.046061931050164664,0.6846410470580055,5.761145353317261,0.8239304525772319,6.9332435131073
Original,1,BG7,0.5526313185691833,1.0,0.30458489060401917,0.4488461387221401,0.24804642796516418,0.6840729402498054,0.8425620198249817,-0.5246367266337528,-0.28993070125579834,-0.29766263552540617,0.5487688779830933,0.006989199465202933,0.003862440586090088,-0.014458166104308529,-0.9734828653558929,-0.5379771292209625,-0.5316259260989558,-0.2937931418418884
Original,1,BG8,20.541980743408203,1.0,18.737276077270508,0.08785446242024497,1.8047046661376953,1.8025140963655653,1.5855598449707031,0.9228136826723666,18.9564208984375,18.895303439820953,20.690601348876953,-0.007234969073957931,-0.14862060546875,-0.1488293244981707,0.8349592202521217,17.151716232299805,0.9300486517463246,19.10504150390625
Original,1,BG9,7.5841546058654785,1.0,4.982526779174805,0.34303465164703595,2.601627826690674,2.5811114496958476,1.306176781654358,0.8277755599916259,6.277977824211121,6.233625091364393,7.608275413513184,-0.003180420082318225,-0.024120807647705078,-0.02520261658639838,0.48474090834458994,3.6763499975204468,0.8309559800739441,6.302098631858826
Original,1,BG10,17.569000244140625,1.0,16.043733596801758,0.08681579118193683,1.5252666473388672,1.525003412575927,1.490073323249817,0.9151873583188868,16.078926920890808,16.019204197445625,17.658287048339844,-0.005082064597168756,-0.08928680419921875,-0.08999175996227857,0.8283715671369499,14.553660273551941,0.9202694229160555,16.168213725090027
Original,1,BG11,7.897454261779785,1.0,5.695552825927734,0.2788115473767506,2.201901435852051,2.1821802083814497,1.2581994533538818,0.8406829074212123,6.639254808425903,6.589105214043703,7.930764675140381,-0.004217865936827936,-0.0333104133605957,-0.03283102663628523,0.5618713600444617,4.4373533725738525,0.8449007733580403,6.672565221786499
Original,1,BG12,2.2352547645568848,1.0,1.6339988708496094,0.2689876387028266,0.6012558937072754,0.584827306765587,0.9571765661239624,0.5717818939392658,1.2780781984329224,1.2138899182862555,2.1500656604766846,0.0381115902535486,0.0851891040802002,0.07593815035937598,0.3027942552364392,0.676822304725647,0.5336703036857172,1.1928890943527222
Original,1,BG13,0.6818767189979553,1.0,0.3746505677700043,0.45055968060302043,0.30722615122795105,0.2935041962479328,0.46725353598594666,0.3147536554406336,0.21462318301200867,0.18790219162583466,0.6314921379089355,0.07389105529831175,0.050384581089019775,0.04245349326385446,-0.13580602516238682,-0.09260296821594238,0.24086260014232186,0.1642386019229889
Original,1,BG14,8.05540657043457,1.0,6.51925802230835,0.19069783043072042,1.5361485481262207,1.5226249471039215,1.2618550062179565,0.84335303331767,6.793551564216614,6.752705240500636,8.078414916992188,-0.0028562601189492387,-0.023008346557617188,-0.02302544066837916,0.6526552028869496,5.257403016090393,0.8462092934366192,6.816559910774231
Original,1,BG15,2.526517152786255,1.0,1.9054899215698242,0.24580368990312296,0.6210272312164307,0.6032169793951965,0.9469959139823914,0.6251773279315309,1.5795212388038635,1.5418395946523122,2.5736546516418457,-0.018657102176027784,-0.04713749885559082,-0.048016640421722205,0.37937363802840796,0.9584940075874329,0.6438344301075587,1.6266587376594543
Original,2,BG1,0.5151075124740601,1.0,0.3277861475944519,0.3636549005922184,0.18732136487960815,0.1173083827903448,0.20009548962116241,0.6115461706711167,0.31501202285289764,0.23808324400515554,0.48047056794166565,0.06724218346886734,0.03463694453239441,0.0012705247590340224,0.24789127007889833,0.1276906579732895,0.5443039872022494,0.28037507832050323
Original,2,BG2,0.12120405584573746,1.0,0.1226738691329956,-0.01212668302009634,-0.0014698132872581482,-0.003318399538202168,0.051435232162475586,0.5756311324742207,0.06976882368326187,-0.08871367107090904,0.09484275430440903,0.2174952742499563,0.02636130154132843,-0.014662148970987563,0.587757815494317,0.07123863697052002,0.3581358582242644,0.04340752214193344
Original,2,BG3,0.6737686395645142,1.0,0.3778817653656006,0.4391520507672153,0.2958868741989136,0.22158394567274892,0.2872529923915863,0.573662276246824,0.38651564717292786,0.3092355952966924,0.6657471060752869,0.011905486392713605,0.008021533489227295,-0.0030338573548382057,0.13451022547960867,0.09062877297401428,0.5617567898541104,0.37849411368370056
Original,2,BG4,0.49805107712745667,1.0,0.24835164844989777,0.501353064236276,0.2496994286775589,0.16828195380485308,0.21471019089221954,0.5688992626628423,0.2833408862352371,0.21712301859960395,0.506035566329956,-0.016031446188683907,-0.00798448920249939,-0.011316076089953195,0.06754619842656628,0.03364145755767822,0.5849307088515262,0.2913253754377365
Original,2,BG5,1.9634336233139038,1.0,1.334546685218811,0.3202995698070277,0.6288869380950928,0.5992694983344145,0.5266623497009277,0.7317646286765387,1.436771273612976,1.3001328599832838,1.8360681533813477,0.06486874716390967,0.12736546993255615,0.10334627427077112,0.411465058869511,0.8078843355178833,0.666895881512629,1.30940580368042
Original,2,BG6,12.718385696411133,1.0,9.549084663391113,0.24919051176616125,3.1693010330200195,3.166224567038334,0.7407939434051514,0.9417540904556991,11.977591753005981,11.858211144518526,12.735221862792969,-0.0013237651987034749,-0.016836166381835938,-0.017659570446426333,0.6925635786895379,8.808290719985962,0.9430778556544026,11.994427919387817
Original,2,BG7,0.3525125980377197,1.0,0.17626848816871643,0.4999654362721254,0.1762441098690033,0.1450991314543765,0.3438510298728943,0.024570974107963273,0.00866156816482544,-0.036308547410294864,0.36607450246810913,-0.038472083327409035,-0.013561904430389404,-0.038914462123679876,-0.47539446216416215,-0.16758254170417786,0.06304305743537231,0.022223472595214844
Original,2,BG8,,0.8,,,,,,,,,,,,,,,,
Original,2,BG9,11.4099760055542,1.0,6.995009422302246,0.3869391650984564,4.414966583251953,4.411432697401918,0.6623307466506958,0.9419516092104138,10.747645258903503,10.639207488735062,11.326372146606445,0.0073272607088555874,0.0836038589477539,0.0834160028561978,0.5550124441119574,6.33267867565155,0.9346243485015582,10.66404139995575
Original,2,BG10,23.414058685302734,1.0,21.398456573486328,0.08608512296164916,2.0156021118164062,2.013981858325553,0.8877385854721069,0.9620852327644416,22.526320099830627,22.37839300669452,23.813526153564453,-0.017061008664074784,-0.39946746826171875,-0.39856680005750456,0.8760001098027924,20.51071798801422,0.9791462414285164,22.925787568092346
Original,2,BG11,9.314845085144043,1.0,6.627213478088379,0.28853207859106145,2.687631607055664,2.6859843695915275,0.5448962450027466,0.9415023825477453,8.769948840141296,8.629277552468968,9.283737182617188,0.0033396059954956536,0.03110790252685547,0.0310046573126742,0.6529703039566839,6.082317233085632,0.9381627765522497,8.738840937614441
Original,2,BG12,1.0861239433288574,1.0,0.645666778087616,0.4055312231088227,0.44045716524124146,0.35427402718713824,0.3986688256263733,0.6329435287708234,0.6874551177024841,0.5538885878980974,1.02133047580719,0.05965569337006349,0.06479346752166748,0.05639755253843456,0.22741230566200066,0.24699795246124268,0.5732878354007599,0.6226616501808167
Original,2,BG13,0.3694702684879303,1.0,0.22834856808185577,0.3819568680425931,0.14112170040607452,0.09643650442104391,0.26046639680862427,0.2950274704785677,0.10900387167930603,0.03458207104240677,0.3247889578342438,0.12093346408416494,0.04468131065368652,0.03538097527411373,-0.0869293975640254,-0.032117828726768494,0.17409400639440276,0.0643225610256195
Original,2,BG14,11.671987533569336,1.0,7.161190986633301,0.3864634484999303,4.510796546936035,4.507006351538337,0.5941269993782043,0.9490980437427268,11.077860534191132,10.976669790058782,11.62271785736084,0.004221190780454687,0.049269676208496094,0.04949545855379671,0.5626345952427965,6.567063987255096,0.9448768529622721,11.028590857982635
Original,2,BG15,1.7912158966064453,1.0,0.8873454332351685,0.504612799628219,0.9038704633712769,0.8192951626231997,0.3510477542877197,0.8040170629386613,1.4401681423187256,1.3017988179941349,1.8413589000701904,-0.027993829933513625,-0.05014300346374512,-0.05124345717702834,0.29940426331044223,0.5362976789474487,0.8320108928721749,1.4903111457824707
T01,0,BG1,0.0922725722193718,1.0,0.08719861507415771,0.054988892942771095,0.005073957145214081,-0.0019398468865471515,0.040571071207523346,0.5603128228159002,0.05170150101184845,-0.04584282522362434,0.06086871027946472,0.3403380634265387,0.031403861939907074,-0.024730295734180275,0.5053239298731291,0.04662754386663437,0.2199747593893615,0.020297639071941376
T01,0,BG2,0.0832848995923996,1.0,0.08303619176149368,0.0029863492933250857,0.0002487078309059143,0.0025958960413973277,0.06370168924331665,0.23513527774628296,0.019583210349082947,-0.014613411332339992,0.035858068615198135,0.5694529922564691,0.04742683097720146,-0.04539805750203761,0.23214892845295787,0.019334502518177032,-0.3343177145101861,-0.027843620628118515
T01,0,BG3,0.10235004127025604,1.0,0.09394486993551254,0.08212190644193773,0.0084051713347435,-0.010635473334298654,0.04261826351284981,0.5836029099749449,0.059731777757406235,-0.07172123433402706,0.09894482791423798,0.033270362972525946,0.0034052133560180664,-0.00011664143628676363,0.5014810035330072,0.051326606422662735,0.550332547002419,0.05632656440138817
T01,0,BG4,0.10034718364477158,1.0,0.09472696483135223,0.05600783249918195,0.005620218813419342,-0.004169322695100886,0.050989847630262375,0.49186573357730246,0.0493573360145092,-0.06596476389805575,0.09278262406587601,0.07538396744481057,0.007564559578895569,0.03334793135217816,0.4358579010781205,0.04373711720108986,0.4164817661324919,0.04179277643561363
T01,0,BG5,0.23564176261425018,1.0,0.23055724799633026,0.021577348368718052,0.005084514617919922,-0.01720400385590817,0.06909282505512238,0.7067887230324457,0.1665489375591278,-0.14043274691012764,0.1409672647714615,0.4017730251833259,0.0946744978427887,-0.07110829320346643,0.6852113746637276,0.16146442294120789,0.30501569784911975,0.07187443971633911
T01,0,BG6,0.1276663988828659,1.0,0.12490864843130112,0.021601300417990354,0.002757750451564789,-0.004209056192244216,0.1498449444770813,-0.17372256170034706,-0.022178545594215393,0.04093010765122454,0.15030665695667267,-0.17733911584040274,-0.022640258073806763,0.029144671299793885,-0.1953238621183374,-0.024936296045780182,0.0036165541400556833,0.00046171247959136963
T01,0,BG7,0.12621347606182098,1.0,0.12860450148582458,-0.018944215064564895,-0.002391025424003601,-0.0026938948902083685,0.08612748980522156,0.3176046990490762,0.040085986256599426,-0.12519921301658882,0.09261444211006165,0.2662080337064938,0.03359903395175934,-0.006844208107041288,0.3365489141136411,0.04247701168060303,0.05139666534258236,0.006486952304840088
T01,0,BG8,0.2524532377719879,1.0,0.20452165603637695,0.18986324065397675,0.04793158173561096,-0.021997250684611547,0.15403006970882416,0.3898669513337303,0.09842316806316376,-0.2550906020886927,0.2734387516975403,-0.08312629807997629,-0.020985513925552368,0.07249671560047993,0.20000371067975353,0.050491586327552795,0.4729932494137066,0.11940868198871613
T01,0,BG9,0.2467074692249298,1.0,0.23396305739879608,0.0516580278237706,0.012744411826133728,-0.009785416631811487,0.1382971704006195,0.43942854576155643,0.1084102988243103,-0.12956964008870142,0.21073994040489197,0.1457902246540539,0.03596752882003784,-0.04773990686388275,0.38777051793778583,0.09566588699817657,0.29363832110750254,0.07244277000427246
T01,0,BG10,0.32834896445274353,1.0,0.28301724791526794,0.13805959532241452,0.045331716537475586,-0.007142617786644148,0.15056250989437103,0.5414558241111844,0.1777864545583725,-0.06941800235024721,0.33833515644073486,-0.030413318648657928,-0.009986191987991333,0.049254927943827555,0.4033962287887699,0.1324547380208969,0.5718691427598424,0.18777264654636383
T01,0,BG11,0.16778171062469482,1.0,0.15846948325634003,0.055502097211084234,0.009312227368354797,-0.006248002365454213,0.10509161651134491,0.37364084645179707,0.06269009411334991,-0.06152050997064566,0.12528884410858154,0.25326284864585535,0.04249286651611328,-0.040235257814341306,0.31813874924071284,0.05337786674499512,0.12037799780594172,0.020197227597236633
T01,0,BG12,0.12608034908771515,1.0,0.12563176453113556,0.0035580050677639363,0.00044858455657958984,-0.0032583115595328062,0.11120562255382538,0.11797822152093718,0.01487472653388977,-0.1225546480476998,0.0729389563202858,0.42148835196811607,0.05314139276742935,-0.014960002451752252,0.11442021645317324,0.01442614197731018,-0.3035101304471789,-0.03826666623353958
T01,0,BG13,0.17652085423469543,1.0,0.16343708336353302,0.07412030825866966,0.013083770871162415,-0.013984447214132528,0.10692648589611053,0.39425582148779226,0.0695943683385849,-0.08737346431647182,0.06472194194793701,0.6333467874829506,0.11179891228675842,-0.07830705158672518,0.3201355132291226,0.056510597467422485,-0.23909096599515833,-0.04220454394817352
T01,0,BG14,0.11310245096683502,1.0,0.10907638072967529,0.0355967518544118,0.004026070237159729,-0.0027165546890071677,0.0886768028140068,0.21596044811076687,0.024425648152828217,-0.10191284623056925,0.1065182238817215,0.05821479947323349,0.006584227085113525,0.020262267890347595,0.18036369625635507,0.020399577915668488,0.15774564863753338,0.01784142106771469
T01,0,BG15,0.11226721107959747,1.0,0.10729589313268661,0.04428120602883878,0.004971317946910858,-0.00220614296710301,0.044279709458351135,0.6055864834584548,0.06798750162124634,-0.07087542896162224,0.10184341669082642,0.09284815539685065,0.010423794388771057,-0.0017512225781379676,0.561305277429616,0.06301618367433548,0.5127383280616041,0.05756370723247528
T01,1,BG1,0.04065796732902527,1.0,0.036034323275089264,0.11372071012089502,0.004623644053936005,-0.0016224867256170194,0.04106944426894188,-0.010120201912328541,-0.0004114769399166107,-0.014393192011218994,0.028254538774490356,0.30506777191988443,0.012403428554534912,-0.0025778092122617207,-0.12384091203322356,-0.005035120993852615,-0.315187973832213,-0.012814905494451523
T01,1,BG2,0.07067588716745377,1.0,0.0772106796503067,-0.09246125970456309,-0.006534792482852936,-0.0029894802659848224,0.1051192432641983,-0.4873421842122112,-0.03444335609674454,-0.030698010485904488,0.02223728969693184,0.6853624702599161,0.04843859747052193,0.02565426409908189,-0.3948809245076481,-0.0279085636138916,-1.1727046544721274,-0.08288195356726646
T01,1,BG3,0.0666971206665039,1.0,0.05887964367866516,0.11720874510970192,0.007817476987838745,0.006685598000642126,0.06212551146745682,0.06854296659185977,0.004571609199047089,-0.016118104037347373,0.05427086353302002,0.18630887130088347,0.012426257133483887,0.008645270106675134,-0.04866577851784215,-0.0032458677887916565,-0.1177659047090237,-0.007854647934436798
T01,1,BG4,0.08227916061878204,1.0,0.07459024339914322,0.09344925528313053,0.0076889172196388245,0.0015813667130328665,0.03453671932220459,0.5802495447818622,0.047742441296577454,-0.002594785749321186,0.045127544552087784,0.4515313631298755,0.03715161606669426,0.007913131396555851,0.48680028949873166,0.04005352407693863,0.12871818165198667,0.010590825229883194
T01,1,BG5,0.18610410392284393,1.0,0.19239740073680878,-0.03381594679080524,-0.006293296813964844,-0.0035093768362052186,0.19032315909862518,-0.022670348800190476,-0.00421905517578125,-0.08889955085632521,0.10596670210361481,0.43060526782579844,0.08013740181922913,0.018171252383813202,0.011145597990614764,0.0020742416381835938,-0.4532756166259889,-0.08435645699501038
T01,1,BG6,0.2758258581161499,1.0,0.2698926627635956,0.021510692209825155,0.005933195352554321,0.0023027648749934532,0.16749483346939087,0.39275154062468487,0.10833102464675903,0.0019573959779069145,0.13304661214351654,0.5176427321621234,0.14277924597263336,0.022186761914471907,0.3712408484148597,0.10239782929420471,-0.12489119153743855,-0.03444822132587433
T01,1,BG7,0.07260431349277496,1.0,0.0732482299208641,-0.008868706395332326,-0.0006439164280891418,0.0015364455124107477,0.15031316876411438,-1.0703060304538536,-0.07770885527133942,-0.09713743617856262,0.13185946643352509,-0.8161379390394947,-0.05925515294075012,-0.06361400140075026,-1.0614373240585213,-0.07706493884325027,-0.2541680914143589,-0.018453702330589294
T01,1,BG8,0.24100534617900848,1.0,0.21230681240558624,0.11907844799974565,0.02869853377342224,0.013352789146277319,0.17387628555297852,0.27853767107221206,0.06712906062602997,-0.004052077194960304,0.2963118553161621,-0.22948244808332952,-0.055306509137153625,-0.10956031347127008,0.1594592230724664,0.03843052685260773,0.5080201191555416,0.1224355697631836
T01,1,BG9,0.09404848515987396,1.0,0.08601101487874985,0.08546101952467311,0.008037470281124115,0.004155629635753985,0.17542773485183716,-0.8652901841079523,-0.0813792496919632,-0.08855540157139305,0.15535268187522888,-0.6518359130695641,-0.06130419671535492,-0.05976111253248958,-0.9507512036326254,-0.08941671997308731,-0.2134542710383882,-0.020075052976608276
T01,1,BG10,0.366668164730072,1.0,0.33413779735565186,0.08871884612938619,0.032530367374420166,0.012088417426348929,0.11522726714611053,0.6857451093732454,0.2514408975839615,0.11022055370538411,0.20766420662403107,0.43364540220348813,0.15900395810604095,0.07632884967320214,0.5970262632438592,0.21891053020954132,0.25209970716975727,0.09243693947792053
T01,1,BG11,0.19840656220912933,1.0,0.17821183800697327,0.101784603086988,0.020194724202156067,0.013020881978097656,0.08577282726764679,0.5676916025884544,0.11263373494148254,0.03312311052466096,0.07227830588817596,0.6357060903608001,0.12612825632095337,0.041328972363380075,0.4659069995014664,0.09243901073932648,-0.06801448777234564,-0.013494521379470825
T01,1,BG12,0.17141848802566528,1.0,0.1674916297197342,0.022908077898005752,0.003926858305931091,0.00330603523989022,0.15902778506278992,0.0722834064327188,0.012390702962875366,-0.03435162632299475,0.06959334760904312,0.5940149493164769,0.10182514041662216,0.041310374890747584,0.04937532853471305,0.008463844656944275,-0.5217315428837581,-0.0894344374537468
T01,1,BG13,0.14439800381660461,1.0,0.14172664284706116,0.018500053421346085,0.002671360969543457,0.005475859332370801,0.17847643792629242,-0.2360034131284503,-0.034078434109687805,-0.05935961862798659,0.04818213731050491,0.6663240993626163,0.0962158665060997,0.03464995667568763,-0.2545034665497964,-0.03674979507923126,-0.9023275124910666,-0.1302943006157875
T01,1,BG14,0.09770061820745468,1.0,0.09634978324174881,0.013826369292503693,0.0013508349657058716,-0.001127104830707671,0.09726865589618683,0.0044213872438017,0.0004319623112678528,-0.039028066429386894,0.0662321075797081,0.3220912823705415,0.03146851062774658,-0.018445745663121304,-0.009404982048701993,-0.0009188726544380188,-0.3176698951267398,-0.03103654831647873
T01,1,BG15,0.06846700608730316,1.0,0.06712421029806137,0.019612447949090672,0.0013427957892417908,5.964067910485225e-05,0.1051163524389267,-0.5352845566526736,-0.036649346351623535,-0.042365864953003825,0.040368858724832535,0.41038968788478103,0.028098147362470627,0.002964150816920544,-0.5548970046017643,-0.037992142140865326,-0.9456742445374546,-0.06474749371409416
T01,2,BG1,0.0449618399143219,1.0,0.04162932187318802,0.07411901528705467,0.0033325180411338806,0.0019886215477474428,0.023811768740415573,0.47040059993548655,0.021150071173906326,0.019911356345112055,0.04914809390902519,-0.09310657819196688,-0.004186253994703293,0.001614126721667874,0.3962815846484319,0.017817553132772446,0.5635071781274534,0.02533632516860962
T01,2,BG2,0.028707558289170265,1.0,0.03168981149792671,-0.10388351875423307,-0.002982253208756447,-0.002675279709380013,0.041574083268642426,-0.4481924365682328,-0.01286652497947216,0.024286104349578005,0.042205020785331726,-0.4701705264689131,-0.013497462496161461,-0.008393210001041993,-0.34430891781399975,-0.009884271770715714,0.021978089900680287,0.0006309375166893005
T01,2,BG3,0.03298129886388779,1.0,0.033113744109869,-0.004015463622980109,-0.00013244524598121643,-0.0004670547189891551,0.04650275409221649,-0.4099729723926673,-0.013521455228328705,0.027250262726670638,0.03223331272602081,0.02267939519786555,0.0007479861378669739,-0.0034345609651708574,-0.40595750876968717,-0.013389009982347488,-0.4326523675905328,-0.014269441366195679
T01,2,BG4,0.07409055531024933,1.0,0.06849460303783417,0.07552867560103549,0.005595952272415161,0.004900990598595739,0.10669492185115814,-0.44006084181407235,-0.032604366540908813,0.0010808618708399442,0.02797037363052368,0.6224840030117249,0.04612018167972565,0.03288032061472511,-0.5155895174151078,-0.038200318813323975,-1.0625448448257973,-0.07872454822063446
T01,2,BG5,0.1251528114080429,1.0,0.12437447160482407,0.006219195016636037,0.0007783398032188416,0.006499143576334673,0.14249566197395325,-0.13857330878196095,-0.01734285056591034,0.018448051830296894,0.13050085306167603,-0.042732010301203216,-0.005348041653633118,-0.013743039316836287,-0.14479250379859698,-0.01812119036912918,-0.09584129848075773,-0.011994808912277222
T01,2,BG6,0.0674576684832573,1.0,0.06472400575876236,0.0405242633004842,0.002733662724494934,0.012206529957633596,0.07436694204807281,-0.10242367837384703,-0.006909273564815521,0.08299185157249636,0.12080641835927963,-0.7908475517618543,-0.05334874987602234,0.027622337851438944,-0.14294794167433122,-0.009642936289310455,0.6884238733880073,0.04643947631120682
T01,2,BG7,0.09159891307353973,1.0,0.0804762989282608,0.12142745538994149,0.01112261414527893,0.013657045943992927,0.24524740874767303,-1.6774049357630263,-0.1536484956741333,-0.07891008909714418,0.18430712819099426,-1.0121102083593736,-0.09270821511745453,-0.03279103928842968,-1.7988323911529678,-0.16477110981941223,-0.6652947274036527,-0.06094028055667877
T01,2,BG8,0.5630930066108704,1.0,0.5367621779441833,0.046761081899339474,0.02633082866668701,0.019935893395144504,0.4195888042449951,0.2548499237827432,0.14350420236587524,0.04017957768112886,0.4309089779853821,0.23474636467891963,0.13218402862548828,0.1349005248303607,0.2080888418834037,0.11717337369918823,0.020103559103823554,0.011320173740386963
T01,2,BG9,0.056796394288539886,1.0,0.06053658202290535,-0.06585236831832564,-0.0037401877343654633,0.0034328931126622886,0.09555359184741974,-0.6823880498135706,-0.03875719755887985,-0.015480908480494604,0.1210397332906723,-1.1311161297423036,-0.06424333900213242,0.0041203322827546044,-0.616535681495245,-0.03501700982451439,0.448728079928733,0.025486141443252563
T01,2,BG10,0.46557918190956116,1.0,0.4524048864841461,0.0282965941226474,0.013174295425415039,0.005201457031460825,0.13465248048305511,0.7107850118241295,0.33092670142650604,0.1969657079212246,0.3737868666648865,0.19715727601182265,0.09179231524467468,0.07593005921364251,0.682488417701482,0.317752406001091,0.5136277358123068,0.23913438618183136
T01,2,BG11,0.05463792011141777,1.0,0.05671428516507149,-0.038002081144355326,-0.002076365053653717,-0.0006572625759094744,0.05130358785390854,0.061026145220176464,0.0033343322575092316,0.05023786015855529,0.0473363883793354,0.1336350355365412,0.007301531732082367,0.019507250311361725,0.09902822636453179,0.005410697311162949,-0.07260889031636475,-0.003967199474573135
T01,2,BG12,0.21518388390541077,1.0,0.20974740386009216,0.025264391059436564,0.0054364800453186035,0.004282016178284428,0.2602998614311218,-0.20966238089149392,-0.04511597752571106,-0.019389330399755045,0.021603930741548538,0.8996024732638909,0.19357995316386223,0.13771018432880505,-0.23492677195093048,-0.05055245757102966,-1.1092648541553847,-0.2386959306895733
T01,2,BG13,0.12258896976709366,1.0,0.12054254114627838,0.01669349581588242,0.002046428620815277,0.0019161943497848506,0.161285862326622,-0.3156636316987744,-0.03869689255952835,0.026597832095642586,0.02724532224237919,0.7777506404397648,0.09534364752471447,0.07560803667681423,-0.33235712751465685,-0.04074332118034363,-1.0934142721385394,-0.13404054008424282
T01,2,BG14,0.12555399537086487,1.0,0.12663501501083374,-0.008609917595028271,-0.001081019639968872,-0.0022069739840093654,0.15737175941467285,-0.253418869034276,-0.03181776404380798,-0.008907238927393188,0.020857376977801323,0.8338772473550945,0.10469661839306355,0.0704915623993132,-0.24480895143924775,-0.03073674440383911,-1.0872961163893704,-0.13651438243687153
T01,2,BG15,0.08922502398490906,1.0,0.0902966558933258,-0.012010327825686229,-0.001071631908416748,-0.0011747166777542621,0.05864223837852478,0.34276025730129556,0.030582785606384277,0.05901001932551717,0.06098206713795662,0.31653635292231175,0.02824295684695244,0.04029366984348258,0.3547705851269818,0.031654417514801025,0.02622390437898381,0.002339828759431839
T02,0,BG1,0.03734281659126282,1.0,0.04166729003190994,-0.11580439499078854,-0.004324473440647125,-0.021610761213798638,0.044335633516311646,-0.18725971125830498,-0.006992816925048828,-0.0412658204507456,0.056775521486997604,-0.5203862875308292,-0.019432704895734787,0.025328201075514957,-0.07145531626751644,-0.002668343484401703,0.3331265762725242,0.012439887970685959
T02,0,BG2,0.054142165929079056,1.0,0.053811170160770416,0.006113639923563952,0.0003309957683086395,0.0014768668586702311,0.06177050620317459,-0.14089441628810584,-0.007628340274095535,-0.015576122305421006,0.044596634805202484,0.17630508859452376,0.009545531123876572,0.045884142483202967,-0.1470080562116698,-0.007959336042404175,-0.3171995048826296,-0.017173871397972107
T02,0,BG3,0.1612122654914856,1.0,0.13015589118003845,0.19264280103215448,0.031056374311447144,-0.03101231739140493,0.0648667961359024,0.5976311609141183,0.09634546935558319,-0.11211053526138634,0.13918282091617584,0.1366487415933363,0.022029444575309753,-0.022399642331635376,0.4049883598819638,0.06528909504413605,0.460982419320782,0.07431602478027344
T02,0,BG4,0.07164732366800308,1.0,0.05294061452150345,0.26109442164564245,0.018706709146499634,-0.0196914727825054,0.03954814001917839,0.4480165835279344,0.03209918364882469,-0.044063434538196736,0.09477238357067108,-0.32276218414245617,-0.023125059902668,0.024383359478862998,0.18692216188229194,0.013392474502325058,0.7707787676703906,0.05522424355149269
T02,0,BG5,0.09931343793869019,1.0,0.08568652719259262,0.1372112340164643,0.013626910746097565,-0.059503135969908125,0.129269078373909,-0.30162713164194566,-0.02995564043521881,-0.04706175700537701,0.12313548475503922,-0.23986718124070405,-0.02382204681634903,0.06145576081332625,-0.43883836565840995,-0.043582551181316376,-0.0617599504012416,-0.0061335936188697815
T02,0,BG6,0.9490310549736023,1.0,0.6231505870819092,0.3433823084608486,0.3258804678916931,0.2277524539497712,0.2205541878938675,0.7676006655272108,0.7284768670797348,0.07777539488686294,0.887451171875,0.06488712052888934,0.061579883098602295,-0.012914503800193374,0.42421835706636224,0.4025963991880417,0.7027135449983215,0.6668969839811325
T02,0,BG7,0.09036216139793396,1.0,0.05697768181562424,0.3694520512935906,0.03338447958230972,-0.06862500535168788,0.08777616173028946,0.028618277179908724,0.0025859996676445007,-0.12992650864757957,0.17417818307876587,-0.9275564141959993,-0.08381602168083191,0.05982599754931851,-0.3408337741136819,-0.030798479914665222,0.956174691375908,0.08640202134847641
T02,0,BG8,2.2242119312286377,1.0,1.7205126285552979,0.2264619226866933,0.5036993026733398,0.487149536400891,0.5124163031578064,0.7696189406865824,1.7117956280708313,1.3701861936521138,2.2062759399414062,0.00806398030455846,0.017935991287231445,-0.030473882351782645,0.5431570179998891,1.2080963253974915,0.761554960382024,1.6938596367835999
T02,0,BG9,0.32548242807388306,1.0,0.19166386127471924,0.41113916188862887,0.13381856679916382,-0.11291409817256157,0.11562267690896988,0.6447652365110892,0.20985975116491318,-0.23198209442707346,0.4027750492095947,-0.23747091115916552,-0.07729262113571167,-0.030012189330048143,0.23362607462246032,0.07604118436574936,0.8822361476702547,0.28715237230062485
T02,0,BG10,3.2013087272644043,1.0,2.458223581314087,0.23211917904091361,0.7430851459503174,0.7348394969482295,0.5184110403060913,0.838062779052955,2.682897686958313,2.301972324961417,3.209118366241455,-0.0024395113430153437,-0.007809638977050781,-0.02169300657970987,0.6059436000120414,1.9398125410079956,0.8405022903959704,2.6907073259353638
T02,0,BG11,0.836962878704071,1.0,0.5489000082015991,0.34417640780763903,0.2880628705024719,0.176927187659555,0.19055910408496857,0.7723207245424887,0.6464037746191025,-0.05031915645345497,0.8425227999687195,-0.006642960326780134,-0.0055599212646484375,-0.04811917189678904,0.42814431673484965,0.35834090411663055,0.7789636848692688,0.6519636958837509
T02,0,BG12,0.05774833634495735,1.0,0.07354845106601715,-0.27360272148190234,-0.0158001147210598,-0.04827344583102712,0.08487176150083542,-0.4696829757489067,-0.027123425155878067,-0.06330993206277581,0.07526282966136932,-0.3032897810058479,-0.017514493316411972,0.035740377384957875,-0.19608025426700437,-0.011323310434818268,-0.1663931947430588,-0.009608931839466095
T02,0,BG13,0.05495395511388779,1.0,0.06556521356105804,-0.19309340873182257,-0.010611258447170258,-0.024738118228483867,0.09189915657043457,-0.6722934619909731,-0.03694520145654678,-0.04871848650766796,0.06148458272218704,-0.11883796910314048,-0.006530627608299255,0.05606361951806792,-0.4792000532591505,-0.026333943009376526,-0.5534554928878326,-0.030414573848247528
T02,0,BG14,0.750180184841156,1.0,0.4549488127231598,0.3935472892356334,0.2952313721179962,0.15331569308344403,0.1850503534078598,0.7533254614285805,0.5651298314332962,-0.0328441616411194,0.7878905534744263,-0.05026840070238725,-0.037710368633270264,-0.01979594157866668,0.35977817219294705,0.2698984593153,0.8035938621309677,0.6028402000665665
T02,0,BG15,0.1753745973110199,1.0,0.11480270326137543,0.34538582853230626,0.06057189404964447,-0.06078850259986468,0.06758810579776764,0.61460722943828,0.10778649151325226,-0.14788271210502235,0.18941524624824524,-0.08006084320020657,-0.014040648937225342,0.016302557919308968,0.2692214009059737,0.04721459746360779,0.6946680726384865,0.1218271404504776
T02,1,BG1,0.07718808203935623,1.0,0.08934482932090759,-0.15749498349244018,-0.012156747281551361,-0.014574774059933914,0.0649767741560936,0.15820209517598116,0.012211307883262634,-0.009287016331093167,0.045649826526641846,0.40858977958198306,0.031538255512714386,0.04311694742111719,0.31569707866842134,0.024368055164813995,-0.2503876844060019,-0.01932694762945175
T02,1,BG2,0.05375010520219803,1.0,0.05997488647699356,-0.11580944992171815,-0.006224781274795532,-0.007005297058182444,0.06674103438854218,-0.24169100173040925,-0.012990929186344147,-0.02219063404325942,0.03698498755693436,0.31190868302693586,0.016765117645263672,0.04594799860397458,-0.1258815518086911,-0.0067661479115486145,-0.5535996847573451,-0.02975604683160782
T02,1,BG3,0.1549988090991974,1.0,0.1299819052219391,0.16140067403512137,0.0250169038772583,-0.031102970299731934,0.044168174266815186,0.7150418659735203,0.1108306348323822,-0.12505215808507106,0.1399460881948471,0.09711513282379725,0.01505272090435028,-0.007196273503986425,0.5536411919383989,0.0858137309551239,0.617926733149723,0.09577791392803192
T02,1,BG4,0.07476802170276642,1.0,0.04797938093543053,0.3582901697055736,0.02678864076733589,-0.03552213718694267,0.043077342212200165,0.423853467435785,0.031690679490566254,-0.0594625465182676,0.0911884680390358,-0.21961841126896786,-0.01642044633626938,0.017888784574857534,0.06556329773021141,0.004902038723230362,0.6434718787047529,0.04811112582683563
T02,1,BG5,0.11067277193069458,1.0,0.11272996664047241,-0.01858799131900457,-0.002057194709777832,-0.05528001267536179,0.1354670375585556,-0.22403209890745912,-0.024794265627861023,-0.05416520479797108,0.09954413771629333,0.10055448160117819,0.011128634214401245,0.06584028547573799,-0.20544410758845455,-0.02273707091808319,-0.3245865805086373,-0.03592289984226227
T02,1,BG6,0.515608549118042,1.0,0.32803088426589966,0.36379860561856747,0.18757766485214233,-0.12455173956909467,0.13267579674720764,0.7426811591837187,0.38293275237083435,-0.35731837801889416,0.41593652963638306,0.19330949364407335,0.09967201948165894,-0.06979193011243179,0.3788825535651512,0.19535508751869202,0.5493716655396453,0.2832607328891754
T02,1,BG7,0.16574323177337646,1.0,0.1041557639837265,0.37158364426019586,0.06158746778964996,-0.07306566980691052,0.13621778786182404,0.17813971535517015,0.02952544391155243,-0.24614889213282756,0.24132061004638672,-0.4559906483327294,-0.07557737827301025,0.07291855847228795,-0.1934439289050257,-0.032062023878097534,0.6341303636878995,0.10510282218456268
T02,1,BG8,1.6765817403793335,1.0,0.7321743965148926,0.5632933518754841,0.9444073438644409,0.5158766245281621,0.4758087992668152,0.7162030427927768,1.2007729411125183,0.5514656003001821,1.611973524093628,0.03853568504553251,0.06460821628570557,-0.013361859394962566,0.15290969091729267,0.2563655972480774,0.6776673577472443,1.1361647248268127
T02,1,BG9,0.2146076261997223,1.0,0.13262593746185303,0.38200737023902487,0.08198168873786926,-0.13929593442766186,0.12102029472589493,0.4360857942013364,0.09358733147382736,-0.11533725104585232,0.18384703993797302,0.1433341180512433,0.030760586261749268,-0.04000723627754477,0.05407842396231155,0.0116056427359581,0.2927516761500931,0.0628267452120781
T02,1,BG10,2.422804355621338,1.0,1.419759750366211,0.41400148913711077,1.003044605255127,0.9517066150158401,0.5309268236160278,0.7808626931874173,1.89187753200531,1.1107560674096941,2.441150426864624,-0.00757224211067542,-0.018346071243286133,-0.03390766507428674,0.36686120405030653,0.8888329267501831,0.7884349352980927,1.9102236032485962
T02,1,BG11,0.5103693008422852,1.0,0.3550705313682556,0.30428706463116506,0.15529876947402954,-0.1314180866952926,0.12625399231910706,0.7526222881412198,0.3841153085231781,-0.36221006848538717,0.47041282057762146,0.07828936696589728,0.039956480264663696,-0.036082375874570985,0.4483352235100547,0.22881653904914856,0.6743329211753225,0.3441588282585144
T02,1,BG12,0.07842749357223511,1.0,0.0700434148311615,0.10690240488595304,0.008384078741073608,-0.04951084297750638,0.09132085740566254,-0.16439837105808297,-0.01289336383342743,-0.10158629752023356,0.08231957256793976,-0.04962632773488562,-0.003892078995704651,0.01786855733071861,-0.271300775944036,-0.021277442574501038,-0.11477204332319735,-0.009001284837722778
T02,1,BG13,0.08391957730054855,1.0,0.07417021691799164,0.11617514690152897,0.009749360382556915,-0.027316773423042784,0.10237084329128265,-0.21986828801544278,-0.0184512659907341,-0.10000969637839152,0.10271333158016205,-0.22394943640875908,-0.018793754279613495,0.042096127993071095,-0.33604343491697175,-0.028200626373291016,0.004081148393316303,0.00034248828887939453
T02,1,BG14,0.44352856278419495,1.0,0.23077838122844696,0.47967640555880164,0.21275018155574799,-0.2057761578244483,0.11084095388650894,0.7500928673191927,0.332687608897686,-0.31393123252117366,0.44629254937171936,-0.006231789240034535,-0.002763986587524414,-0.008928218746041773,0.270416461760391,0.11993742734193802,0.7563246565592272,0.3354515954852104
T02,1,BG15,0.14789925515651703,1.0,0.10538412630558014,0.2874601087838028,0.04251512885093689,-0.05970517698383322,0.05942964553833008,0.5981748423466635,0.08846960961818695,-0.12183195154377233,0.15386228263378143,-0.04031810077591613,-0.005963027477264404,0.013014800142564814,0.3107147335628607,0.04595448076725006,0.6384929431225796,0.09443263709545135
T02,2,BG1,0.061054788529872894,1.0,0.06591127812862396,-0.07954296330000798,-0.004856489598751068,-0.006163864022157556,0.06570132821798325,-0.07610425060754067,-0.0046465396881103516,-0.027458519789235202,0.04010920971632004,0.3430621231729165,0.020945578813552856,0.0289711652841394,0.003438712692467316,0.00020994991064071655,-0.4191663737804572,-0.025592118501663208
T02,2,BG2,0.05058787390589714,1.0,0.05951272323727608,-0.17642246803564254,-0.008924849331378937,-0.00186665597150561,0.07249878346920013,-0.4331254417374195,-0.021910909563302994,-0.027563220144706434,0.04036550968885422,0.2020715916099286,0.010222364217042923,0.026985320684166786,-0.25670297370177697,-0.012986060231924057,-0.6351970333473481,-0.03213327378034592
T02,2,BG3,0.11897806823253632,1.0,0.10339007526636124,0.13101575683302902,0.01558799296617508,0.004599222877554232,0.02931402251124382,0.7536182887913929,0.0896640457212925,-0.0647453374977317,0.1161036267876625,0.024159504738812787,0.00287444144487381,-0.0029778202193252203,0.6226025319583639,0.07407605275511742,0.7294587840525801,0.08678960427641869
T02,2,BG4,0.06269831210374832,1.0,0.04768168926239014,0.23950613569067802,0.015016622841358185,-0.008948538340532605,0.05306842178106308,0.15359103720113,0.009629890322685242,-0.05299186895295717,0.08259454369544983,-0.3173326003649475,-0.019896231591701508,0.02830035126866618,-0.08591509848954804,-0.005386732518672943,0.47092363756607747,0.02952612191438675
T02,2,BG5,0.07350144535303116,1.0,0.07432238757610321,-0.01116892473936848,-0.000820942223072052,0.0015358111917319413,0.10154743492603302,-0.38157039800498693,-0.02804598957300186,-0.11164563306209789,0.07062935084104538,0.03907547814109136,0.002872094511985779,0.002399195075228007,-0.37040147326561845,-0.02722504734992981,-0.4206458761460783,-0.03091808408498764
T02,2,BG6,0.2443017214536667,1.0,0.12497570365667343,0.48843709410886493,0.11932601779699326,-0.010076386080233974,0.09065919369459152,0.6289048253766241,0.15364252775907516,-0.05499953461459774,0.229916051030159,0.058884889345272695,0.01438567042350769,-0.02028661074939937,0.14046773126775913,0.03431650996208191,0.5700199360313514,0.13925685733556747
T02,2,BG7,0.12015000730752945,1.0,0.11340761184692383,0.05611655838008012,0.006742395460605621,-0.010025355079151576,0.08538179099559784,0.28937346070405257,0.03476821631193161,-0.08893504657010169,0.10588885843753815,0.1186946052074983,0.014261148869991302,-0.047313743668183014,0.23325690232397245,0.02802582085132599,0.17067885549655426,0.020507067441940308
T02,2,BG8,1.2164758443832397,1.0,0.987287163734436,0.1884038140362463,0.2291886806488037,0.22055322638426986,0.3456217348575592,0.7158827825376021,0.8708541095256805,0.20499408501421787,1.166729211807251,0.04089406493087411,0.04974663257598877,-0.03756247379904718,0.5274789685013558,0.6416654288768768,0.674988717606728,0.8211074769496918
T02,2,BG9,0.23684652149677277,1.0,0.15844129025936127,0.3310381652706611,0.0784052312374115,0.021021363498504374,0.09437666088342667,0.6015282120155827,0.1424698606133461,-0.0972462824416743,0.19677500426769257,0.16918773087300287,0.0400715172290802,-0.0884062371941006,0.2704900467449216,0.0640646293759346,0.43234048114257984,0.1023983433842659
T02,2,BG10,1.7511603832244873,1.0,1.5625765323638916,0.10769079839302897,0.1885838508605957,0.28674369445573383,0.38065582513809204,0.7826265220416652,1.3705045580863953,0.3650311002592423,1.7078094482421875,0.02475555360321724,0.043350934982299805,-0.035672501978170665,0.6749357236486362,1.1819207072257996,0.7578709684384479,1.3271536231040955
T02,2,BG11,0.47664228081703186,1.0,0.31778329610824585,0.33328766198332793,0.158858984708786,-0.03596313207025591,0.0764160230755806,0.8396784663303947,0.40022625774145126,-0.21796316962272302,0.4480825960636139,0.059918507660037146,0.02855968475341797,-0.030290794220088034,0.5063908043470667,0.24136727303266525,0.7797599586703575,0.3716665729880333
T02,2,BG12,0.10172649472951889,1.0,0.07888466119766235,0.22454171204044437,0.022841833531856537,0.006922943965385062,0.06629930436611176,0.348259290512386,0.035427190363407135,-0.010931911776894104,0.09690745174884796,0.04737263895465915,0.004819042980670929,-0.034483775784793155,0.12371757847194165,0.012585356831550598,0.30088665155772687,0.030608147382736206
T02,2,BG13,0.07262974977493286,1.0,0.06777571886777878,0.06683267192671316,0.004854030907154083,-0.00303694938143704,0.0801006406545639,-0.10286253049413929,-0.0074708908796310425,-0.029712726973769466,0.09291071444749832,-0.2792375292911977,-0.02028096467256546,-0.029606052438827708,-0.16969520242085245,-0.012324921786785126,0.17637499879705842,0.012810073792934418
T02,2,BG14,0.45895498991012573,1.0,0.33740121126174927,0.26484903459419673,0.12155377864837646,0.01661239820919129,0.11565785109996796,0.7479974047071793,0.3432971388101578,-0.14934210272861495,0.42655500769615173,0.07059513943702256,0.032399982213974,-0.026398987029077746,0.4831483701129826,0.2217433601617813,0.6774022652701568,0.3108971565961838
T02,2,BG15,0.15081799030303955,1.0,0.11761739104986191,0.22013691460215257,0.03320059925317764,-0.0009320107771843375,0.03446123003959656,0.7715045288337374,0.116356760263443,-0.0881001460783047,0.14528246223926544,0.036703430974098006,0.005535528063774109,0.007185297666847615,0.5513676142315849,0.08315616101026535,0.7348010978596394,0.11082123219966888
T03,0,BG1,0.11162809282541275,1.0,0.0965304896235466,0.13524921430832637,0.01509760320186615,0.015304824945133966,0.03323768824338913,0.7022462318886389,0.07839040458202362,0.09837123268444642,0.10666701942682266,0.04444296080485444,0.004961073398590088,-0.005849298084599551,0.5669970175803125,0.06329280138015747,0.6578032710837844,0.07342933118343353
T03,0,BG2,0.07260255515575409,1.0,0.06761862337589264,0.0686469103284355,0.00498393177986145,0.015473383519315046,0.044091302901506424,0.3927032356650557,0.028511252254247665,0.04756374135415185,0.06177004054188728,0.1492030562643044,0.010832514613866806,0.0019836415880549866,0.3240563253366202,0.023527320474386215,0.2435001794007513,0.01767873764038086
T03,0,BG3,0.141752690076828,1.0,0.129042387008667,0.08966540363091635,0.01271030306816101,0.006167911720998218,0.04741676524281502,0.665496563965866,0.09433592483401299,0.11705757064260944,0.1455310583114624,-0.026654576827013443,-0.0037783682346343994,-0.014379592919494824,0.5758311603349496,0.08162562176585197,0.6921511407928794,0.09811429306864738
T03,0,BG4,0.07572707533836365,1.0,0.06210733577609062,0.17985308032677183,0.013619739562273026,-0.0072293220823892905,0.04604822024703026,0.39191875613226534,0.02967885509133339,-0.009523713729534944,0.05713336542248726,0.245535924600768,0.01859370991587639,0.005766055715695105,0.21206567580549351,0.016059115529060364,0.14638283153149734,0.011085145175457
T03,0,BG5,0.4526486396789551,1.0,0.4311760365962982,0.047437704934912506,0.02147260308265686,0.020516373389915847,0.12486934661865234,0.724136266158715,0.32777929306030273,0.37206022888416285,0.4006633758544922,0.11484685497534097,0.05198526382446289,0.03776254947343578,0.6766985612238025,0.3063066899776459,0.609289411183374,0.27579402923583984
T03,0,BG6,0.9121346473693848,1.0,0.84967440366745,0.06847700961398784,0.062460243701934814,0.06328974101937038,0.2184639722108841,0.7604915343958767,0.6936706751585007,0.8032995942244554,0.9651874303817749,-0.0581633123834977,-0.05305278301239014,-0.05866154537971509,0.6920145247818889,0.6312104314565659,0.8186548467793744,0.7467234581708908
T03,0,BG7,0.2720842957496643,1.0,0.2418537586927414,0.1111072796853525,0.030230537056922913,0.037029196165198605,0.1238199919462204,0.5449204921795708,0.1482643038034439,0.21123205872901513,0.2692590057849884,0.010383913753832519,0.0028252899646759033,-0.025950056713475722,0.43381321249421834,0.118033766746521,0.5345365784257383,0.145439013838768
T03,0,BG8,1.6755679845809937,1.0,1.562812089920044,0.0672941384805732,0.11275589466094971,0.11188042046473745,0.32023996114730835,0.808876773617659,1.3553280234336853,1.3806441675451895,1.6694711446762085,0.0036386765111908748,0.006096839904785156,0.008074247900200105,0.7415826351370858,1.2425721287727356,0.8052380971064681,1.3492311835289001
T03,0,BG9,0.5877248048782349,1.0,0.5300702452659607,0.09809789914046618,0.05765455961227417,0.05652241332089434,0.13240329921245575,0.7747188890775573,0.4553215056657791,0.45638285889642843,0.5670584440231323,0.03516334572223956,0.02066636085510254,0.015467769379526375,0.6766209899370911,0.39766694605350494,0.7395555433553177,0.4346551448106766
T03,0,BG10,1.5161058902740479,1.0,1.42790687084198,0.058174715510390884,0.08819901943206787,0.08586726641517164,0.3465953469276428,0.7713910704621669,1.169510543346405,1.2058303875480032,1.5936206579208374,-0.051127535110033095,-0.07751476764678955,-0.07790003032011668,0.713216354951776,1.0813115239143372,0.8225186055722,1.2470253109931946
T03,0,BG11,0.6884467601776123,1.0,0.6271584630012512,0.08902403182245933,0.061288297176361084,0.06460279597912454,0.15375015139579773,0.776670967087068,0.5346966087818146,0.6058549636140802,0.7348026633262634,-0.06733402661863264,-0.04635590314865112,-0.0515223360744832,0.6876469352646086,0.4734083116054535,0.8440049937057006,0.5810525119304657
T03,0,BG12,0.27589765191078186,1.0,0.2523718774318695,0.08526996682748245,0.023525774478912354,0.023409004647735702,0.13904640078544617,0.49602182264810146,0.1368512511253357,0.172467810523175,0.24333246052265167,0.11803362581108401,0.03256519138813019,0.004841137103341378,0.410751855820619,0.11332547664642334,0.37798819683701745,0.1042860597372055
T03,0,BG13,0.13833926618099213,1.0,0.12714965641498566,0.08088534272339876,0.01118960976600647,0.00998611859807074,0.10085028409957886,0.27099312007651133,0.03748898208141327,0.045952293054845696,0.12307949364185333,0.11030694218158332,0.015259772539138794,-0.03458456861430371,0.19010777735311257,0.0262993723154068,0.160686177894928,0.022229209542274475
T03,0,BG14,0.8896175622940063,1.0,0.8215923309326172,0.07646571232397803,0.06802523136138916,0.06736159032153008,0.19557680189609528,0.7801563188643268,0.6940407603979111,0.7072998907901089,0.8566370010375977,0.03707275157724643,0.03298056125640869,0.03417973924052718,0.7036906065403488,0.6260155290365219,0.7430835672870804,0.6610601991415024
T03,0,BG15,0.22832567989826202,1.0,0.20296016335487366,0.11109361611779556,0.025365516543388367,0.02661749348873039,0.0665721520781517,0.7084333694214825,0.16175352782011032,0.18136497738816187,0.22801227867603302,0.0013726498422873545,0.0003134012222290039,-0.018667057959817906,0.5973397533036869,0.13638801127672195,0.7070607195791951,0.16144012659788132
T03,1,BG1,0.06201699376106262,1.0,0.06270184367895126,-0.01104277659925601,-0.0006848499178886414,0.004927307448684519,0.04626231640577316,0.25403818952603197,0.01575467735528946,-0.019505687490532123,0.039362430572509766,0.36529615774144397,0.022654563188552856,0.006538778652030924,0.265080966125288,0.0164395272731781,-0.111257968215412,-0.006899885833263397
T03,1,BG2,0.0702344998717308,1.0,0.06255322694778442,0.10936622093575787,0.007681272923946381,-0.0037262069366939266,0.06182655692100525,0.11971255962462024,0.008407942950725555,-0.020188017177606855,0.0355481393635273,0.49386506108679595,0.034686360508203506,0.004766952539245512,0.010346338688862367,0.0007266700267791748,-0.3741525014621757,-0.02627841755747795
T03,1,BG3,0.09364785254001617,1.0,0.09004785120487213,0.038442002171760525,0.003600001335144043,-0.0013741577772809024,0.03653167933225632,0.6099037571023453,0.05711617320775986,-0.05755121119161064,0.0630149096250534,0.32710787074155756,0.03063294291496277,-0.033872240939886514,0.5714617549305848,0.053516171872615814,0.2827958863607878,0.02648323029279709
T03,1,BG4,0.04074510931968689,1.0,0.044041089713573456,-0.0808923976397351,-0.003295980393886566,-0.0009384320567694622,0.048465996980667114,-0.18949208616624946,-0.007720887660980225,-0.011456873073976715,0.03646436706185341,0.10506171853975022,0.004280742257833481,-0.0046585818412678065,-0.10859968852651436,-0.0044249072670936584,-0.2945538047059997,-0.012001629918813705
T03,1,BG5,0.11832763999700546,1.0,0.1262046992778778,-0.06656981086898717,-0.007877059280872345,-0.00477112306745277,0.12736879289150238,-0.07640769418412119,-0.009041152894496918,-0.033061950857326806,0.0689278244972229,0.41748336505485173,0.04939981549978256,0.031555390522682254,-0.009837883315134022,-0.0011640936136245728,-0.4938910592389729,-0.05844096839427948
T03,1,BG6,0.3101302981376648,1.0,0.27266252040863037,0.1208130477605649,0.037467777729034424,0.008894941368398121,0.12303334474563599,0.6032850014419671,0.1870969533920288,-0.05183060579532163,0.3275677263736725,-0.05622610166906794,-0.01743742823600769,-0.013944055259469009,0.48247195368140217,0.14962917566299438,0.659511103111035,0.2045343816280365
T03,1,BG7,0.14728647470474243,1.0,0.131244495511055,0.10891691268106496,0.01604197919368744,-0.01775337548502865,0.1231861487030983,0.16362897145625288,0.024100326001644135,-0.2180737477548808,0.1321852058172226,0.10252997019918408,0.015101268887519836,0.0032517664033692413,0.05471205877518792,0.008058346807956696,0.0610990012570688,0.008999057114124298
T03,1,BG8,0.7361791729927063,1.0,0.6213235259056091,0.15601589903722546,0.11485564708709717,0.08312749854371164,0.17309120297431946,0.7648789765140176,0.5630879700183868,0.25574115489690735,0.7937802076339722,-0.07824321302744108,-0.05760103464126587,-0.037114308736229965,0.6088630774767921,0.4482323229312897,0.8431221895414587,0.6206890046596527
T03,1,BG9,0.18854303658008575,1.0,0.17337366938591003,0.08045577638278134,0.01516936719417572,0.004578394072069511,0.09125684201717377,0.5159893527104358,0.09728619456291199,0.021511618713588438,0.1573738306760788,0.16531617829123957,0.031169205904006958,0.022996880486125727,0.43553357632765444,0.08211682736873627,0.3506731744191962,0.06611698865890503
T03,1,BG10,0.8755890727043152,1.0,0.7418729066848755,0.15271567298035338,0.1337161660194397,0.10226732882784365,0.1704479306936264,0.805333421737984,0.7051411420106888,0.3130550280622892,0.9585584402084351,-0.09475832801371098,-0.08296936750411987,-0.08192200558641809,0.6526177487576306,0.5714249759912491,0.9000917497516949,0.7881105095148087
T03,1,BG11,0.2539897561073303,1.0,0.2199002206325531,0.13421621665012973,0.03408953547477722,0.008225175027806656,0.08804379403591156,0.6533569230552925,0.16594596207141876,-0.059330826412955076,0.30098146200180054,-0.18501413113870346,-0.046991705894470215,-0.023805999377628027,0.5191407064051627,0.13185642659664154,0.8383710541939959,0.21293766796588898
T03,1,BG12,0.11592370271682739,1.0,0.10112093389034271,0.12769414021999237,0.01480276882648468,-0.0023746362415689145,0.12999653816223145,-0.12139729754671036,-0.014072835445404053,-0.06244665768756417,0.06584945321083069,0.4319587281362838,0.050074249505996704,0.022839376813119545,-0.24909143776670273,-0.028875604271888733,-0.5533560256829941,-0.06414708495140076
T03,1,BG13,0.11311995983123779,1.0,0.11626686900854111,-0.02781913027379823,-0.003146909177303314,0.0002596638850347402,0.1370721161365509,-0.21174109523762263,-0.02395215630531311,-0.06654119483613083,0.0679183155298233,0.3995904027277434,0.04520164430141449,0.02192942080010755,-0.1839219649638244,-0.020805247128009796,-0.611331497965366,-0.0691538006067276
T03,1,BG14,0.33230042457580566,1.0,0.27538979053497314,0.17126262297393968,0.05691063404083252,0.030875922788489617,0.11631713807582855,0.6499639303080904,0.2159832864999771,0.016033388058463084,0.3093600571155548,0.06903505103607566,0.022940367460250854,0.00012481831189662743,0.4787013073341507,0.1590726524591446,0.5809288792720148,0.19304291903972626
T03,1,BG15,0.07142720371484756,1.0,0.07216522842645645,-0.010332402360747395,-0.0007380247116088867,0.004442061782619488,0.0634545311331749,0.1116196778093751,0.007972672581672668,-0.03972703412831108,0.08065357804298401,-0.12917155588582863,-0.009226374328136444,0.003361279197977149,0.12195208017012249,0.008710697293281555,0.24079123369520372,0.017199046909809113
T03,2,BG1,0.03716724365949631,1.0,0.03356890752911568,0.09681495876306823,0.0035983361303806305,0.0038998479494136455,0.03459092229604721,0.06931723788504451,0.0025763213634490967,0.024887325612075555,0.04184476286172867,-0.12585027791089543,-0.004677519202232361,-0.021674751639661448,-0.027497720878023713,-0.0010220147669315338,0.19516751579593994,0.0072538405656814575
T03,2,BG2,0.030999675393104553,1.0,0.03111783228814602,-0.0038112288413012507,-0.00011815689504146576,-0.006488974887788675,0.03486517816781998,-0.12469458079001172,-0.0038655027747154236,0.02525098315741407,0.0554916150867939,-0.7900702662981616,-0.024491939693689346,-0.04709270072182999,-0.12088335194871047,-0.003747345879673958,0.6653756855081499,0.020626436918973923
T03,2,BG3,0.033381495624780655,1.0,0.033642176538705826,-0.007808842322907683,-0.0002606809139251709,-0.004401456736180881,0.02620573714375496,0.21496239749290358,0.007175758481025696,0.02284845890444558,0.027092063799500465,0.1884109691149234,0.0062894318252801895,0.017140679885402105,0.22277123981581126,0.007436439394950867,0.02655142837798019,0.0008863266557455063
T03,2,BG4,0.04974397271871567,1.0,0.050896335393190384,-0.02316566972513745,-0.0011523626744747162,-0.004687967425244488,0.02834266424179077,0.4302292922129226,0.021401308476924896,0.03583916289418396,0.03539367765188217,0.2884832352081519,0.014350295066833496,0.012026188773469625,0.45339496193806006,0.022553671151399612,0.14174605700477072,0.0070510134100914
T03,2,BG5,0.1568092554807663,1.0,0.16088856756687164,-0.02601441996171916,-0.004079312086105347,-0.0032265004188922557,0.16443827748298645,-0.048651538407696426,-0.007629022002220154,0.022321878515661225,0.1516721248626709,0.03276044054122229,0.005137130618095398,-0.012453169609234654,-0.022637118445977267,-0.003549709916114807,-0.08141197894891872,-0.012766152620315552
T03,2,BG6,0.15313303470611572,1.0,0.1331949532032013,0.13020110415213437,0.01993808150291443,-0.018546096554883696,0.17958232760429382,-0.17272093654859466,-0.0264492928981781,-0.1362278698320733,0.16345149278640747,-0.06738224333026444,-0.010318458080291748,-0.006466719514181506,-0.30292204070072903,-0.04638737440109253,-0.10533869321833023,-0.016130834817886353
T03,2,BG7,0.15959742665290833,1.0,0.16645899415016174,-0.042992905407220894,-0.006861567497253418,-0.000586309532036218,0.17587462067604065,-0.10198900661877075,-0.016277194023132324,0.047130822640673746,0.16070713102817535,-0.00695308395009131,-0.0011097043752670288,-0.02095134841076395,-0.058996101211549856,-0.009415626525878906,-0.09503592266867944,-0.015167489647865295
T03,2,BG8,0.8681052923202515,1.0,0.7475547790527344,0.13886624461953234,0.12055051326751709,0.06032181242802308,0.21910226345062256,0.7476086566168745,0.6490030288696289,0.09419962905227104,0.8871073722839355,-0.021889130169918003,-0.019002079963684082,-0.004634148148304845,0.6087424119973421,0.5284525156021118,0.7694977867867925,0.668005108833313
T03,2,BG9,0.2042158544063568,1.0,0.1752830445766449,0.14167763074537754,0.028932809829711914,-0.016677690072503144,0.09905624389648438,0.5149434438679145,0.10515961050987244,-0.1283445711591742,0.18537774682044983,0.09224610262610222,0.018838107585906982,-0.034169620793461176,0.3732658131225369,0.07622680068016052,0.42269734124181224,0.08632150292396545
T03,2,BG10,0.6861244440078735,1.0,0.5834311246871948,0.1496715773950542,0.10269331932067871,0.02944968198365085,0.20006534457206726,0.7084124557820068,0.4860590994358063,0.03809433556027963,0.7719123959541321,-0.12503262556106765,-0.08578795194625854,0.014197560950338911,0.5587408783869526,0.38336578011512756,0.8334450813430745,0.5718470513820648
T03,2,BG11,0.15324446558952332,1.0,0.12819679081439972,0.16344918587614,0.025047674775123596,-0.012397698560445205,0.12455980479717255,0.1871824134736496,0.02868466079235077,-0.09393228304053376,0.21287724375724792,-0.3891348640028982,-0.05963277816772461,0.03598099288141046,0.02373322759750962,0.003636986017227173,0.5763172774765478,0.08831743896007538
T03,2,BG12,0.0746382623910904,1.0,0.07042549550533295,0.05644258301804317,0.004212766885757446,-0.0040798788482671,0.14100337028503418,-0.8891564041863573,-0.06636510789394379,0.0009685561234599238,0.037455908954143524,0.49816752512864093,0.03718235343694687,0.03701426919714112,-0.9455989872044005,-0.07057787477970123,-1.3873239293149981,-0.10354746133089066
T03,2,BG13,0.061087749898433685,1.0,0.06234189122915268,-0.020529993779509148,-0.0012541413307189941,-0.008772017966922483,0.11062556505203247,-0.8109284942836634,-0.049537815153598785,0.006181806493237884,0.036172591149806976,0.40785860850113687,0.02491515874862671,0.041685440851351355,-0.7903985005041543,-0.04828367382287979,-1.2187871027848003,-0.0744529739022255
T03,2,BG14,0.17734912037849426,1.0,0.14444558322429657,0.1855297913442019,0.03290353715419769,-0.014786699161941424,0.10081607103347778,0.43153896036412165,0.07653304934501648,-0.02016746215522407,0.1895018070936203,-0.06852402765770593,-0.012152686715126038,0.03731610932618191,0.24600916901991976,0.04362951219081879,0.5000629880218276,0.08868573606014252
T03,2,BG15,0.060067951679229736,1.0,0.06582655012607574,-0.09586788507320376,-0.005758598446846008,-0.014109009003232451,0.05150100588798523,0.1426210504194083,0.008566945791244507,0.020476722303377545,0.047702156007289886,0.2058635806218091,0.01236579567193985,0.023896017484695026,0.23848893549261208,0.014325544238090515,-0.06324253020240078,-0.003798849880695343
T04,0,BG1,0.2660529315471649,1.0,0.27076464891433716,-0.01770966086588821,-0.004711717367172241,0.005399370261497047,0.0821516290307045,0.6912207451908929,0.18390130251646042,0.045822972922083524,0.1925264298915863,0.276360453780377,0.07352650165557861,0.017645234638078905,0.7089304060567811,0.18861301988363266,0.41486029141051595,0.1103748008608818
T04,0,BG2,0.2941129803657532,1.0,0.31557875871658325,-0.072984767942877,-0.021465778350830078,0.002220326873944377,0.07284199446439743,0.7523332975744711,0.22127098590135574,0.06098753178654796,0.2643935978412628,0.10104753444426884,0.029719382524490356,0.003631282521166651,0.8253180655173481,0.24273676425218582,0.6512857631302023,0.1915516033768654
T04,0,BG3,0.129903644323349,1.0,0.14054691791534424,-0.08193197987719891,-0.01064327359199524,0.006101512172052298,0.07199413329362869,0.44578823691576164,0.057909511029720306,0.02564577799973537,0.09039218723773956,0.3041597812734327,0.039511457085609436,0.01785730306981615,0.5277202167929606,0.06855278462171555,0.14162845564232895,0.01839805394411087
T04,0,BG4,0.0881999284029007,1.0,0.08117159456014633,0.07968649377790504,0.007028333842754364,-0.0009870458673079201,0.04130427911877632,0.5316971886069036,0.046895649284124374,0.0163727152273928,0.0985831767320633,-0.11772387279605079,-0.010383248329162598,0.002578985815181671,0.4520106948289986,0.03986731544137001,0.6494210614029544,0.05727889761328697
T04,0,BG5,0.7489795684814453,1.0,0.8125683069229126,-0.08490048362919755,-0.06358873844146729,-0.011330931195573758,0.06886802613735199,0.9080508626457056,0.6801115423440933,0.22435227907978517,0.7321109771728516,0.022522111140593215,0.01686859130859375,0.01009650306874461,0.9929513462749031,0.7437002807855606,0.8855287515051123,0.6632429510354996
T04,0,BG6,0.4199063181877136,1.0,0.37159234285354614,0.1150589597986943,0.04831397533416748,0.01818820976419431,0.08082042634487152,0.8075274866809299,0.3390858918428421,0.12005550900103754,0.5656777024269104,-0.3471521252569254,-0.14577138423919678,-0.06070108741482161,0.6924685268822356,0.2907719165086746,1.1546796119378553,0.4848572760820389
T04,0,BG7,0.1257866621017456,1.0,0.23778560757637024,-0.8903879369988545,-0.11199894547462463,0.010394771642412296,0.04953000694513321,0.606238036848056,0.0762566551566124,0.09238340040208524,0.16921350359916687,-0.3452419145193255,-0.043426841497421265,0.009643986384473677,1.4966259738469105,0.18825560063123703,0.9514799513673815,0.11968349665403366
T04,0,BG8,0.7492254972457886,1.0,0.5701113939285278,0.23906569061656513,0.17911410331726074,0.07890560626328634,0.10823764652013779,0.8555339540987762,0.6409878507256508,0.29562421908181996,0.7210326194763184,0.03762937526394361,0.028192877769470215,0.01921412675376007,0.6164682634822111,0.46187374740839005,0.8179045788348326,0.6127949729561806
T04,0,BG9,0.17922285199165344,1.0,0.16221046447753906,0.09492314387272005,0.01701238751411438,0.01739281307518308,0.1304711550474167,0.2720172326369119,0.048751696944236755,0.11736088729999254,0.14889638125896454,0.16921100575941717,0.030326470732688904,0.0029195765374715214,0.17709408876419186,0.031739309430122375,0.10280622687749474,0.01842522621154785
T04,0,BG10,0.2780517637729645,1.0,0.2027316838502884,0.27088512653825625,0.07532007992267609,0.019204402569200134,0.06101720407605171,0.7805545231807309,0.21703455969691277,0.05636421817721264,0.2163178026676178,0.22202329540164645,0.06173396110534668,0.026024380794221598,0.5096693966424747,0.14171447977423668,0.5585312277790845,0.15530059859156609
T04,0,BG11,0.1315905898809433,1.0,0.12177218496799469,0.07461334564803124,0.009818404912948608,-0.0008114745629007852,0.05579177290201187,0.5760200732233949,0.07579881697893143,0.0051320038956632116,0.1046634167432785,0.20462847013409147,0.026927173137664795,0.006604660736353523,0.5014067275753636,0.06598041206598282,0.3713916030893034,0.04887164384126663
T04,0,BG12,0.114918053150177,1.0,0.11665455251932144,-0.015110673827448462,-0.0017364993691444397,0.01767099267318567,0.04968676716089249,0.5676330961481579,0.06523128598928452,-0.04232855939576292,0.0972282662987709,0.15393399754996517,0.017689786851406097,0.01756487923852245,0.5827437699756064,0.06696778535842896,0.41369909859819276,0.04754149913787842
T04,0,BG13,0.17303702235221863,1.0,0.24719786643981934,-0.4285835990104452,-0.07416084408760071,0.003661440663566248,0.04066124185919762,0.7650142209071683,0.132375780493021,-0.027053277037504347,0.18111979961395264,-0.04671119905293719,-0.008082777261734009,0.01641804308610895,1.1935978199176134,0.20653662458062172,0.8117254199601055,0.14045855775475502
T04,0,BG14,0.3030932545661926,1.0,0.2196447104215622,0.27532302396777963,0.08344854414463043,0.026993315202022493,0.06977223604917526,0.7697994505122443,0.23332101851701736,0.11992454799970602,0.25537610054016113,0.1574339307550351,0.047717154026031494,0.023491396253806845,0.49447642654446466,0.14987247437238693,0.6123655197572092,0.18560386449098587
T04,0,BG15,0.25915101170539856,1.0,0.23438052833080292,0.09558323641399569,0.024770483374595642,0.009145082404168756,0.08925306797027588,0.6555943812880727,0.16989794373512268,0.012047701791985051,0.23369283974170685,0.09823685739750787,0.02545817196369171,-0.010906718212588323,0.560011144874077,0.14512746036052704,0.5573575238905648,0.14443977177143097
T04,1,BG1,0.03305840119719505,1.0,0.0436677560210228,-0.3209272448256051,-0.010609354823827744,0.010191782243294006,0.02763654664158821,0.16400862471173083,0.005421854555606842,-0.019994124042518685,0.021790258586406708,0.34085584281631864,0.011268142610788345,-0.01101307430012075,0.4849358695373359,0.016031209379434586,-0.1768472181045878,-0.005846288055181503
T04,1,BG2,0.041849639266729355,1.0,0.039267346262931824,0.06170429260563659,0.002582293003797531,0.013462870806413032,0.030116086825728416,0.2803742121282047,0.011733552441000938,-0.020443959820401085,0.025324489921331406,0.3948697213702941,0.01652514934539795,0.002430692362965642,0.2186699195225681,0.009151259437203407,-0.1144955092420894,-0.004791596904397011
T04,1,BG3,0.06199200823903084,1.0,0.0563308484852314,0.09132094606068342,0.0056611597537994385,0.0020506310685008437,0.023327236995100975,0.6237057986214443,0.03866477124392986,0.019621011454721303,0.07351163774728775,-0.18582423730486064,-0.011519629508256912,-0.021370189899704368,0.5323848525607608,0.033003611490130424,0.8095300359263049,0.050184400752186775
T04,1,BG4,0.05902206152677536,1.0,0.04901876300573349,0.16948419908480972,0.01000329852104187,0.007237396312723748,0.0306913610547781,0.4800019677239732,0.02833070047199726,0.015344456513225746,0.04459822550415993,0.24438054526893482,0.014423836022615433,0.01535267932868616,0.31051776863916347,0.01832740195095539,0.23562142245503837,0.013906864449381828
T04,1,BG5,0.14346173405647278,1.0,0.17119285464286804,-0.19329968953590226,-0.027731120586395264,0.05103669996747716,0.03380312770605087,0.7643753188115119,0.1096586063504219,-0.12499095924304597,0.1310555785894394,0.08647716886914314,0.012406155467033386,0.003409002382529505,0.9576750083474141,0.13738972693681717,0.6778981499423687,0.09725245088338852
T04,1,BG6,0.2917892336845398,1.0,0.25294217467308044,0.13313399946112414,0.03884705901145935,-0.03674379971292853,0.06563978642225266,0.7750438446825773,0.22614944726228714,-0.22219700922414282,0.3779275119304657,-0.2952071404628336,-0.0861382782459259,0.0873255702071432,0.6419098452214531,0.1873023882508278,1.0702509851454107,0.31228772550821304
T04,1,BG7,0.1338939368724823,1.0,0.16776035726070404,-0.25293458874937325,-0.03386642038822174,0.045742648073306524,0.047907162457704544,0.6422006851188703,0.08598677441477776,-0.06990097840386857,0.1253274530172348,0.06397969479087828,0.008566483855247498,0.021476000671890268,0.8951352738682435,0.1198531948029995,0.578220990327992,0.07742029055953026
T04,1,BG8,0.4974413812160492,1.0,0.4062032699584961,0.1834148160339285,0.0912381112575531,0.10696102470273064,0.13424666225910187,0.7301256698182645,0.3631947189569473,0.3097201752683395,0.42715078592300415,0.14130429540897682,0.07029059529304504,0.06574688183946542,0.546710853784336,0.2719566076993942,0.5888213744092877,0.2929041236639023
T04,1,BG9,0.2804747223854065,1.0,0.2550600469112396,0.09061310178645254,0.02541467547416687,0.01563955367154735,0.07443694025278091,0.7346037569241871,0.20603778213262558,0.15370888395682508,0.23854772746562958,0.14948585408458148,0.041926994919776917,0.003938841965001774,0.6439906551377346,0.1806231066584587,0.5851179028396056,0.16411078721284866
T04,1,BG10,0.16415752470493317,1.0,0.1371016949415207,0.16481631386609397,0.027055829763412476,0.04431998140848219,0.08151333034038544,0.5034444779710995,0.08264419436454773,0.021426451974822947,0.13574746251106262,0.17306590431524538,0.028410062193870544,0.07907250910326324,0.3386281641050055,0.055588364601135254,0.3303785736558541,0.054234132170677185
T04,1,BG11,0.14309577643871307,1.0,0.14975115656852722,-0.04650989589176069,-0.006655380129814148,0.01008389477658286,0.039709802716970444,0.7224949545668287,0.10338597372174263,-0.09055937596746633,0.16755923628807068,-0.17095856180108515,-0.024463459849357605,0.05393049000076634,0.7690048504585894,0.11004135385155678,0.8934535163679138,0.12784943357110023
T04,1,BG12,0.20015236735343933,1.0,0.16591911017894745,0.17103602578769783,0.03423325717449188,0.07425383167769943,0.05378371477127075,0.731286155665807,0.14636865258216858,0.08747349917380906,0.14022459089756012,0.29941081514138423,0.05992777645587921,0.04771676810032087,0.5602501298781092,0.1121353954076767,0.4318753405244228,0.08644087612628937
T04,1,BG13,0.15004852414131165,1.0,0.14091482758522034,0.06087168134204779,0.009133696556091309,0.036339749237396045,0.03868267685174942,0.7421989020211346,0.11136584728956223,-0.0006332271141141433,0.0966186672449112,0.3560838978012384,0.05342985689640045,0.031206542463233223,0.6813272206790868,0.10223215073347092,0.3861150042198962,0.057935990393161774
T04,1,BG14,0.25746259093284607,1.0,0.19326049089431763,0.24936480019198692,0.06420210003852844,0.06362196919742862,0.08751104772090912,0.6601019044947246,0.16995154321193695,0.1120210098128828,0.22050368785858154,0.14355060867230385,0.036958903074264526,0.07262711710637192,0.4107371043027377,0.10574944317340851,0.5165512958224208,0.13299264013767242
T04,1,BG15,0.07383411377668381,1.0,0.06326933950185776,0.14308809713486859,0.01056477427482605,-0.015233828193216507,0.04080905765295029,0.447287303410277,0.03302505612373352,-0.0708475087094833,0.07609790563583374,-0.03066037413807332,-0.002263791859149933,0.006349035889973836,0.3041992062754084,0.02246028184890747,0.4779476775483503,0.03528884798288345
T04,2,BG1,0.184153750538826,1.0,0.18951939046382904,-0.029136683982469158,-0.005365639925003052,-0.004889832337863463,0.04139982908964157,0.7751887934924193,0.14275392144918442,-0.005349960185881753,0.15006759762763977,0.18509620879558242,0.03408615291118622,-0.002073840771503675,0.8043254774748885,0.14811956137418747,0.5900925846968369,0.1086677685379982
T04,2,BG2,0.2223045527935028,1.0,0.21752431988716125,0.021503125470177076,0.004780232906341553,-0.0025707066360795153,0.028367966413497925,0.8723914342691709,0.19393658638000488,0.007583455038929596,0.19012054800987244,0.14477442288724351,0.03218400478363037,0.0010406843240508973,0.8508883087989938,0.18915635347366333,0.7276170113819274,0.1617525815963745
T04,2,BG3,0.13848181068897247,1.0,0.1354900300502777,0.021604212190524774,0.002991780638694763,0.002348386068858856,0.05179556459188461,0.6259757104998174,0.08668624609708786,0.017716720335782497,0.09546907991170883,0.31060207443307253,0.04301273077726364,-0.005570883072156118,0.6043714983092926,0.0836944654583931,0.31537363606674484,0.04367351531982422
T04,2,BG4,0.07654634118080139,1.0,0.07149456441402435,0.06599644122611126,0.005051776766777039,-0.007965732129566687,0.03745396062731743,0.5107022078837996,0.03909238055348396,-0.005380323568060748,0.07871054112911224,-0.028272934175517683,-0.002164199948310852,0.009072083101394079,0.44470576665768835,0.034040603786706924,0.5389751420593173,0.041256580501794815
T04,2,BG5,0.4928587079048157,1.0,0.5545271635055542,-0.12512398251348045,-0.061668455600738525,-0.04401488389881404,0.03877187892794609,0.9213326709675165,0.4540868289768696,0.13663220199423926,0.5278438925743103,-0.07098418552525465,-0.03498518466949463,-0.0317532306187173,1.046456653480997,0.5157552845776081,0.9923168564927711,0.4890720136463642
T04,2,BG6,0.42714962363243103,1.0,0.3518269658088684,0.17633789635502517,0.07532265782356262,0.02862578812549137,0.066299669444561,0.844785844995918,0.36084995418787,0.05923459094308166,0.5176452398300171,-0.21185926212325623,-0.09049561619758606,-0.07743654379849882,0.6684479486408929,0.2855272963643074,1.0566451071191743,0.4513455703854561
T04,2,BG7,0.08708176016807556,1.0,0.14539040625095367,-0.6695848737380656,-0.05830864608287811,-0.017441143142972827,0.06047777086496353,0.30550595436638395,0.02660398930311203,-0.022428670070235867,0.11186382919549942,-0.28458377659976697,-0.02478206902742386,-0.010638380351858859,0.9750908281044496,0.08491263538599014,0.5900897309661509,0.05138605833053589
T04,2,BG8,0.14074046909809113,1.0,0.2370907962322235,-0.6845956312752044,-0.09635032713413239,-0.020848561817253346,0.09028269350528717,0.3585165114979939,0.050457775592803955,0.030228089960046355,0.1814585030078888,-0.28931281299261924,-0.04071803390979767,0.005582358533652107,1.0431121427731984,0.14680810272693634,0.6478293244906131,0.09117580950260162
T04,2,BG9,0.3658498227596283,1.0,0.3548383414745331,0.030098390921856732,0.011011481285095215,-0.009072817069367353,0.11858217418193817,0.6758720011227957,0.24726764857769012,0.10245919684348533,0.3551073670387268,0.02936304669014167,0.01074245572090149,0.014364885310468988,0.6457736102009389,0.2362561672925949,0.646508954432654,0.23652519285678864
T04,2,BG10,0.17289504408836365,1.0,0.19930389523506165,-0.1527449196620796,-0.026408851146697998,-0.008577591107541544,0.09206879138946533,0.46748741960883056,0.08082625269889832,0.001509833309789385,0.21437616646289825,-0.2399207576714968,-0.04148112237453461,-0.05119101028514417,0.6202323392709101,0.10723510384559631,0.7074081772803273,0.12230737507343292
T04,2,BG11,0.2615026831626892,1.0,0.2481963336467743,0.050884215971101265,0.013306349515914917,-0.004602854541633164,0.039152711629867554,0.850277979334196,0.22234997153282166,0.02002041312419629,0.31475257873535156,-0.2036303524397507,-0.053249895572662354,-0.05404058813380562,0.7993937633630948,0.20904362201690674,1.0539083317739468,0.275599867105484
T04,2,BG12,0.13791748881340027,1.0,0.18369711935520172,-0.33193482288814136,-0.04577963054180145,-0.018077114953870516,0.051805030554533005,0.624376667208675,0.08611245825886726,0.03243167884522075,0.20401187241077423,-0.47923123726887185,-0.06609438359737396,-0.004235066199255224,0.9563114900968164,0.13189208880066872,1.1036079044775469,0.15220684185624123
T04,2,BG13,0.1764679104089737,1.0,0.19242694973945618,-0.09043586672011883,-0.015959039330482483,-0.009897869041875972,0.0653337687253952,0.6297697135321776,0.11113414168357849,0.055525559215013655,0.22732961177825928,-0.28822060832025986,-0.050861701369285583,0.0005887073242482859,0.7202055802522964,0.12709318101406097,0.9179903218524375,0.16199584305286407
T04,2,BG14,0.14398318529129028,1.0,0.20688119530677795,-0.4368426460340713,-0.06289801001548767,-0.02540679342623593,0.057339854538440704,0.6017600913604029,0.08664333075284958,-0.027039568521331835,0.18465645611286163,-0.28248616610630073,-0.04067327082157135,0.0012396080607338835,1.0386027373944742,0.14954134076833725,0.8842462574667036,0.12731660157442093
T04,2,BG15,0.22955353558063507,1.0,0.18304675817489624,0.20259668517906826,0.04650677740573883,0.010100640345980409,0.05607802793383598,0.7557082911004853,0.1734755076467991,0.06685917250484855,0.2519456744194031,-0.09754642988470996,-0.022392138838768005,-0.0025176026260920166,0.5531116059214171,0.12696873024106026,0.8532547209851953,0.1958676464855671
T05,0,BG1,0.0537986159324646,1.0,0.050094492733478546,0.06885181795601969,0.0037041231989860535,0.015338634997388061,0.04232677072286606,0.2132369556055128,0.011471845209598541,0.0020752680157889777,0.02294841781258583,0.5734385885358145,0.03085019811987877,-0.0009132224600001265,0.14438513764949312,0.007767722010612488,-0.3602016329303017,-0.019378352910280228
T05,0,BG2,0.11182012408971786,1.0,0.10846908390522003,0.029968218262098834,0.0033510401844978333,0.002473551148682443,0.042611487209796906,0.6189283123591323,0.06920863687992096,-0.046779019792894914,0.10767927020788193,0.03703146947144198,0.0041408538818359375,0.010844508391307083,0.5889600940970334,0.06585759669542313,0.5818968428876903,0.06506778299808502
T05,0,BG3,0.11615358293056488,1.0,0.09031993895769119,0.22240942635598637,0.025833643972873688,0.015600742568092319,0.034897077828645706,0.6995609266300808,0.08125650510191917,0.06176424338149015,0.12522566318511963,-0.07810408637103383,-0.009072080254554749,0.0039215838536675145,0.4771515002740945,0.055422861129045486,0.7776650130011147,0.09032858535647392
T05,0,BG4,0.11133556067943573,1.0,0.07829806208610535,0.29673812593509774,0.03303749859333038,0.015150528012892035,0.046780023723840714,0.5798285899253828,0.06455553695559502,0.03173429933002926,0.04926914721727371,0.5574716425612755,0.06206641346216202,0.036428761428372904,0.28309046399028504,0.03151803836226463,0.022356947364107316,0.0024891234934329987
T05,0,BG5,0.11118993908166885,1.0,0.08559997379779816,0.23014647902280172,0.025589965283870697,0.08298697021507706,0.08481398969888687,0.2372153202751166,0.026375949382781982,0.00730941471038588,0.08924270421266556,0.1973851508186506,0.021947234869003296,0.05682150709790122,0.007068841252314884,0.0007859840989112854,0.039830169456466,0.0044287145137786865
T05,0,BG6,0.10951253026723862,1.0,0.1331842690706253,-0.2161554169561004,-0.023671738803386688,-0.017809274445073124,0.08478906005620956,0.2257593527709012,0.024723470211029053,0.009234055329797385,0.10847381502389908,0.009484989032349844,0.0010387152433395386,0.13435431474155757,0.4419147697270016,0.04839520901441574,0.21627436373855136,0.023684754967689514
T05,0,BG7,0.32435697317123413,1.0,0.20541059970855713,0.3667144215602812,0.118946373462677,0.0927728731118096,0.13294419646263123,0.5901300007083631,0.1914127767086029,0.13739631330779917,0.1842859536409378,0.43184218869229707,0.14007101953029633,0.10795269387653081,0.22341557914808186,0.0724664032459259,0.158287812016066,0.05134175717830658
T05,0,BG8,0.5112369060516357,1.0,0.2678530812263489,0.4760685842191895,0.24338382482528687,0.27494483053543617,0.3927624821662903,0.23174076473260663,0.11847442388534546,0.08160498422477078,0.41004830598831177,0.1979289970779493,0.10118860006332397,0.06080583929741734,-0.2443278194865829,-0.1249094009399414,0.03381176765465732,0.017285823822021484
T05,0,BG9,0.2321518361568451,1.0,0.1910816878080368,0.17691075487317343,0.04107014834880829,0.07573545640877687,0.1463107168674469,0.3697628544009196,0.0858411192893982,-0.10315105721731473,0.1799706518650055,0.22477182566355836,0.0521811842918396,0.056282455289532705,0.19285209952774618,0.044770970940589905,0.14499102873736125,0.033659934997558594
T05,0,BG10,0.41817569732666016,1.0,0.18145880103111267,0.5660704391674163,0.23671689629554749,0.18142723942867323,0.3226405382156372,0.22845700368815336,0.09553515911102295,0.05152914839660121,0.2929767966270447,0.2993930745044826,0.12519890069961548,0.10920951807761944,-0.3376134354792629,-0.14118173718452454,-0.07093607081632924,-0.02966374158859253
T05,0,BG11,0.19457247853279114,1.0,0.1283419132232666,0.34039023609631613,0.06623056530952454,0.04412399990147488,0.13180270791053772,0.32260357615601387,0.06276977062225342,-0.019718782977977543,0.10219883918762207,0.4747518523390907,0.09237363934516907,0.09963588848474988,-0.017786659940302263,-0.003460794687271118,-0.1521482761830768,-0.02960386872291565
T05,0,BG12,0.2655084729194641,1.0,0.15523402392864227,0.41533309135087426,0.11027444899082184,0.09889566893292996,0.15053877234458923,0.43301708973926945,0.11496970057487488,0.011582013475764995,0.16286268830299377,0.3866008102182015,0.10264578461647034,0.06697396239526039,0.017683998388395183,0.0046952515840530396,0.04641627952106797,0.012323915958404541
T05,0,BG13,0.14499881863594055,1.0,0.09607014805078506,0.3374419024308424,0.04892867058515549,0.06519641855441378,0.11846131086349487,0.18301884244234423,0.02653750777244568,-0.0635848002839908,0.11818169057369232,0.1849472738126735,0.02681712806224823,0.06347401195027498,-0.15442305998849815,-0.02239116281270981,-0.0019284313703292755,-0.00027962028980255127
T05,0,BG14,0.45726507902145386,1.0,0.2273009568452835,0.5029120693825392,0.22996412217617035,0.19795744459653997,0.33664876222610474,0.2637776853979117,0.12061631679534912,0.06104769223758538,0.34627214074134827,0.2427321720921889,0.11099293828010559,0.08687811968940388,-0.2391343839846275,-0.10934780538082123,0.021045513305722796,0.00962337851524353
T05,0,BG15,0.16040408611297607,1.0,0.12586446106433868,0.21532888427182295,0.03453962504863739,0.0191262606739114,0.0790824368596077,0.5069799414354841,0.08132164925336838,-0.033814974523407086,0.09674542397260666,0.3968643799191589,0.06365866214036942,0.0686498849381331,0.29165105716366113,0.04678202420473099,0.11011556151632518,0.017662987112998962
T05,1,BG1,0.061909765005111694,1.0,0.06805308163166046,-0.09922999439170188,-0.006143316626548767,-0.01360196866884351,0.04072513431310654,0.34218571607239745,0.021184630692005157,0.01773528392939595,0.04301416873931885,0.30521200027350603,0.018895596265792847,-0.015262066368031435,0.44141571046409933,0.027327947318553925,0.036973715798891416,0.002289034426212311
T05,1,BG2,0.15867622196674347,1.0,0.1579889953136444,0.004331062343622349,0.0006872266530990601,0.006951387170641398,0.05072253942489624,0.6803394005755881,0.10795368254184723,0.12874163776586678,0.1560756266117096,0.016389381842511375,0.0026005953550338745,-0.0021827709202825616,0.6760083382319657,0.10726645588874817,0.6639500187330767,0.10535308718681335
T05,1,BG3,0.1754714399576187,1.0,0.12134931981563568,0.3084383821701766,0.05412212014198303,-0.04585350274337685,0.05343954637646675,0.6954516168335424,0.12203189358115196,-0.11138648552874589,0.15973322093486786,0.08969110944573644,0.015738219022750854,-0.01957957632379953,0.3870132346633658,0.06790977343916893,0.605760507387806,0.10629367455840111
T05,1,BG4,0.1504479944705963,1.0,0.10066170990467072,0.3309202720309652,0.0497862845659256,-0.047347312281491034,0.06675116717815399,0.5563173641748109,0.08369682729244232,-0.07801580721286831,0.08997958153486252,0.40192239935991836,0.060468412935733795,-0.05476310637799301,0.22539709214384573,0.033910542726516724,0.15439496481489257,0.023228414356708527
T05,1,BG5,0.1336168497800827,1.0,0.11990543454885483,0.10261747846637936,0.013711415231227875,-0.18915651609165518,0.08506673574447632,0.36335327828774044,0.048550114035606384,-0.1340648091856848,0.1034809798002243,0.2255395017474474,0.0301358699798584,-0.009405639655735426,0.2607357998213611,0.03483869880437851,0.13781377654029303,0.018414244055747986
T05,1,BG6,0.15733344852924347,1.0,0.1279829889535904,0.1865494463162628,0.029350459575653076,0.019734151411409183,0.05883169174194336,0.6260700534272667,0.09850175678730011,0.008740498181932172,0.36252760887145996,-1.304199070308222,-0.2051941603422165,-0.20898829370084213,0.43952060711100394,0.06915129721164703,1.9302691237354888,0.3036959171295166
T05,1,BG7,0.2620825171470642,1.0,0.11291221529245377,0.5691730520093217,0.14917030185461044,-0.18392660454741436,0.15421585738658905,0.4115752047062152,0.10786665976047516,-0.12423110739189291,0.1373661756515503,0.4758667159277312,0.12471634149551392,-0.11279506108208923,-0.15759784730310644,-0.041303642094135284,-0.064291511221516,-0.016849681735038757
T05,1,BG8,2.017444133758545,1.0,0.4893544614315033,0.7574384089168265,1.5280896723270416,-0.755862014955036,0.7537997961044312,0.6263590253854143,1.2636443376541138,-0.33773350411519754,1.844133973121643,0.0859058086802943,0.17331016063690186,0.0024269688133011502,-0.13107938353141213,-0.26444533467292786,0.54045321670512,1.090334177017212
T05,1,BG9,0.9366976022720337,1.0,0.4171907901763916,0.554615294508478,0.5195068120956421,-0.36143591175860457,0.19195294380187988,0.7950748018495714,0.7447446584701538,-0.5141616639102303,0.7510157823562622,0.19823027995703502,0.18568181991577148,-0.11313527831859531,0.24045950734109334,0.22523784637451172,0.5968445218925363,0.5590628385543823
T05,1,BG10,1.4414724111557007,1.0,0.3788437247276306,0.7371828144836149,1.06262868642807,-0.6363134971415919,0.6314045786857605,0.5619724877014769,0.8100678324699402,-0.4770750772506543,1.2510225772857666,0.1321217396009844,0.19044983386993408,-0.0727860958270148,-0.175210326782138,-0.2525608539581299,0.4298507481004925,0.6196179986000061
T05,1,BG11,0.5325934290885925,1.0,0.3230159282684326,0.3935037412004214,0.2095775008201599,-0.1622755816327327,0.19303883612155914,0.6375493538713144,0.3395545929670334,-0.3021178851381724,0.28985804319381714,0.45576114551872726,0.2427353858947754,-0.18780624231549115,0.24404561267089298,0.12997709214687347,0.18178820835258713,0.096819207072258
T05,1,BG12,0.7732623219490051,1.0,0.20079421997070312,0.7403284607636299,0.572468101978302,-0.4263382290044432,0.20398935675621033,0.7361964389988378,0.5692729651927948,-0.4312323341091977,0.6762135624885559,0.1255056213792778,0.09704875946044922,-0.05735190095516405,-0.004132021764792104,-0.003195136785507202,0.61069081761956,0.4722242057323456
T05,1,BG13,0.5821459889411926,1.0,0.26059219241142273,0.5523593859866978,0.3215537965297699,-0.2373027408044522,0.15587028861045837,0.732248802029121,0.42627570033073425,-0.3333586589792959,0.435433566570282,0.252019996079594,0.14671242237091064,-0.08776100291568767,0.17988941604242326,0.10472190380096436,0.480228805949527,0.2795632779598236
T05,1,BG14,1.9780147075653076,1.0,0.47355785965919495,0.7605893144000029,1.5044568479061127,-0.7106988308410485,0.7202883958816528,0.6358528632343853,1.2577263116836548,-0.5376984402446288,1.7955372333526611,0.0922528445274936,0.18247747421264648,-0.008129626106959909,-0.1247364511656176,-0.24673053622245789,0.5436000187068917,1.0752488374710083
T05,1,BG15,0.2521299719810486,1.0,0.14821144938468933,0.41216253529169855,0.10391852259635925,-0.09190051238231763,0.10152997076511383,0.5973109982106557,0.15060000121593475,-0.14478602585729716,0.1187036857008934,0.5291964693440712,0.13342628628015518,-0.12247967727073694,0.18514846291895715,0.0466814786195755,0.06811452886658453,0.01717371493577957
T05,2,BG1,0.09138093888759613,1.0,0.11173035204410553,-0.22268758865198857,-0.0203494131565094,0.017483367624543382,0.05434386059641838,0.4053042646420264,0.03703707829117775,-0.03084757588753559,0.055917371064424515,0.3880850248862471,0.035463567823171616,-0.01943858624763753,0.627991853294015,0.05738649144768715,0.017219239755779325,0.001573510468006134
T05,2,BG2,0.09594254940748215,1.0,0.10103962570428848,-0.05312622811278511,-0.0050970762968063354,0.004170128434924427,0.05455353111028671,0.43139383140082965,0.041389018297195435,-0.07215895403745264,0.08206810057163239,0.1446121400297744,0.013874448835849762,-0.0016236899612182844,0.48452005951361476,0.04648609459400177,0.28678169137105525,0.027514569461345673
T05,2,BG3,0.20720644295215607,1.0,0.15543138980865479,0.24987186646863813,0.05177505314350128,0.039786866608597864,0.05252593010663986,0.7465043710836163,0.1546805128455162,0.09293235165010114,0.20578202605247498,0.006874433104696709,0.0014244168996810913,-0.0037333141445421137,0.4966325046149782,0.10290545970201492,0.7396299379789196,0.1532560959458351
T05,2,BG4,0.2558152377605438,1.0,0.2249201536178589,0.12077112061593887,0.030895084142684937,0.02499807117685291,0.09801043570041656,0.6168702352247613,0.15780480206012726,0.10546870708713363,0.1796194612979889,0.2978547491972726,0.07619577646255493,0.06349080323056408,0.4960991146088224,0.12690971791744232,0.31901548602748864,0.08160902559757233
T05,2,BG5,0.18627920746803284,1.0,0.11167407035827637,0.4005017206095971,0.07460513710975647,0.15610234129431033,0.12035280466079712,0.35391179812396023,0.06592640280723572,0.07122513647292275,0.13692504167556763,0.2649473004197842,0.04935416579246521,0.051691143839728594,-0.04658992248563687,-0.008678734302520752,0.08896449770417603,0.016572237014770508
T05,2,BG6,0.13081254065036774,1.0,0.13352622091770172,-0.020744724063878284,-0.0027136802673339844,-0.04441749900298761,0.04898396506905556,0.6255407846913819,0.08182857558131218,-0.05859762083061863,0.2587015628814697,-0.9776509333031835,-0.127889022231102,0.0817689808922446,0.6462855087552601,0.08454225584864616,1.6031917179945654,0.20971759781241417
T05,2,BG7,0.6440534591674805,1.0,0.37841835618019104,0.4124426397868115,0.26563510298728943,0.2443143078260787,0.1967656910419464,0.6944885782599841,0.44728776812553406,0.3647205918642906,0.5177052617073059,0.19617658084117684,0.12634819746017456,0.11933613781490482,0.2820459384731726,0.18165266513824463,0.4983119974188073,0.3209395706653595
T05,2,BG8,2.099372386932373,1.0,1.224417805671692,0.4167695986377523,0.8749545812606812,0.867031926055039,0.7915225625038147,0.6229718159291813,1.3078498244285583,1.3061581771656912,2.0130741596221924,0.04110668380525562,0.08629822731018066,0.08369224619054366,0.20620221729142896,0.4328952431678772,0.5818651321239257,1.2215515971183777
T05,2,BG9,0.7913795113563538,1.0,0.517449676990509,0.346142194703691,0.2739298343658447,0.2597649778097798,0.3240690231323242,0.5905011257090671,0.46731048822402954,0.3994215034899565,0.712612509727478,0.09953127355870439,0.07876700162887573,0.07648151606905168,0.2443589310053761,0.19338065385818481,0.4909698521503627,0.3885434865951538
T05,2,BG10,1.3352118730545044,1.0,0.7129494547843933,0.4660402114206692,0.6222624182701111,0.6048180609595832,0.6579496264457703,0.5072320469912173,0.6772622466087341,0.6520387401372802,1.1903096437454224,0.10852377899573185,0.14490222930908203,0.13982730416137273,0.04119183557054806,0.05499982833862305,0.3987082679954854,0.5323600172996521
T05,2,BG11,0.4684630334377289,1.0,0.288406103849411,0.3843567643394098,0.18005692958831787,0.14644134489459998,0.24584870040416718,0.475201504477168,0.2226143330335617,0.13888862535766705,0.37088093161582947,0.20830268937718377,0.09758210182189941,0.0933894180052757,0.09084474013775823,0.042557403445243835,0.26689881509998425,0.1250322312116623
T05,2,BG12,0.9600540995597839,1.0,0.615996241569519,0.35837341308608806,0.3440578579902649,0.32171173907621703,0.3692764341831207,0.6153587276945818,0.5907776653766632,0.5399612332322816,0.8371130228042603,0.12805641424929293,0.12294107675552368,0.12245664139115517,0.2569853146084937,0.24671980738639832,0.48730231344528885,0.4678365886211395
T05,2,BG13,0.6426599025726318,1.0,0.3658464550971985,0.4307308610044175,0.27681344747543335,0.2405753363681718,0.2712814211845398,0.5778771697481906,0.37137848138809204,0.30342534027602436,0.5316766500473022,0.1726936134557585,0.11098325252532959,0.11004804228870206,0.1471463087437731,0.09456503391265869,0.4051835562924321,0.26039522886276245
T05,2,BG14,1.5224193334579468,1.0,0.7815207242965698,0.48665870040677295,0.740898609161377,0.7256676230275415,0.7204446792602539,0.5267764546239461,0.8019746541976929,0.7816566772156051,1.3486577272415161,0.11413518684133195,0.17376160621643066,0.16708320777910357,0.04011775421717312,0.06107604503631592,0.4126412677826141,0.6282130479812622
T05,2,BG15,0.4467148184776306,1.0,0.32343584299087524,0.2759679724688804,0.12327897548675537,0.10156619911923319,0.1314639151096344,0.7057095338481303,0.3152509033679962,0.2063370644487011,0.33452802896499634,0.2511373976434992,0.11218678951263428,0.10146356247919242,0.4297415613792499,0.19197192788124084,0.4545721362046311,0.20306411385536194
