task,seed,background,D_flow_early,D_flow_late,Recovery_early,Recovery_late,Delta_EL,D_BG_px_common,D_early_px_common,D_late_px_common,paired_valid_frame_fraction
Original,0,BG1,0.07240183602033334,0.06474326343932525,0.029779797412411213,-0.0023362942510365414,0.032116091663447754,2.4180679321289062,2.3460583686828613,2.4237172603607178,1.0
Original,0,BG10,0.4442372001392403,0.12194975536390544,-0.0030545102598904528,-0.003329056004117481,0.00027454574422702827,23.93341064453125,24.006515502929688,24.013086318969727,1.0
Original,0,BG11,0.3223933795089242,0.11305193797562058,0.027975673849350735,-0.0005018618308956224,0.028477535680246358,13.86436939239502,13.4765043258667,13.87132740020752,1.0
Original,0,BG12,0.1279202866996387,0.11438504335905719,0.12102096080674418,0.016134251447226355,0.10488670935951783,3.8575217723846436,3.3906807899475098,3.795283555984497,1.0
Original,0,BG13,0.08489683206392253,0.11380995202945254,0.0499957565547523,0.05255911630075827,-0.0025633597460059665,0.7604745626449585,0.7224540710449219,0.7205047011375427,1.0
Original,0,BG14,0.3207909029313587,0.09372404171469541,0.00715612993839243,0.0003486043112238546,0.006807525627168576,14.419865608215332,14.316675186157227,14.414838790893555,1.0
Original,0,BG15,0.15380479097082056,0.08740555583114111,0.0428506846588147,0.006704330229239552,0.036146354429575145,5.427455425262451,5.19488525390625,5.391067981719971,1.0
Original,0,BG2,0.04055460396333881,0.07108425097544867,-0.010582736067118237,-0.038141005135559736,0.0275582690684415,0.5472681522369385,0.5530597567558289,0.568141520023346,1.0
Original,0,BG3,0.0812441423186137,0.07021645703392355,0.05806377682435804,0.0006560339617751598,0.05740774286258288,2.7398698329925537,2.580782651901245,2.738072395324707,1.0
Original,0,BG4,0.06429227904038784,0.06755210037495109,0.024769838670942845,-0.0020158460979089465,0.026785684768851792,2.1726555824279785,2.1188392639160156,2.177035331726074,1.0
Original,0,BG5,0.21436404919083799,0.1325712171858572,0.062217918114015225,0.017062033413922095,0.04515588470009313,6.009836196899414,5.635916709899902,5.907296180725098,1.0
Original,0,BG6,0.3868757757836369,0.14722320490955013,0.010135901684928839,0.00595729073403739,0.004178610950891448,16.993370056152344,16.82112693786621,16.892135620117188,1.0
Original,0,BG7,0.1840667384524939,0.1489057412650474,0.1220656047684553,-0.0007192725956555179,0.12278487736411081,3.6982169151306152,3.2467918395996094,3.7008769512176514,1.0
Original,0,BG8,0.4337328393278012,0.11934117248150339,0.003258681323740409,-0.05526067940746682,0.058519360731207226,25.3856143951416,25.30289077758789,26.788440704345703,1.0
Original,0,BG9,0.30526760710220135,0.10321019798530322,0.036966518403567905,0.004438945873274425,0.03252757253029348,13.222055435180664,12.733282089233398,13.163363456726074,1.0
Original,1,BG1,0.061563384495594425,0.06576125984876256,0.04835806865372583,0.009791980322015115,0.03856608833171071,1.3454056978225708,1.2803444862365723,1.3322315216064453,1.0
Original,1,BG10,0.44155922353121985,0.1249028740798513,0.04829916104341203,0.0012326282693205792,0.04706653277409145,17.569000244140625,16.72043228149414,17.547344207763672,1.0
Original,1,BG11,0.29354784028824393,0.11574377590329425,0.018614962260430468,-0.0036052043780800958,0.022220166638510563,7.897454261779785,7.750443458557129,7.925926208496094,1.0
Original,1,BG12,0.11543368671889181,0.11979962115435587,0.04298128132983303,0.02656075341806352,0.01642052791176951,2.2352547645568848,2.1391806602478027,2.17588472366333,1.0
Original,1,BG13,0.0787747079345597,0.1193871335866337,0.08743774171037888,0.04139566875846168,0.0460420729519172,0.6818767189979553,0.6222549676895142,0.6536499857902527,1.0
Original,1,BG14,0.29752895923268813,0.09739371886618013,0.017022909321960822,-0.0016332981753020004,0.018656207497262822,8.05540657043457,7.918280124664307,8.068563461303711,1.0
Original,1,BG15,0.12887635419115528,0.0902288835826643,0.04806322101805427,0.01236796040535415,0.03569526061270012,2.526517152786255,2.4050846099853516,2.495269298553467,1.0
Original,1,BG2,0.03717444137809813,0.0733700386321916,-0.10093312137457056,-0.4246609703790345,0.32372784900446394,0.09256619215011597,0.10190919786691666,0.13187545537948608,1.0
Original,1,BG3,0.07400737283444171,0.07231300294299046,0.06035917789478673,0.01163782542824976,0.04872135246653697,1.5806487798690796,1.4852421283721924,1.562253475189209,1.0
Original,1,BG4,0.061114347738149395,0.06938528136021031,0.06824944820072965,0.013410781111884318,0.05483866708884533,1.2589232921600342,1.1730024814605713,1.2420401573181152,1.0
Original,1,BG5,0.19709463712667297,0.13555434729198698,0.04528316004898547,0.03517261905866431,0.01011054099032116,3.0308902263641357,2.893641948699951,2.924285888671875,1.0
Original,1,BG6,0.3510418563926431,0.1495051354887134,0.02111575890388795,0.0060631726757994775,0.015052586228088471,8.414840698242188,8.237154960632324,8.36382007598877,1.0
Original,1,BG7,0.17219580852340066,0.151794656019534,0.3966571197384856,-0.002561671488523043,0.39921879122700865,0.5526313185691833,0.33342617750167847,0.5540469884872437,1.0
Original,1,BG8,0.4406652416692824,0.1213398840122027,0.06262297033333375,-0.0020186785842983834,0.06464164891763213,20.541980743408203,19.25558090209961,20.58344841003418,1.0
Original,1,BG9,0.2868062493069694,0.10542195636507455,0.03757927210150347,0.001798981204724437,0.03578029089677903,7.5841546058654785,7.299147605895996,7.5705108642578125,1.0
Original,2,BG1,0.0649674038091859,0.062322989793447824,0.040325426779310614,0.019655379379539317,0.020670047399771296,0.5151075124740601,0.4943355917930603,0.5049828886985779,1.0
Original,2,BG10,0.4378056531948548,0.11555180262287978,0.0617914568622846,-0.0076317373672973865,0.06942319422958199,23.414058685302734,21.967269897460938,23.592748641967773,1.0
Original,2,BG11,0.2983551529352315,0.10731400659637542,0.08675222571999486,-0.0020029018691443135,0.08875512758913917,9.314845085144043,8.50676155090332,9.333501815795898,1.0
Original,2,BG12,0.1152018780959518,0.11575095024491067,0.07817712230093188,0.005213448461667047,0.07296367383926483,1.0861239433288574,1.0012139081954956,1.0804615020751953,1.0
Original,2,BG13,0.07827376054012182,0.11410538750535114,0.049969918509070066,0.03584611113057978,0.014123807378490283,0.3694702684879303,0.351007878780365,0.35622620582580566,1.0
Original,2,BG14,0.3108367183666025,0.09169912346360293,0.12801016108251928,0.002053278885179588,0.1259568821973397,11.671987533569336,10.177854537963867,11.648021697998047,1.0
Original,2,BG15,0.14680046072493358,0.08428189432627436,0.10571711518062021,-0.0023307176504854255,0.10804783283110564,1.7912158966064453,1.6018537282943726,1.7953907251358032,1.0
Original,2,BG2,0.03569764324012867,0.06970188015533874,0.08339374824064827,0.2666663501462535,-0.18327260190560524,0.12120405584573746,0.11109640449285507,0.08888301998376846,1.0
Original,2,BG3,0.07807935448011442,0.06757811182840366,0.06983101642207046,-0.010973836464306386,0.08080485288637684,0.6737686395645142,0.6267186999320984,0.6811624765396118,1.0
Original,2,BG4,0.06412081907789076,0.06481311278961922,0.0914612061040524,-0.007263760305855849,0.09872496640990824,0.49805107712745667,0.45249873399734497,0.5016688108444214,1.0
Original,2,BG5,0.2006213552327246,0.133704000172526,0.07372107226427338,0.03641571240849506,0.03730535985577832,1.9634336233139038,1.8186872005462646,1.891933798789978,1.0
Original,2,BG6,0.3774430959797536,0.13975727682334585,0.06805772394823617,0.0012991720480474145,0.06675855190018876,12.718385696411133,11.852801322937012,12.701862335205078,1.0
Original,2,BG7,0.1687827014198698,0.1483108152260649,0.20489901108789554,-0.11968494569797294,0.3245839567858685,0.3525125980377197,0.280283123254776,0.39470306038856506,1.0
Original,2,BG8,0.43291877631945397,0.11923113453237082,,,,,,,0.85
Original,2,BG9,0.3090395508359321,0.10099309396436791,0.1927184270630239,0.006286909335625146,0.18643151772739874,11.4099760055542,9.211063385009766,11.338242530822754,1.0
T01,0,BG1,0.022155143763178172,0.07131501762075305,-0.07096349483428677,0.1101785719053926,-0.18114206673967936,0.0922725722193718,0.09882056713104248,0.08210612088441849,1.0
T01,0,BG10,0.08272041591656853,0.12661867299854715,-0.019662847206584955,0.01691593048919038,-0.03657877769577533,0.32834896445274353,0.3348052501678467,0.322794646024704,1.0
T01,0,BG11,0.06324699045856379,0.11942873979283676,-0.04818034116349024,0.06609177795517429,-0.11427211911866453,0.16778171062469482,0.17586550116539001,0.1566927284002304,1.0
T01,0,BG12,0.06585778217674713,0.12817773128951213,-0.0416120748457407,-0.07241772683848491,0.03080565199274421,0.12608034908771515,0.131326824426651,0.1352108120918274,1.0
T01,0,BG13,0.05882119300196067,0.12533029190598544,0.039918292555679136,-0.12749457276463838,0.16741286532031752,0.17652085423469543,0.16947445273399353,0.19902631640434265,1.0
T01,0,BG14,0.04493967058805792,0.09924700405629772,-0.06521123093029901,0.2119079738034575,-0.2771192047337565,0.11310245096683502,0.12047801166772842,0.08913514763116837,1.0
T01,0,BG15,0.03865510216411113,0.0936141853816601,-0.026301635725533012,-0.21268178934953008,0.18638015362399707,0.11226721107959747,0.11522003263235092,0.13614441454410553,1.0
T01,0,BG2,0.022976395876870056,0.07839378175947762,-0.06203912528416344,-0.030404293405243532,-0.03163483187891991,0.0832848995923996,0.08845183253288269,0.0858171284198761,1.0
T01,0,BG3,0.02675397483343171,0.07441802601014785,0.039001083178649476,-0.13552920764133702,0.1745302908199865,0.10235004127025604,0.09835828840732574,0.11622147262096405,1.0
T01,0,BG4,0.024098902805784344,0.07156874311278016,0.015472422122211005,-0.07867629665274167,0.09414871877495268,0.10034718364477158,0.09879457950592041,0.10824213922023773,1.0
T01,0,BG5,0.09814233505160534,0.1408475299305262,0.024110918782011548,-0.034032451207666625,0.05814336998967817,0.23564176261425018,0.22996023297309875,0.24366123974323273,1.0
T01,0,BG6,0.11053692700819263,0.15035064915021198,-0.03497375683388371,0.09534206314895788,-0.13031581998284159,0.1276663988828659,0.13213138282299042,0.11549443006515503,1.0
T01,0,BG7,0.14229666923900944,0.15271184075879654,-0.032041668195611495,0.1889511711198698,-0.2209928393154813,0.12621347606182098,0.13025757670402527,0.10236530005931854,1.0
T01,0,BG8,0.109620569510196,0.13267999089391272,-0.022334238228003844,0.18669676250223932,-0.20903100073024317,0.2524532377719879,0.25809159874916077,0.2053210437297821,1.0
T01,0,BG9,0.0686329146212547,0.11885899976236543,-0.026251904946999804,-0.1417598852215225,0.11550798027452269,0.2467074692249298,0.2531840205192566,0.281680703163147,1.0
T01,1,BG1,0.021765582015527595,0.07024272008615814,-0.09910931695329062,0.40101379579801333,-0.5001231127513039,0.04065796732902527,0.04468756169080734,0.024353567510843277,1.0
T01,1,BG10,0.08154435687537512,0.12762734581527102,-0.003798208907889622,0.20129646627724673,-0.20509467518513635,0.366668164730072,0.3680608570575714,0.29285916686058044,1.0
T01,1,BG11,0.06330401901845656,0.11961336332113516,0.00358544843707731,0.35041606105251455,-0.34683061261543724,0.19840656220912933,0.19769519567489624,0.12888172268867493,1.0
T01,1,BG12,0.06600965524590337,0.12737076412495724,0.052935893283375224,0.30993080166360387,-0.25699490838022865,0.17141848802566528,0.1623443067073822,0.11829062551259995,1.0
T01,1,BG13,0.05879723910419247,0.12444733353602037,-0.02758500129916186,0.0806310106716166,-0.10821601197077846,0.14439800381660461,0.14838123321533203,0.13275505602359772,1.0
T01,1,BG14,0.0447361140404032,0.09796258066420989,-0.05069341358225188,0.5256852097465892,-0.576378623328841,0.09770061820745468,0.10265340656042099,0.04634085297584534,1.0
T01,1,BG15,0.038725063394941486,0.09306388224280515,0.027727372887039525,0.2767168882758142,-0.24898951538877467,0.06846700608730316,0.06656860560178757,0.04952103644609451,1.0
T01,1,BG2,0.02274055434015204,0.07800709769484214,0.006682544861643325,0.049710142630570164,-0.04302759776892684,0.07067588716745377,0.07020360231399536,0.06716258823871613,1.0
T01,1,BG3,0.02647412464872871,0.07288611537048933,0.043193816868610235,0.5606156969544497,-0.5174218800858394,0.0666971206665039,0.06381622701883316,0.029305672273039818,1.0
T01,1,BG4,0.023969352425503257,0.07136666745663313,0.029991002881563755,0.44017649321303787,-0.4101854903314741,0.08227916061878204,0.07981153577566147,0.046061813831329346,1.0
T01,1,BG5,0.09699320052431833,0.13970102929239156,-0.05964707116832124,0.23690630467786933,-0.29655337584619057,0.18610410392284393,0.19720467925071716,0.14201487600803375,1.0
T01,1,BG6,0.10972867838850413,0.1509595404207448,0.012708270533920651,0.3346449472896377,-0.321936676755717,0.2758258581161499,0.27232059836387634,0.18352213501930237,1.0
T01,1,BG7,0.14196730996734078,0.1538412444896964,0.045338838772295276,0.12778537883403973,-0.08244654006174446,0.07260431349277496,0.06931252777576447,0.06332655251026154,1.0
T01,1,BG8,0.1089638667267084,0.13041860604531316,0.010424254106340736,0.22127606896257657,-0.21085181485623583,0.24100534617900848,0.23849305510520935,0.18767663836479187,1.0
T01,1,BG9,0.06838472797807815,0.1174128980326223,0.001795166477238097,-0.35163790924882754,0.35343307572606564,0.09404848515987396,0.09387966245412827,0.1271195113658905,1.0
T01,2,BG1,0.021605403798035758,0.0747122826048511,0.05618135369188726,-0.16188109196742229,0.21806244565930955,0.0449618399143219,0.04243583232164383,0.05224032327532768,1.0
T01,2,BG10,0.08076641460088275,0.13058775214558274,0.0018064839552934808,-0.06759903213483143,0.06940551609012491,0.46557918190956116,0.464738130569458,0.4970518946647644,1.0
T01,2,BG11,0.06229162136439878,0.12301044766673445,0.043202642192042506,-0.020352031585266772,0.06355467377730928,0.05463792011141777,0.05227742716670036,0.05574992299079895,1.0
T01,2,BG12,0.06431542774695691,0.13510581297882973,0.006904121605307845,-0.11994001199252313,0.12684413359783098,0.21518388390541077,0.21369823813438416,0.24099305272102356,1.0
T01,2,BG13,0.05726643345597677,0.13314666254183868,0.0026105718344918705,0.09591882423861631,-0.09330825240412444,0.12258896976709366,0.12226895242929459,0.1108303889632225,1.0
T01,2,BG14,0.043812572129629905,0.10512343013204496,-0.017922519855567254,-0.03155721112946308,0.013634691273895827,0.12555399537086487,0.1278042495250702,0.129516139626503,1.0
T01,2,BG15,0.03786974625399269,0.100125281714546,0.009365836945406047,0.194757922436961,-0.18539208549155495,0.08922502398490906,0.08838936686515808,0.07184775173664093,1.0
T01,2,BG2,0.022408756241594354,0.0828929412159632,-0.08962071607203193,-0.1337272956360065,0.04410657956397457,0.028707558289170265,0.031280361115932465,0.03254655376076698,1.0
T01,2,BG3,0.025707321660548038,0.0787246686069592,0.00032955700044756675,-0.30281966744453626,0.3031492244449838,0.03298129886388779,0.03297043964266777,0.04296869784593582,1.0
T01,2,BG4,0.023216894768606777,0.07669658186998841,0.016983186027287767,0.18653363574707993,-0.16955044971979216,0.07409055531024933,0.07283227145671844,0.06027018278837204,1.0
T01,2,BG5,0.09454221334208372,0.14874822080117714,0.03598804349320528,-0.13827838793349834,0.17426643142670362,0.1251528114080429,0.1206488162279129,0.1424587517976761,1.0
T01,2,BG6,0.10810522301687031,0.1532492091926505,0.003501135957708734,0.11629964011353466,-0.11279850415582593,0.0674576684832573,0.067221499979496,0.059612374752759933,1.0
T01,2,BG7,0.13903581390065053,0.15744723400574123,-0.00568704442450807,-0.679085674915058,0.6733986304905499,0.09159891307353973,0.09211985021829605,0.15380243957042694,1.0
T01,2,BG8,0.10786509461860334,0.13911359212219268,0.011205427709359284,-0.10101570659375869,0.11222113430311798,0.5630930066108704,0.5567833185195923,0.6199742555618286,1.0
T01,2,BG9,0.06685151110083001,0.12626767468425282,0.03129223441192419,-0.16527715046412106,0.19656938487604525,0.056796394288539886,0.05501911789178848,0.06618355214595795,1.0
T02,0,BG1,0.021737050026056446,0.06381505961177097,-0.17180042793435546,-0.5908367294328578,0.41903630149850235,0.03734281659126282,0.0437583401799202,0.0594063401222229,1.0
T02,0,BG10,0.2126683095027561,0.11341944431997615,0.053854541579974824,-0.002370696122375948,0.05622523770235077,3.2013087272644043,3.0289037227630615,3.2088980674743652,1.0
T02,0,BG11,0.07894171963745432,0.10479843167109341,0.06396653652814799,0.03314230483165892,0.03082423169648907,0.836962878704071,0.7834252715110779,0.809224009513855,1.0
T02,0,BG12,0.06545084530437122,0.10748985818891683,0.08487136066743495,-0.31857945527818043,0.4034508159456154,0.05774833634495735,0.05284716561436653,0.07614578306674957,1.0
T02,0,BG13,0.061395735526353794,0.10873069195130536,0.04003436760973722,-0.2759353110367919,0.31596967864652914,0.05495395511388779,0.05275391787290573,0.07011770457029343,1.0
T02,0,BG14,0.07033191401979916,0.08698384693353718,0.0809989209528571,0.034835247594062424,0.04616367335879468,0.750180184841156,0.6894164085388184,0.7240474820137024,1.0
T02,0,BG15,0.04129276659490807,0.08136669711243366,0.12643254006785498,0.028689455420081722,0.09774308464777326,0.1753745973110199,0.15320155024528503,0.17034320533275604,1.0
T02,0,BG2,0.023160935062810167,0.06957275590212869,-0.005415855953545767,0.12389365415098086,-0.12930951010452663,0.054142165929079056,0.054435402154922485,0.047434303909540176,1.0
T02,0,BG3,0.02858261863896096,0.0688536750557281,0.0052927141395306965,0.021747353257304813,-0.016454639117774117,0.1612122654914856,0.16035902500152588,0.1577063351869583,1.0
T02,0,BG4,0.025828805842433734,0.06655291122379699,-0.019414310678591118,-0.07700429450965873,0.057589983831067615,0.07164732366800308,0.07303831726312637,0.07716448605060577,1.0
T02,0,BG5,0.10903730472265678,0.12127548127096509,0.09001808463292371,0.03790139101499734,0.05211669361792637,0.09931343793869019,0.0903734415769577,0.0955493301153183,1.0
T02,0,BG6,0.11850036454285866,0.1370970784466613,0.06100854903217379,0.05745305051382599,0.0035554985183477994,0.9490310549736023,0.8911320567131042,0.8945063352584839,1.0
T02,0,BG7,0.1396830865102383,0.1377020587963892,0.11838580413740918,-0.22207998478191926,0.34046578891932844,0.09036216139793396,0.07966457307338715,0.1104298010468483,1.0
T02,0,BG8,0.18837265832635572,0.11388339212457271,0.05472461040099741,0.0070317176526999425,0.047692892748297466,2.2242119312286377,2.1024928092956543,2.2085719108581543,1.0
T02,0,BG9,0.07396907225095443,0.0967008095586352,0.09504334559732897,0.06681256826068482,0.02823077733664414,0.32548242807388306,0.29454749822616577,0.3037361204624176,1.0
T02,1,BG1,0.02157260087055886,0.06402063654281516,0.05645354810083758,0.1995226620346079,-0.1430691139337703,0.07718808203935623,0.07283055037260056,0.06178731843829155,1.0
T02,1,BG10,0.18096301528489275,0.11537044062245895,0.051200961052613514,-0.011429561998419047,0.06263052305103256,2.422804355621338,2.2987544536590576,2.450495958328247,1.0
T02,1,BG11,0.06835645648400464,0.10716514315311826,0.07712055984478006,0.08391682055648375,-0.006796260711703694,0.5103693008422852,0.47100934386253357,0.4675407409667969,1.0
T02,1,BG12,0.06502315882804927,0.11076821171352785,0.09666847917333654,-0.04953237314147474,0.14620085231481128,0.07842749357223511,0.07084603607654572,0.0823122039437294,1.0
T02,1,BG13,0.061049800672486554,0.11056607993020455,-0.06594601136782874,-0.1346475918089174,0.06870158044108865,0.08391957730054855,0.08945374935865402,0.09521915763616562,1.0
T02,1,BG14,0.05870793721082748,0.08933883803717417,0.09740151254763585,0.038268644466239454,0.059132868081396395,0.44352856278419495,0.40032821893692017,0.426555335521698,1.0
T02,1,BG15,0.040409840864757414,0.0834165734891878,0.07829653767858913,0.00823413353974145,0.07006240413884768,0.14789925515651703,0.13631926476955414,0.14668144285678864,1.0
T02,1,BG2,0.023023409151823382,0.0699454040303964,0.07695634036073884,0.28197467080866623,-0.2050183304479274,0.05375010520219803,0.04961370304226875,0.038593944162130356,1.0
T02,1,BG3,0.027775730527312765,0.07141485176093978,0.038288265023689205,0.09357901226354104,-0.055290747239851834,0.1549988090991974,0.14906418323516846,0.1404941827058792,1.0
T02,1,BG4,0.025557988539112775,0.06751576613898515,0.06899570148547363,-0.013797206043492993,0.08279290752896662,0.07476802170276642,0.06960935890674591,0.0757996216416359,1.0
T02,1,BG5,0.10737478159351477,0.12250281861181106,0.038833086000475636,-0.04385409473187418,0.08268718073234982,0.11067277193069458,0.10637501627206802,0.1155262365937233,1.0
T02,1,BG6,0.10754954560798184,0.13710400380126556,0.07995665838014687,0.13774561592475154,-0.05778895754460467,0.515608549118042,0.474382221698761,0.44458574056625366,1.0
T02,1,BG7,0.13752437835584677,0.14037765421892587,0.0767712760021998,-0.05265744122666072,0.1294287172288605,0.16574323177337646,0.15301892161369324,0.17447085678577423,1.0
T02,1,BG8,0.16030646189988113,0.11513870261259716,0.09977008095219142,-0.0011569041293941762,0.1009269850815856,1.6765817403793335,1.5093090534210205,1.6785213947296143,1.0
T02,1,BG9,0.07002937693605053,0.09883928565022398,0.14566399070961522,0.12013107212683682,0.025532918582778397,0.2146076261997223,0.18334703147411346,0.18882659077644348,1.0
T02,2,BG1,0.021330250856172395,0.0724426896698784,0.028413749244596165,0.20226008488582947,-0.1738463356412333,0.061054788529872894,0.05932000279426575,0.048705849796533585,1.0
T02,2,BG10,0.1905877276952075,0.12229885483321508,0.05556026565003458,0.008494131993751042,0.04706613365628354,1.7511603832244873,1.6538654565811157,1.7362858057022095,1.0
T02,2,BG11,0.07174786085371158,0.11439111629857306,0.09492825247091197,0.06420344627102403,0.030724806199887933,0.47664228081703186,0.4313954710960388,0.44604021310806274,1.0
T02,2,BG12,0.06496793152659695,0.12271873632483975,0.05100394219246995,0.06260909808868553,-0.01160515589621558,0.10172649472951889,0.09653805196285248,0.0953575000166893,1.0
T02,2,BG13,0.06090705831759749,0.12388984563198824,0.011938134850965954,-0.022862746674961798,0.03480088152592775,0.07262974977493286,0.07176269590854645,0.07429027557373047,1.0
T02,2,BG14,0.06258249362512791,0.09749786385403325,0.08410152558209061,0.050305949780463544,0.033795575801627065,0.45895498991012573,0.4203561842441559,0.4358668327331543,1.0
T02,2,BG15,0.04016964539107248,0.09142524471517853,0.13451847136421657,0.07468796471320016,0.05983050665101641,0.15081799030303955,0.1305301934480667,0.1395537108182907,1.0
T02,2,BG2,0.022539491827899105,0.08035127122870044,0.035460273780697715,0.14348716548459517,-0.10802689170389745,0.05058787390589714,0.04879402369260788,0.04332917183637619,1.0
T02,2,BG3,0.027442121519530672,0.07931393560230253,0.05712588188266032,-0.06320412811897635,0.12033001000163668,0.11897806823253632,0.11218135058879852,0.12649798393249512,1.0
T02,2,BG4,0.025294874322198475,0.07693329201377362,0.10973945377425776,-0.1687436083216889,0.27848306209594664,0.06269831210374832,0.05581784248352051,0.0732782632112503,1.0
T02,2,BG5,0.10660834153581476,0.13509779823760518,0.002006076460994044,0.14715287942775268,-0.14514680296675864,0.07350144535303116,0.07335400581359863,0.06268550455570221,1.0
T02,2,BG6,0.11026447555186893,0.1464913295025615,0.12418262020532556,0.06086155127040771,0.06332106893491785,0.2443017214536667,0.21396370232105255,0.22943314909934998,1.0
T02,2,BG7,0.13628618100662424,0.14896200409741148,0.03675621353542058,0.1328010357723186,-0.09604482223689803,0.12015000730752945,0.11573375761508942,0.10419397056102753,1.0
T02,2,BG8,0.17155444243471052,0.12423770816378159,0.057280498323446394,-0.0026964388972130493,0.05997693722065944,1.2164758443832397,1.1467955112457275,1.219756007194519,1.0
T02,2,BG9,0.07272287924100289,0.1067521137872599,0.11754729464007618,0.09802689655396557,0.019520398086110613,0.23684652149677277,0.20900586247444153,0.21362920105457306,1.0
T03,0,BG1,0.024962182532387633,0.07297828483532261,0.11032708921999212,0.03360449449780878,0.07672259472218335,0.11162809282541275,0.09931249916553497,0.10787689685821533,1.0
T03,0,BG10,0.1852159800556864,0.12579930448902177,0.04622985122430545,-0.035001673466554806,0.08123152469086026,1.5161058902740479,1.446016550064087,1.5691721439361572,1.0
T03,0,BG11,0.07848580782150917,0.11689921165656007,0.07161735064412311,-0.04748946983351221,0.11910682047763532,0.6884467601776123,0.6391420364379883,0.7211407423019409,1.0
T03,0,BG12,0.06358115438026503,0.1240369944009219,0.023721006364062047,0.1131636214972288,-0.08944261513316676,0.27589765191078186,0.26935309171676636,0.24467608332633972,1.0
T03,0,BG13,0.058135413429170835,0.12421311867848506,0.00019514344492255198,-0.234776307583362,0.23497145102828454,0.13833926618099213,0.13831228017807007,0.17081806063652039,1.0
T03,0,BG14,0.07939021558263808,0.10036636805555876,0.05255678905039496,0.03962157701321256,0.012935212037182398,0.8896175622940063,0.8428621292114258,0.8543695211410522,1.0
T03,0,BG15,0.04006981524507691,0.09263105467488451,0.057354510089763,-0.029306387470295014,0.08666089756005801,0.22832567989826202,0.21523018181324005,0.2350170910358429,1.0
T03,0,BG2,0.02588139918256301,0.08104202829973438,0.10902455175939407,-0.010018691922752732,0.1190432436821468,0.07260255515575409,0.0646871030330658,0.07332994788885117,1.0
T03,0,BG3,0.028579191849573044,0.07793663607770417,0.0645429974464643,0.20789175030341533,-0.14334875285695103,0.141752690076828,0.13260355591773987,0.11228348314762115,1.0
T03,0,BG4,0.025767465540569332,0.0757193776571613,0.009367583282302028,0.012913263435607947,-0.003545680153305919,0.07572707533836365,0.07501770555973053,0.07474920153617859,1.0
T03,0,BG5,0.11174172747148314,0.13899497936849003,0.05312475426712138,0.15243818719658042,-0.09931343292945904,0.4526486396789551,0.42860180139541626,0.38364771008491516,1.0
T03,0,BG6,0.1267133569345895,0.1508479156916355,0.06156369550727614,-0.006255265683664968,0.06781896119094111,0.9121346473693848,0.8559802770614624,0.917840301990509,1.0
T03,0,BG7,0.13223676380821683,0.15085061405445957,0.06565556883375245,-0.033920379839311066,0.09957594867306352,0.2720842957496643,0.25422045588493347,0.2813135087490082,1.0
T03,0,BG8,0.20054247193576205,0.12479630323246349,0.0628787714272886,0.052374906256249076,0.010503865171039517,1.6755679845809937,1.570210337638855,1.5878102779388428,1.0
T03,0,BG9,0.06504158812745703,0.10153724698591289,0.05731369524038088,0.023554165508371305,0.033759529732009574,0.5877248048782349,0.5540401339530945,0.5738814473152161,1.0
T03,1,BG1,0.024208281071013856,0.07033180657150417,-0.1284334143192527,0.07576362427755956,-0.20419703859681226,0.06201699376106262,0.06998205929994583,0.057318370789289474,1.0
T03,1,BG10,0.16432970338081984,0.12847142158542066,0.1173715022988504,-0.010135355187286255,0.12750685748613666,0.8755890727043152,0.7728198766708374,0.8844634890556335,1.0
T03,1,BG11,0.06745717502548121,0.12027810772801012,0.12468847616290768,0.024335437420542783,0.1003530387423649,0.2539897561073303,0.22232016921043396,0.2478088140487671,1.0
T03,1,BG12,0.06263392766603759,0.12530003378131818,0.014967483939103965,-0.030366998598422068,0.04533448253752603,0.11592370271682739,0.11418862640857697,0.11944396793842316,1.0
T03,1,BG13,0.05784952320232447,0.12546645955499688,-0.04072552577998256,-0.007731735232759718,-0.032993790547222845,0.11311995983123779,0.11772684007883072,0.11399458348751068,1.0
T03,1,BG14,0.06630441724736247,0.10071568403571957,0.12620646724784168,0.20165933772729505,-0.07545287047945337,0.33230042457580566,0.2903619706630707,0.26528894901275635,1.0
T03,1,BG15,0.03867221508971861,0.09374656055213935,-0.029534329159407013,-0.24024523888124683,0.2107109097218398,0.07142720371484756,0.07353676855564117,0.08858726173639297,1.0
T03,1,BG2,0.025459612053236384,0.07926650317544982,0.04902962234148733,0.06574562336243295,-0.016716001020945614,0.0702344998717308,0.06679093837738037,0.0656168982386589,1.0
T03,1,BG3,0.02787904149323375,0.07786131560366973,0.019811863600111335,0.2873888061032477,-0.26757694250313635,0.09364785254001617,0.0917925238609314,0.06673451513051987,1.0
T03,1,BG4,0.02551342119256275,0.0752460713425382,-0.06169740301267557,-0.03652504697622461,-0.02517235603645096,0.04074510931968689,0.04325898736715317,0.042233336716890335,1.0
T03,1,BG5,0.10982503095599287,0.1412517548531506,-0.0791765468671366,-0.48826983983973693,0.40909329297260033,0.11832763999700546,0.1276964247226715,0.17610347270965576,1.0
T03,1,BG6,0.1136249881409148,0.15351694104930314,0.07682158482196877,0.12056079541948461,-0.04373921059751584,0.3101302981376648,0.28630560636520386,0.27274075150489807,1.0
T03,1,BG7,0.13201817844268632,0.15323063783373267,0.053621146244714035,0.020434945184892528,0.03318620105982151,0.14728647470474243,0.1393888145685196,0.1442766934633255,1.0
T03,1,BG8,0.17950591825001674,0.12567338772726952,0.13449390081236323,0.07236276238438144,0.06213113842798179,0.7361791729927063,0.6371675729751587,0.682907223701477,1.0
T03,1,BG9,0.06100082675040739,0.10495640174603622,0.06982928781254949,0.1010866041359001,-0.031257316323350604,0.18854303658008575,0.17537721991539001,0.16948387026786804,1.0
T03,2,BG1,0.023714595223265925,0.07121231001585172,-0.04529306628288987,-0.6056078035814922,0.5603147372986024,0.03716724365949631,0.03885067254304886,0.05967603251338005,1.0
T03,2,BG10,0.16847054249686014,0.12491219317058773,0.10047947417341374,-0.05510534321988936,0.1555848173933031,0.6861244440078735,0.6171830296516418,0.7239335775375366,1.0
T03,2,BG11,0.06931330376971477,0.11563709439228143,0.11481218161067963,-0.25501316092560744,0.36982534253628707,0.15324446558952332,0.1356501430273056,0.19232383370399475,1.0
T03,2,BG12,0.06165423086177069,0.13017358770000878,0.08357424470834018,-0.7111964053576616,0.7947706500660018,0.0746382623910904,0.06840043514966965,0.12772074341773987,1.0
T03,2,BG13,0.05653908370698648,0.13017239595643668,0.0007268323354842066,-0.7063457781900904,0.7070726105255746,0.061087749898433685,0.06104335933923721,0.10423684120178223,1.0
T03,2,BG14,0.06753282315228404,0.10041962202064385,0.10708468650652392,-0.21493875787038141,0.32202344437690533,0.17734912037849426,0.15835775434970856,0.21546833217144012,1.0
T03,2,BG15,0.03793488615136225,0.09194979562242844,0.05274597694406735,-0.16089715167381669,0.21364312861788404,0.060067951679229736,0.05689961835741997,0.06973272562026978,1.0
T03,2,BG2,0.02491038491307804,0.08135945938682955,-0.02749235848990561,-1.0589475047089216,1.031455146219016,0.030999675393104553,0.03185193985700607,0.06382672488689423,1.0
T03,2,BG3,0.027360477277147938,0.07649146643385868,0.021330028310848625,-0.10532703055888404,0.12665705886973266,0.033381495624780655,0.03266947716474533,0.036897480487823486,1.0
T03,2,BG4,0.02512186713584165,0.07531481251489834,-0.06550993232507052,0.036783636154195776,-0.1022935684792663,0.04974397271871567,0.05300270766019821,0.04791421815752983,1.0
T03,2,BG5,0.10818752909470403,0.14557794202281113,-0.04421689937472051,-0.8222045534176736,0.7779876540429531,0.1568092554807663,0.16374288499355316,0.2857385575771332,1.0
T03,2,BG6,0.11564968052574365,0.1504412905973727,0.05428901614154058,-0.090095528674633,0.14438454481617358,0.15313303470611572,0.14481960237026215,0.16692964732646942,1.0
T03,2,BG7,0.12920174621154673,0.15598500167475085,-0.009299681064300902,-0.20699084777603627,0.19769116671173537,0.15959742665290833,0.16108164191246033,0.19263264536857605,1.0
T03,2,BG8,0.18502546033373898,0.12888066122983233,0.09060057802433918,-0.0020331666404656,0.09263374466480478,0.8681052923202515,0.789454460144043,0.8698703050613403,1.0
T03,2,BG9,0.061415850387578214,0.10414736029469591,0.039233319967567626,0.10267989946957778,-0.06344657950201016,0.2042158544063568,0.1962037980556488,0.18324699997901917,1.0
T04,0,BG1,0.012202653059549215,0.03737736075600768,0.004775301471952376,0.17340266155274398,-0.1686273600807916,0.2660529315471649,0.26478245854377747,0.2199186533689499,1.0
T04,0,BG10,0.04560317716665985,0.05457979845793537,0.07379388829395139,0.13408090623289926,-0.06028701793894786,0.2780517637729645,0.2575332522392273,0.2407703399658203,1.0
T04,0,BG11,0.03867528950982816,0.05242528167569214,0.04777767587833215,0.07794250965302008,-0.030164833774687927,0.1315905898809433,0.1253035068511963,0.12133409827947617,1.0
T04,0,BG12,0.04558485545655505,0.05880322736278957,0.0949213834232766,0.16013943994191937,-0.06521805651864276,0.114918053150177,0.10400988161563873,0.09651514887809753,1.0
T04,0,BG13,0.041527892975474295,0.057909258838091726,-0.18462181323433957,-0.3821227658830144,0.19750095264867484,0.17303702235221863,0.2049834430217743,0.23915842175483704,1.0
T04,0,BG14,0.04057580339322079,0.046891124460973856,0.10053333694629518,0.10975485827177889,-0.009221521325483706,0.3030932545661926,0.272622287273407,0.26982730627059937,1.0
T04,0,BG15,0.027633969366495037,0.04515099292413208,-0.0047365742431833,-0.04001426584730683,0.03527769160412353,0.25915101170539856,0.26037850975990295,0.26952075958251953,1.0
T04,0,BG2,0.013125229335987356,0.04025756768383995,-0.08876856023845403,0.04029877632690426,-0.1290673365653583,0.2941129803657532,0.3202209770679474,0.28226059675216675,1.0
T04,0,BG3,0.014129729746415845,0.03748449716751768,-0.10316765936244043,-0.006243207741321921,-0.09692445162111851,0.129903644323349,0.14330551028251648,0.13071466982364655,1.0
T04,0,BG4,0.01568003544953128,0.03678577136771843,0.126322092461834,0.04751111365734284,0.07881097880449117,0.0881999284029007,0.0770583376288414,0.08400946110486984,1.0
T04,0,BG5,0.053139200488365256,0.06742269229471688,0.015600621525074687,-0.054811334059327255,0.07041195558440194,0.7489795684814453,0.7372950315475464,0.790032148361206,1.0
T04,0,BG6,0.04712423841113556,0.0680127926536228,-0.0012854525565630937,-0.3095840215238177,0.3082985689672546,0.4199063181877136,0.42044609785079956,0.549902617931366,1.0
T04,0,BG7,0.07799136663696542,0.07255239760264466,-0.17294681129299883,-0.5037576694440864,0.3308108581510876,0.1257866621017456,0.1475410759449005,0.18915267288684845,1.0
T04,0,BG8,0.07502534228970616,0.05875110716837043,0.08327947356539511,0.07406573020969531,0.0092137433556998,0.7492254972457886,0.6868304014205933,0.6937335729598999,1.0
T04,0,BG9,0.052231338965472725,0.055343008324611094,0.07627728488732854,0.04388519534226676,0.032392089545061786,0.17922285199165344,0.16555222868919373,0.1713576316833496,1.0
T04,1,BG1,0.012147653828679593,0.038981998892374914,-0.14602006544204804,0.11315348911387058,-0.2591735545559186,0.03305840119719505,0.037885602563619614,0.029317736625671387,1.0
T04,1,BG10,0.04738575011406076,0.05650497516301952,0.04055976815250317,0.16334251460626603,-0.12278274645376286,0.16415752470493317,0.15749934315681458,0.137343630194664,1.0
T04,1,BG11,0.039671297319692045,0.054017924697749825,-0.05760143478734414,-0.1471297475604494,0.08952831277310525,0.14309577643871307,0.15133830904960632,0.1641494333744049,1.0
T04,1,BG12,0.0479593635036453,0.06096222919859728,0.09518141732998109,0.07025221593564679,0.0249292013943343,0.20015236735343933,0.18110159039497375,0.18609122931957245,1.0
T04,1,BG13,0.04297741903950336,0.05974276096413794,-0.013402568875924947,-0.057203472965299706,0.04380090408937476,0.15004852414131165,0.15205956995487213,0.158631831407547,1.0
T04,1,BG14,0.042817285978124835,0.04745086400169927,0.13717291128773057,0.08658263156419288,0.05059027972353769,0.25746259093284607,0.2221457064151764,0.23517081141471863,1.0
T04,1,BG15,0.027024824135705835,0.044944134963210765,-0.15526147370734367,-0.018433950905709207,-0.13682752280163446,0.07383411377668381,0.08529771864414215,0.07519517838954926,1.0
T04,1,BG2,0.013228619096004401,0.041557821778784816,0.13116511548106768,0.3059612513990949,-0.17479613591802723,0.041849639266729355,0.03636043518781662,0.02904527820646763,1.0
T04,1,BG3,0.01407561621943665,0.03836722423234084,0.0026024313398305132,-0.17207782880646416,0.17468026014629467,0.06199200823903084,0.06183068826794624,0.07265947014093399,1.0
T04,1,BG4,0.015536252739022908,0.03665624813261317,0.18448386770432867,0.07324531434167525,0.11123855336265343,0.05902206152677536,0.048133451491594315,0.05469898134469986,1.0
T04,1,BG5,0.05373218566400192,0.06694307990130068,-0.009805847085434971,-0.1880516279329152,0.17824578084748022,0.14346173405647278,0.14486850798130035,0.1704399585723877,1.0
T04,1,BG6,0.04686820278005414,0.06812126227423594,0.00013189244989486593,-0.37832446933577724,0.3784563617856721,0.2917892336845398,0.2917507588863373,0.4021802544593811,1.0
T04,1,BG7,0.07850162481228655,0.07487785829330096,-0.08156092827384076,-0.25758465122572627,0.1760237229518855,0.1338939368724823,0.14481446146965027,0.16838297247886658,1.0
T04,1,BG8,0.08231681149027789,0.06142681652259021,0.12899781115897113,0.07343668164805106,0.05556112951092007,0.4974413812160492,0.4332725405693054,0.46091094613075256,1.0
T04,1,BG9,0.052504435423776384,0.057127667589797315,0.06402990425839183,0.08041766417572194,-0.016387759917330103,0.2804747223854065,0.26251596212387085,0.2579196095466614,1.0
T04,2,BG1,0.011805518316334312,0.045637424208527545,0.07222612200209833,0.1725158073554357,-0.10028968535333738,0.184153750538826,0.17085304856300354,0.15238432586193085,1.0
T04,2,BG10,0.04305875127511744,0.06374085779472143,-0.06490096652245358,-0.150576648190744,0.08567568166829043,0.17289504408836365,0.18411611020565033,0.19892901182174683,1.0
T04,2,BG11,0.037445412098442016,0.06144955440945066,0.012430042914161943,-0.10815825681836988,0.12058829973253182,0.2615026831626892,0.25825220346450806,0.28978636860847473,1.0
T04,2,BG12,0.044236166501652054,0.0702941450745876,-0.08822402947886432,-0.45035755298873803,0.3621335235098737,0.13791748881340027,0.15008513629436493,0.20002968609333038,1.0
T04,2,BG13,0.040684798104572976,0.06969843014563255,0.0551014796639564,-0.3228413273325097,0.3779428069964661,0.1764679104089737,0.16674427688121796,0.23343905806541443,1.0
T04,2,BG14,0.03805532014997793,0.055518295354965386,-0.08179884581345265,-0.3626839510156412,0.28088510520218857,0.14398318529129028,0.15576085448265076,0.1962035894393921,1.0
T04,2,BG15,0.026510598882220227,0.05466736135479725,0.07516850585322676,-0.023342909175085635,0.0985114150283124,0.22955353558063507,0.21229834854602814,0.2349119931459427,1.0
T04,2,BG2,0.012735496577176887,0.04861010676323899,0.06049691442282523,0.056534077858833576,0.003962836563991656,0.2223045527935028,0.20885582268238068,0.20973677933216095,1.0
T04,2,BG3,0.013909677029817899,0.04522104646471667,0.020860777982510403,0.1431836283702147,-0.1223228503877043,0.13848181068897247,0.135592982172966,0.11865349113941193,1.0
T04,2,BG4,0.015280452169302289,0.04603124002936001,0.03969634137084699,-0.038569825648584466,0.07826616701943145,0.07654634118080139,0.07350774109363556,0.07949873059988022,1.0
T04,2,BG5,0.05233464699106058,0.08188750843214943,0.021065176015085396,-0.12378908461043103,0.14485426062551643,0.4928587079048157,0.4824765622615814,0.5538692474365234,1.0
T04,2,BG6,0.04550942645075771,0.07876513543712486,0.042194259500856535,-0.18513657152735696,0.2273308310282135,0.42714962363243103,0.4091263711452484,0.5062306523323059,1.0
T04,2,BG7,0.07650430234944718,0.08593374589008936,-0.045669441543405576,-0.43861267219295197,0.3929432306495464,0.08708176016807556,0.09105874598026276,0.12527693808078766,1.0
T04,2,BG8,0.06984074977956882,0.0733691065687559,-0.26909837775688783,-0.31133488400373577,0.04223650624684794,0.14074046909809113,0.17861351370811462,0.18455789983272552,1.0
T04,2,BG9,0.05010112068208939,0.06520337535845462,0.02796974573309563,-0.019215860725286138,0.04718560645838177,0.3658498227596283,0.35561710596084595,0.3728799521923065,1.0
T05,0,BG1,0.013746109274772227,0.0415146840246235,0.19351041646382416,0.24761679290947491,-0.05410637644565075,0.0537986159324646,0.04338803142309189,0.04047718271613121,1.0
T05,0,BG10,0.1292320135166052,0.07241534081886264,0.20766051613217584,0.15788639242991542,0.04977412370226042,0.41817569732666016,0.3313371241092682,0.35215145349502563,1.0
T05,0,BG11,0.06370348883432403,0.06660281064345404,0.18301157142117086,0.34601380741780763,-0.16300223599663677,0.19457247853279114,0.15896347165107727,0.12724772095680237,1.0
T05,0,BG12,0.08669637814367037,0.06964200045355932,0.23722545483230817,0.22182751899165132,0.015397935840656851,0.2655084729194641,0.2025231122970581,0.20661139488220215,1.0
T05,0,BG13,0.07211726196654533,0.06708818056318983,0.2551658635919868,0.23376757187092878,0.021398291721058005,0.14499881863594055,0.10800007730722427,0.11110280454158783,1.0
T05,0,BG14,0.13751756773145227,0.05702791911144306,0.21702441935278516,0.10117486700003764,0.11584955235274752,0.45726507902145386,0.3580273985862732,0.4110013544559479,1.0
T05,0,BG15,0.04733937691995976,0.05176636384189507,0.16427401616253723,0.21938990439147277,-0.05511588822893554,0.16040408611297607,0.13405387103557587,0.12521305680274963,1.0
T05,0,BG2,0.016009388293649732,0.04377447374911452,0.043799882730448325,0.2160174280389514,-0.17221754530850308,0.11182012408971786,0.10692242532968521,0.08766503632068634,1.0
T05,0,BG3,0.02374371534821225,0.04078125075359504,0.09333632781436796,-0.017928092649909244,0.1112644204642772,0.11615358293056488,0.10531224310398102,0.1182360053062439,1.0
T05,0,BG4,0.022820100724853475,0.0388731071069803,0.14121930411960715,0.15937932785387332,-0.018160023734266173,0.11133556067943573,0.09561283886432648,0.09359098225831985,1.0
T05,0,BG5,0.06296239714466931,0.07956454973080918,0.1544423405817298,0.22992937413757242,-0.07548703355584263,0.11118993908166885,0.09401751309633255,0.08562411367893219,1.0
T05,0,BG6,0.060636994055289405,0.09225462378643051,0.08108619031621322,0.5689659483829845,-0.4878797580667713,0.10951253026723862,0.10063258558511734,0.047203633934259415,1.0
T05,0,BG7,0.09656949558081611,0.09658071548455804,0.1699025046767093,0.1915541355352567,-0.021651630858547377,0.32435697317123413,0.2692479193210602,0.26222506165504456,1.0
T05,0,BG8,0.19003646359173254,0.08603086207062428,0.24824616504950203,0.07595407824307487,0.17229208680642716,0.5112369060516357,0.384324312210083,0.47240638732910156,1.0
T05,0,BG9,0.09242114967292664,0.07595696574201606,0.12508818266987032,0.12027581663512976,0.004812366034740556,0.2321518361568451,0.20311239361763,0.20422959327697754,1.0
T05,1,BG1,0.014610405261198056,0.03895904892503154,-0.05005670581729316,0.23940120750871408,-0.28945791332600723,0.061909765005111694,0.06500877439975739,0.04708850011229515,1.0
T05,1,BG10,0.16174431911178191,0.07609593685813461,0.1709142514062254,0.05443879958450215,0.11647545182172325,1.4414724111557007,1.1951042413711548,1.3630003929138184,1.0
T05,1,BG11,0.07871679657927892,0.06969348398562555,0.08113451154421114,0.19631877293442745,-0.11518426139021631,0.5325934290885925,0.48938173055648804,0.42803534865379333,1.0
T05,1,BG12,0.11972720708852624,0.07394972406553142,0.23441392308737896,0.10330437261343861,0.13110955047394035,0.7732623219490051,0.5919988751411438,0.6933809518814087,1.0
T05,1,BG13,0.09937765017120703,0.0708776865716131,0.13731259523830508,0.12087689695071557,0.016435698287589506,0.5821459889411926,0.5022100210189819,0.5117779970169067,1.0
T05,1,BG14,0.1802885065915714,0.058313668040038735,0.18111457257598562,0.03607645735646425,0.14503811521952137,1.9780147075653076,1.619767427444458,1.906654953956604,1.0
T05,1,BG15,0.06152360265086385,0.05358041171771991,0.0832068933199811,0.15918792736068332,-0.07598103404070222,0.2521299719810486,0.2311510294675827,0.21199393272399902,1.0
T05,1,BG2,0.017683865934539605,0.04218326934575492,0.031248825558814586,0.16042781319195076,-0.12917898763313618,0.15867622196674347,0.1537177860736847,0.1332201510667801,1.0
T05,1,BG3,0.0260478001566489,0.04034360824997716,0.020216877120423526,0.0020488541871033217,0.018168022933320205,0.1754714399576187,0.17192396521568298,0.17511193454265594,1.0
T05,1,BG4,0.026176633633469268,0.03719058262534001,0.1413964803868657,0.12767881140581872,0.013717668981046982,0.1504479944705963,0.12917518615722656,0.13123898208141327,1.0
T05,1,BG5,0.07380068018409335,0.08363390908526358,0.2425034929501415,0.28313938591505006,-0.04063589296490855,0.1336168497800827,0.10121430456638336,0.09578466415405273,1.0
T05,1,BG6,0.059105791693045646,0.09739834708570222,0.03735538230209956,-0.7164186254778946,0.7537740077799941,0.15733344852924347,0.15145620703697205,0.2700500786304474,1.0
T05,1,BG7,0.10290431941805256,0.10327342671093638,0.11828004860753505,0.2306091471333087,-0.11232909852577366,0.2620825171470642,0.23108339309692383,0.2016438990831375,1.0
T05,1,BG8,0.24137845921051446,0.09049084015326118,0.22075678606918936,0.04646532039193474,0.17429146567725462,2.017444133758545,1.5720796585083008,1.9237029552459717,1.0
T05,1,BG9,0.12780758255518898,0.08020797678156703,0.1570384466167346,0.08338977476307796,0.07364867185365664,0.9366976022720337,0.7896000742912292,0.8585866093635559,1.0
T05,2,BG1,0.013184737092125927,0.04394340476765433,-0.03503780211889951,0.20129732957567814,-0.23633513169457765,0.09138093888759613,0.09458273649215698,0.07298620790243149,1.0
T05,2,BG10,0.1545513594533981,0.07428012203944856,0.16455227141428574,0.049884883500242894,0.11466738791404285,1.3352118730545044,1.11549973487854,1.2686049938201904,1.0
T05,2,BG11,0.07025817569105207,0.06904753259685786,0.163775779569738,0.10157848362471633,0.06219729594502166,0.4684630334377289,0.3917401432991028,0.42087727785110474,1.0
T05,2,BG12,0.11124879160893704,0.07234134688214089,0.1596987366687388,0.05636910569294684,0.10332963097579195,0.9600540995597839,0.8067346811294556,0.9059367179870605,1.0
T05,2,BG13,0.09109864467477831,0.06979014558144735,0.2062954976961251,0.06910268184572932,0.13719281585039578,0.6426599025726318,0.5100820660591125,0.5982503890991211,1.0
T05,2,BG14,0.17524169317762164,0.059220403742002686,0.15959066806848898,0.047754919954069774,0.11183574811441921,1.5224193334579468,1.2794554233551025,1.449716329574585,1.0
T05,2,BG15,0.056234605593315966,0.054990130291873225,0.144662378107987,0.11054395462911537,0.03411842347887162,0.4467148184776306,0.3820919990539551,0.39733320474624634,1.0
T05,2,BG2,0.016371588270772872,0.046540055985409744,0.07276130675693993,0.3050881929680812,-0.23232688621114128,0.09594254940748215,0.0889616534113884,0.06667161732912064,1.0
T05,2,BG3,0.02388299680805946,0.043493168020253915,0.06069219856839636,0.01161360270431,0.04907859586408636,0.20720644295215607,0.19463063776493073,0.20480003952980042,1.0
T05,2,BG4,0.02456078035484814,0.04199767722061303,0.08841783977210571,0.05644026948712977,0.03197757028497594,0.2558152377605438,0.23319661617279053,0.24137696623802185,1.0
T05,2,BG5,0.06855734404546056,0.08229058495295989,0.3908174450251758,0.37239681903310384,0.01842062599207195,0.18627920746803284,0.11347804963588715,0.11690942943096161,1.0
T05,2,BG6,0.05908901057535846,0.09276612116194642,0.035069806905352885,-0.6170707096888721,0.652140516594225,0.13081254065036774,0.12622497975826263,0.21153314411640167,1.0
T05,2,BG7,0.10101484400014453,0.10086173743456484,0.15218821049865472,0.12301628766566242,0.029171922832992303,0.6440534591674805,0.5460361242294312,0.5648244023323059,1.0
T05,2,BG8,0.22622022448772552,0.0892430920074478,0.16092273714505057,0.009135642531402088,0.15178709461364848,2.099372386932373,1.76153564453125,2.080193281173706,1.0
T05,2,BG9,0.1133321730559692,0.07936214730234936,0.17402356745940872,-0.012029229944364506,0.18605279740377323,0.7913795113563538,0.6536608338356018,0.8008992075920105,1.0
