job,stage,exit_code,requested_CPU_GiB,CPU_HWM_GiB,GPU_allocator_peak_GiB,GPU_reserved_peak_GiB
49354,scripts/run_intervention.py,0,28.0,19.89011001586914,7.724151134490967,9.044921875
49328,scripts/run_sweep.py,1,28.0,19.842601776123047,7.753463268280029,9.056640625
49362,scripts/run_sweep.py,0,28.0,19.89551544189453,7.751998424530029,9.078125
49367,scripts/track_interventions.py,0,2.0,1.2793998718261719,1.910717487335205,2.306640625
49336,scripts/run_sweep.py,0,28.0,19.895553588867188,7.753463268280029,9.083984375
49335,scripts/run_sweep.py,0,28.0,19.888065338134766,7.753463268280029,9.083984375
49327,scripts/run_sweep.py,1,28.0,19.84085464477539,5.000480651855469,5.03125
49356,scripts/run_intervention.py,0,28.0,19.888202667236328,7.724151134490967,9.044921875
49329,scripts/run_sweep.py,0,28.0,19.89177703857422,7.753463268280029,9.08203125
49324,scripts/track_interventions.py,0,2.0,1.2488365173339844,1.9107160568237305,2.306640625
49323,scripts/run_intervention.py,0,28.0,19.894420623779297,7.70363187789917,9.033203125
49360,scripts/run_sweep.py,0,28.0,19.878253936767578,7.751998424530029,9.08203125
49359,scripts/run_sweep.py,0,28.0,19.886329650878906,7.751998424530029,9.078125
49361,scripts/run_sweep.py,0,28.0,19.881393432617188,7.751998424530029,9.08203125
49325,scripts/run_sweep.py,1,28.0,19.88953399658203,7.753463268280029,9.060546875
49326,scripts/run_sweep.py,1,28.0,19.841846466064453,5.000480651855469,5.03125
49358,scripts/track_interventions.py,0,2.0,1.2751960754394531,1.910717487335205,2.306640625
49330,scripts/run_sweep.py,0,28.0,19.886444091796875,7.753463268280029,9.08203125
