grouping,condition,metric,n,n_tasks,mean,median,ci_low,ci_high,median_ci_low,median_ci_high
pooled,baseline,Recovery,1,1,3.939238935046774e-10,3.939238935046774e-10,,,,
pooled,baseline,D_BG_px,1,1,25.3856143951416,25.3856143951416,,,,
pooled,baseline,D_int_px,1,1,25.3856143951416,25.3856143951416,,,,
pooled,baseline,ADE_GT,1,1,26.92188475270017,26.92188475270017,,,,
pooled,baseline,GT_ADE_improvement_px,1,1,0.0,0.0,,,,
pooled,early,Recovery,1,1,0.003258681323740409,0.003258681323740409,,,,
pooled,early,D_BG_px,1,1,25.3856143951416,25.3856143951416,,,,
pooled,early,D_int_px,1,1,25.30289077758789,25.30289077758789,,,,
pooled,early,ADE_GT,1,1,26.842745343048797,26.842745343048797,,,,
pooled,early,GT_ADE_improvement_px,1,1,0.07913940965137203,0.07913940965137203,,,,
pooled,full,Recovery,1,1,-0.036895877406372124,-0.036895877406372124,,,,
pooled,full,D_BG_px,1,1,25.3856143951416,25.3856143951416,,,,
pooled,full,D_int_px,1,1,26.32223892211914,26.32223892211914,,,,
pooled,full,ADE_GT,1,1,27.844098772149227,27.844098772149227,,,,
pooled,full,GT_ADE_improvement_px,1,1,-0.9222140194490628,-0.9222140194490628,,,,
pooled,late,Recovery,1,1,-0.05526067940746682,-0.05526067940746682,,,,
pooled,late,D_BG_px,1,1,25.3856143951416,25.3856143951416,,,,
pooled,late,D_int_px,1,1,26.788440704345703,26.788440704345703,,,,
pooled,late,ADE_GT,1,1,28.306156506187385,28.306156506187385,,,,
pooled,late,GT_ADE_improvement_px,1,1,-1.3842717534872226,-1.3842717534872226,,,,
pooled,early_minus_late,Delta_EL,1,1,0.058519360731207226,0.058519360731207226,,,,
Original,baseline,Recovery,1,1,3.939238935046774e-10,3.939238935046774e-10,,,,
Original,baseline,D_BG_px,1,1,25.3856143951416,25.3856143951416,,,,
Original,baseline,D_int_px,1,1,25.3856143951416,25.3856143951416,,,,
Original,baseline,ADE_GT,1,1,26.92188475270017,26.92188475270017,,,,
Original,baseline,GT_ADE_improvement_px,1,1,0.0,0.0,,,,
Original,early,Recovery,1,1,0.003258681323740409,0.003258681323740409,,,,
Original,early,D_BG_px,1,1,25.3856143951416,25.3856143951416,,,,
Original,early,D_int_px,1,1,25.30289077758789,25.30289077758789,,,,
Original,early,ADE_GT,1,1,26.842745343048797,26.842745343048797,,,,
Original,early,GT_ADE_improvement_px,1,1,0.07913940965137203,0.07913940965137203,,,,
Original,full,Recovery,1,1,-0.036895877406372124,-0.036895877406372124,,,,
Original,full,D_BG_px,1,1,25.3856143951416,25.3856143951416,,,,
Original,full,D_int_px,1,1,26.32223892211914,26.32223892211914,,,,
Original,full,ADE_GT,1,1,27.844098772149227,27.844098772149227,,,,
Original,full,GT_ADE_improvement_px,1,1,-0.9222140194490628,-0.9222140194490628,,,,
Original,late,Recovery,1,1,-0.05526067940746682,-0.05526067940746682,,,,
Original,late,D_BG_px,1,1,25.3856143951416,25.3856143951416,,,,
Original,late,D_int_px,1,1,26.788440704345703,26.788440704345703,,,,
Original,late,ADE_GT,1,1,28.306156506187385,28.306156506187385,,,,
Original,late,GT_ADE_improvement_px,1,1,-1.3842717534872226,-1.3842717534872226,,,,
Original,early_minus_late,Delta_EL,1,1,0.058519360731207226,0.058519360731207226,,,,
T01,early_minus_late,Delta_EL,0,,,,,,,
T02,early_minus_late,Delta_EL,0,,,,,,,
T03,early_minus_late,Delta_EL,0,,,,,,,
T04,early_minus_late,Delta_EL,0,,,,,,,
T05,early_minus_late,Delta_EL,0,,,,,,,
