task,seed,background,centroid_mean_pixel_change_21_vs_41_input,centroid_max_pixel_change_21_vs_41_input,all_points_visibility_fraction_21_input,source_frames_identical
Original,0,BG0,0.0414576530456543,0.27019479870796204,1.0,True
Original,0,BG1,0.04023889824748039,0.1657867580652237,1.0,True
Original,0,BG2,0.031998928636312485,0.21698875725269318,1.0,True
Original,0,BG3,0.037203967571258545,0.16403959691524506,1.0,True
Original,0,BG4,0.03942716121673584,0.15777073800563812,1.0,True
Original,0,BG5,0.031598083674907684,0.08895871043205261,1.0,True
Original,0,BG6,0.03928859531879425,0.1016683578491211,1.0,True
Original,0,BG7,0.039119768887758255,0.16313692927360535,1.0,True
Original,0,BG8,0.21087436378002167,0.43281957507133484,1.0,True
Original,0,BG9,0.05046721547842026,0.09787517786026001,1.0,True
Original,0,BG10,0.036723874509334564,0.07208202034235,1.0,True
Original,0,BG11,0.038479696959257126,0.08140463382005692,1.0,True
Original,0,BG12,0.04656597226858139,0.23799778521060944,1.0,True
Original,0,BG13,0.03621301427483559,0.21798793971538544,1.0,True
Original,0,BG14,0.03366366773843765,0.06820224970579147,1.0,True
Original,0,BG15,0.031857676804065704,0.13754580914974213,1.0,True
Original,1,BG0,0.04341692104935646,0.11895718425512314,1.0,True
Original,1,BG1,0.04007258266210556,0.12240691483020782,1.0,True
Original,1,BG2,0.04989605396986008,0.11675932258367538,1.0,True
Original,1,BG3,0.03334759175777435,0.10067012161016464,1.0,True
Original,1,BG4,0.04168951138854027,0.10968584567308426,1.0,True
Original,1,BG5,0.03306223079562187,0.10714782774448395,1.0,True
Original,1,BG6,0.025141200050711632,0.11660810559988022,1.0,True
Original,1,BG7,0.0365760363638401,0.11409071832895279,1.0,True
Original,1,BG8,0.026952600106596947,0.07177525758743286,1.0,True
Original,1,BG9,0.03497261926531792,0.11245208233594894,1.0,True
Original,1,BG10,0.046728670597076416,0.11934152245521545,1.0,True
Original,1,BG11,0.03152693435549736,0.11196330189704895,1.0,True
Original,1,BG12,0.03589583560824394,0.10771209746599197,1.0,True
Original,1,BG13,0.04597392678260803,0.09822849184274673,1.0,True
Original,1,BG14,0.024701625108718872,0.0878322497010231,1.0,True
Original,1,BG15,0.03494870290160179,0.06978587061166763,1.0,True
Original,2,BG0,0.057437725365161896,0.2781144380569458,1.0,True
Original,2,BG1,0.05713825300335884,0.2834051251411438,1.0,True
Original,2,BG2,0.05486229062080383,0.2804601490497589,1.0,True
Original,2,BG3,0.04657621309161186,0.22786648571491241,1.0,True
Original,2,BG4,0.044887397438287735,0.21831797063350677,1.0,True
Original,2,BG5,0.04379800334572792,0.18292681872844696,1.0,True
Original,2,BG6,0.02780388668179512,0.08194550126791,1.0,True
Original,2,BG7,0.05038953945040703,0.2529967427253723,1.0,True
Original,2,BG8,0.16571959853172302,0.41149768233299255,0.95,True
Original,2,BG9,0.04062391445040703,0.1397964209318161,1.0,True
Original,2,BG10,0.06722867488861084,0.30504968762397766,1.0,True
Original,2,BG11,0.027353430166840553,0.0708332434296608,1.0,True
Original,2,BG12,0.050302982330322266,0.26703688502311707,1.0,True
Original,2,BG13,0.055150724947452545,0.2308005392551422,1.0,True
Original,2,BG14,0.035544347018003464,0.14211870729923248,1.0,True
Original,2,BG15,0.03783591464161873,0.15900276601314545,1.0,True
T01,0,BG0,0.023177413269877434,0.09648177772760391,1.0,True
T01,0,BG1,0.022157197818160057,0.07571892440319061,1.0,True
T01,0,BG2,0.022100035101175308,0.08342298865318298,1.0,True
T01,0,BG3,0.025372635573148727,0.10835876315832138,1.0,True
T01,0,BG4,0.022049132734537125,0.0447491891682148,1.0,True
T01,0,BG5,0.025865446776151657,0.09441011399030685,1.0,True
T01,0,BG6,0.02750072255730629,0.09448005259037018,1.0,True
T01,0,BG7,0.025385260581970215,0.05386684834957123,1.0,True
T01,0,BG8,0.02594834193587303,0.08021312206983566,1.0,True
T01,0,BG9,0.03479144349694252,0.16078485548496246,1.0,True
T01,0,BG10,0.03237790986895561,0.0707915723323822,1.0,True
T01,0,BG11,0.024587363004684448,0.08164305984973907,1.0,True
T01,0,BG12,0.02208092249929905,0.07090356945991516,1.0,True
T01,0,BG13,0.026446351781487465,0.1150156781077385,1.0,True
T01,0,BG14,0.028189819306135178,0.07614307105541229,1.0,True
T01,0,BG15,0.023318761959671974,0.07954953610897064,1.0,True
T01,1,BG0,0.02106574922800064,0.05801171809434891,1.0,True
T01,1,BG1,0.022345121949911118,0.05613340437412262,1.0,True
T01,1,BG2,0.02750244177877903,0.06048550084233284,1.0,True
T01,1,BG3,0.023224418982863426,0.05233098566532135,1.0,True
T01,1,BG4,0.020821109414100647,0.05454306676983833,1.0,True
T01,1,BG5,0.02817622944712639,0.05797469988465309,1.0,True
T01,1,BG6,0.023007113486528397,0.053431831300258636,1.0,True
T01,1,BG7,0.021796228364109993,0.046355489641427994,1.0,True
T01,1,BG8,0.021367819979786873,0.0398574098944664,1.0,True
T01,1,BG9,0.028181716799736023,0.058501794934272766,1.0,True
T01,1,BG10,0.03297450765967369,0.05805766209959984,1.0,True
T01,1,BG11,0.028836145997047424,0.06106043979525566,1.0,True
T01,1,BG12,0.026867713779211044,0.06245753541588783,1.0,True
T01,1,BG13,0.024699321016669273,0.07071889191865921,1.0,True
T01,1,BG14,0.02489250898361206,0.05900999531149864,1.0,True
T01,1,BG15,0.02247917838394642,0.07327953726053238,1.0,True
T01,2,BG0,0.0309237539768219,0.07542895525693893,1.0,True
T01,2,BG1,0.030606770887970924,0.08246078342199326,1.0,True
T01,2,BG2,0.032659776508808136,0.0734848603606224,1.0,True
T01,2,BG3,0.03159252181649208,0.09184557944536209,1.0,True
T01,2,BG4,0.034822382032871246,0.07767128944396973,1.0,True
T01,2,BG5,0.02841363474726677,0.06524291634559631,1.0,True
T01,2,BG6,0.024347007274627686,0.0520818866789341,1.0,True
T01,2,BG7,0.040009669959545135,0.08766360580921173,1.0,True
T01,2,BG8,0.02668396756052971,0.0663730651140213,1.0,True
T01,2,BG9,0.035347066819667816,0.08093839138746262,1.0,True
T01,2,BG10,0.03818226605653763,0.09252302348613739,1.0,True
T01,2,BG11,0.028338756412267685,0.05873692408204079,1.0,True
T01,2,BG12,0.038902439177036285,0.0858592838048935,1.0,True
T01,2,BG13,0.03397560119628906,0.08845316618680954,1.0,True
T01,2,BG14,0.03151073306798935,0.07464893162250519,1.0,True
T01,2,BG15,0.03368066996335983,0.07542194426059723,1.0,True
T02,0,BG0,0.030326295644044876,0.08482380211353302,1.0,True
T02,0,BG1,0.033126890659332275,0.09145597368478775,1.0,True
T02,0,BG2,0.030024876818060875,0.0757187083363533,1.0,True
T02,0,BG3,0.026430919766426086,0.0714951753616333,1.0,True
T02,0,BG4,0.030480723828077316,0.0827135369181633,1.0,True
T02,0,BG5,0.04018350690603256,0.08409913629293442,1.0,True
T02,0,BG6,0.03914850205183029,0.13431482017040253,1.0,True
T02,0,BG7,0.028176281601190567,0.09561196714639664,1.0,True
T02,0,BG8,0.03257044032216072,0.1561715453863144,1.0,True
T02,0,BG9,0.038580335676670074,0.10711906105279922,1.0,True
T02,0,BG10,0.03824174776673317,0.12185602635145187,1.0,True
T02,0,BG11,0.03821103274822235,0.16049234569072723,1.0,True
T02,0,BG12,0.03346530720591545,0.09316783398389816,1.0,True
T02,0,BG13,0.030367013067007065,0.07036462426185608,1.0,True
T02,0,BG14,0.04310569912195206,0.1711146980524063,1.0,True
T02,0,BG15,0.02833346091210842,0.07909566164016724,1.0,True
T02,1,BG0,0.03008224628865719,0.10132905095815659,1.0,True
T02,1,BG1,0.03727632015943527,0.12801820039749146,1.0,True
T02,1,BG2,0.031768571585416794,0.10663017630577087,1.0,True
T02,1,BG3,0.032896094024181366,0.14393049478530884,1.0,True
T02,1,BG4,0.03214799240231514,0.13716864585876465,1.0,True
T02,1,BG5,0.04319830611348152,0.17141537368297577,1.0,True
T02,1,BG6,0.03447733446955681,0.15649715065956116,1.0,True
T02,1,BG7,0.04237525910139084,0.14059221744537354,1.0,True
T02,1,BG8,0.031532447785139084,0.15549932420253754,1.0,True
T02,1,BG9,0.04208282381296158,0.18513591587543488,1.0,True
T02,1,BG10,0.04310303181409836,0.17918668687343597,1.0,True
T02,1,BG11,0.03595319017767906,0.12751823663711548,1.0,True
T02,1,BG12,0.03959106281399727,0.1830228716135025,1.0,True
T02,1,BG13,0.04431713744997978,0.17124101519584656,1.0,True
T02,1,BG14,0.03049013391137123,0.10229313373565674,1.0,True
T02,1,BG15,0.03572098910808563,0.18216665089130402,1.0,True
T02,2,BG0,0.05041865259408951,0.121492400765419,1.0,True
T02,2,BG1,0.04412434622645378,0.11255493760108948,1.0,True
T02,2,BG2,0.04106876999139786,0.11632432788610458,1.0,True
T02,2,BG3,0.03957630321383476,0.1248149573802948,1.0,True
T02,2,BG4,0.039630044251680374,0.11803987622261047,1.0,True
T02,2,BG5,0.05344926193356514,0.14832621812820435,1.0,True
T02,2,BG6,0.050616659224033356,0.13789065182209015,1.0,True
T02,2,BG7,0.0533190593123436,0.13799923658370972,1.0,True
T02,2,BG8,0.023744480684399605,0.05302263796329498,1.0,True
T02,2,BG9,0.05048305541276932,0.13266825675964355,1.0,True
T02,2,BG10,0.029719268903136253,0.14839014410972595,1.0,True
T02,2,BG11,0.03202163055539131,0.11805363744497299,1.0,True
T02,2,BG12,0.04987069591879845,0.12768001854419708,1.0,True
T02,2,BG13,0.044619083404541016,0.1410810798406601,1.0,True
T02,2,BG14,0.03660621866583824,0.1128440648317337,1.0,True
T02,2,BG15,0.039162006229162216,0.12516455352306366,1.0,True
T03,0,BG0,0.029726291075348854,0.07327254861593246,1.0,True
T03,0,BG1,0.02774527296423912,0.08594100922346115,1.0,True
T03,0,BG2,0.030683021992444992,0.08325415104627609,1.0,True
T03,0,BG3,0.03987004607915878,0.1119631826877594,1.0,True
T03,0,BG4,0.03101617470383644,0.0914514809846878,1.0,True
T03,0,BG5,0.032909929752349854,0.08879847824573517,1.0,True
T03,0,BG6,0.040249597281217575,0.11924184858798981,1.0,True
T03,0,BG7,0.023579593747854233,0.06517592072486877,1.0,True
T03,0,BG8,0.03953759744763374,0.0978286862373352,1.0,True
T03,0,BG9,0.03403410315513611,0.11506159603595734,1.0,True
T03,0,BG10,0.02947986125946045,0.08667134493589401,1.0,True
T03,0,BG11,0.035453446209430695,0.1161682978272438,1.0,True
T03,0,BG12,0.029956113547086716,0.07119715213775635,1.0,True
T03,0,BG13,0.026745107024908066,0.08001982420682907,1.0,True
T03,0,BG14,0.03946444019675255,0.11661433428525925,1.0,True
T03,0,BG15,0.036722540855407715,0.10784988105297089,1.0,True
T03,1,BG0,0.027714405208826065,0.13371782004833221,1.0,True
T03,1,BG1,0.029876481741666794,0.1141592487692833,1.0,True
T03,1,BG2,0.030774831771850586,0.1050957664847374,1.0,True
T03,1,BG3,0.03139479085803032,0.1266104131937027,1.0,True
T03,1,BG4,0.032081715762615204,0.12227476388216019,1.0,True
T03,1,BG5,0.032055437564849854,0.10984306782484055,1.0,True
T03,1,BG6,0.039293013513088226,0.11193864047527313,1.0,True
T03,1,BG7,0.039973583072423935,0.16223545372486115,1.0,True
T03,1,BG8,0.03264599293470383,0.1390855759382248,1.0,True
T03,1,BG9,0.03880781680345535,0.1315430998802185,1.0,True
T03,1,BG10,0.03031335398554802,0.0959639698266983,1.0,True
T03,1,BG11,0.024112194776535034,0.09041599184274673,1.0,True
T03,1,BG12,0.030941128730773926,0.10477320849895477,1.0,True
T03,1,BG13,0.032337773591279984,0.11548759043216705,1.0,True
T03,1,BG14,0.026195043697953224,0.11948179453611374,1.0,True
T03,1,BG15,0.030672933906316757,0.11783289909362793,1.0,True
T03,2,BG0,0.023722246289253235,0.07498158514499664,1.0,True
T03,2,BG1,0.024203147739171982,0.09448421001434326,1.0,True
T03,2,BG2,0.023164164274930954,0.10738476365804672,1.0,True
T03,2,BG3,0.02417706325650215,0.08282607048749924,1.0,True
T03,2,BG4,0.02372075989842415,0.08868604898452759,1.0,True
T03,2,BG5,0.030563557520508766,0.11363827437162399,1.0,True
T03,2,BG6,0.02864803746342659,0.06889748573303223,1.0,True
T03,2,BG7,0.028797786682844162,0.12080688774585724,1.0,True
T03,2,BG8,0.030216719955205917,0.051678407937288284,1.0,True
T03,2,BG9,0.025269176810979843,0.08108866214752197,1.0,True
T03,2,BG10,0.0229327492415905,0.05913812294602394,1.0,True
T03,2,BG11,0.02410438284277916,0.06614670902490616,1.0,True
T03,2,BG12,0.026692230254411697,0.10217399895191193,1.0,True
T03,2,BG13,0.02393047884106636,0.1079799011349678,1.0,True
T03,2,BG14,0.02510349079966545,0.05855357646942139,1.0,True
T03,2,BG15,0.02307952754199505,0.08364195376634598,1.0,True
T04,0,BG0,0.07407566159963608,0.16690650582313538,1.0,True
T04,0,BG1,0.054645784199237823,0.10166579484939575,1.0,True
T04,0,BG2,0.07541657984256744,0.11926605552434921,1.0,True
T04,0,BG3,0.061576951295137405,0.15078040957450867,1.0,True
T04,0,BG4,0.0654035285115242,0.12118426710367203,1.0,True
T04,0,BG5,0.062307216227054596,0.15048202872276306,1.0,True
T04,0,BG6,0.08289186656475067,0.15000401437282562,1.0,True
T04,0,BG7,0.06796717643737793,0.13987299799919128,1.0,True
T04,0,BG8,0.053349703550338745,0.1483916938304901,1.0,True
T04,0,BG9,0.09833592176437378,0.22639018297195435,1.0,True
T04,0,BG10,0.05891222506761551,0.13085070252418518,1.0,True
T04,0,BG11,0.07577290385961533,0.16916748881340027,1.0,True
T04,0,BG12,0.06487558782100677,0.14472967386245728,1.0,True
T04,0,BG13,0.07304533571004868,0.13861718773841858,1.0,True
T04,0,BG14,0.06393510848283768,0.12058046460151672,1.0,True
T04,0,BG15,0.0560850128531456,0.11585291475057602,1.0,True
T04,1,BG0,0.09215550124645233,0.22178271412849426,1.0,True
T04,1,BG1,0.08290787041187286,0.18753989040851593,1.0,True
T04,1,BG2,0.08089868724346161,0.21581052243709564,1.0,True
T04,1,BG3,0.07964254915714264,0.18236839771270752,1.0,True
T04,1,BG4,0.08622772246599197,0.21604034304618835,1.0,True
T04,1,BG5,0.08261596411466599,0.17979052662849426,1.0,True
T04,1,BG6,0.09577441215515137,0.2296905517578125,1.0,True
T04,1,BG7,0.062275003641843796,0.13406658172607422,1.0,True
T04,1,BG8,0.07494281232357025,0.15663768351078033,1.0,True
T04,1,BG9,0.07881329953670502,0.15485374629497528,1.0,True
T04,1,BG10,0.07390653342008591,0.18994319438934326,1.0,True
T04,1,BG11,0.0747104212641716,0.18367590010166168,1.0,True
T04,1,BG12,0.06658525764942169,0.15475618839263916,1.0,True
T04,1,BG13,0.06954602152109146,0.16950593888759613,1.0,True
T04,1,BG14,0.08120657503604889,0.16720826923847198,1.0,True
T04,1,BG15,0.09075362980365753,0.19577202200889587,1.0,True
T04,2,BG0,0.07739178836345673,0.14477206766605377,1.0,True
T04,2,BG1,0.08127584308385849,0.15954747796058655,1.0,True
T04,2,BG2,0.06504279375076294,0.123471200466156,1.0,True
T04,2,BG3,0.07187686860561371,0.12844523787498474,1.0,True
T04,2,BG4,0.07035733759403229,0.1278720200061798,1.0,True
T04,2,BG5,0.063697949051857,0.1217421442270279,1.0,True
T04,2,BG6,0.06674327701330185,0.1280277669429779,1.0,True
T04,2,BG7,0.06426429003477097,0.12551437318325043,1.0,True
T04,2,BG8,0.07531874626874924,0.1388912945985794,1.0,True
T04,2,BG9,0.0696398988366127,0.1156061515212059,1.0,True
T04,2,BG10,0.07251114398241043,0.16855327785015106,1.0,True
T04,2,BG11,0.0657869279384613,0.1380830556154251,1.0,True
T04,2,BG12,0.05166412517428398,0.136648491024971,1.0,True
T04,2,BG13,0.05032380297780037,0.13284431397914886,1.0,True
T04,2,BG14,0.07278129458427429,0.1466737687587738,1.0,True
T04,2,BG15,0.06239704415202141,0.1228460744023323,1.0,True
T05,0,BG0,0.04035479575395584,0.08491228520870209,1.0,True
T05,0,BG1,0.04168420284986496,0.08859893679618835,1.0,True
T05,0,BG2,0.04354914277791977,0.08463463187217712,1.0,True
T05,0,BG3,0.0441981665790081,0.11402357369661331,1.0,True
T05,0,BG4,0.04528253525495529,0.10927089303731918,1.0,True
T05,0,BG5,0.04280201718211174,0.07932370901107788,1.0,True
T05,0,BG6,0.045162808150053024,0.1053033322095871,1.0,True
T05,0,BG7,0.03963658586144447,0.07202112674713135,1.0,True
T05,0,BG8,0.035583168268203735,0.06895384192466736,1.0,True
T05,0,BG9,0.043548908084630966,0.10279134660959244,1.0,True
T05,0,BG10,0.038249898701906204,0.0632813349366188,1.0,True
T05,0,BG11,0.04412313550710678,0.08138387650251389,1.0,True
T05,0,BG12,0.04007444530725479,0.09115003049373627,1.0,True
T05,0,BG13,0.04290067404508591,0.07645370811223984,1.0,True
T05,0,BG14,0.040157269686460495,0.0800890401005745,1.0,True
T05,0,BG15,0.04814141243696213,0.09719662368297577,1.0,True
T05,1,BG0,0.034416161477565765,0.06879747658967972,1.0,True
T05,1,BG1,0.033581458032131195,0.07172410935163498,1.0,True
T05,1,BG2,0.038932301104068756,0.0739014744758606,1.0,True
T05,1,BG3,0.03745698928833008,0.08098061382770538,1.0,True
T05,1,BG4,0.03806283324956894,0.08238711953163147,1.0,True
T05,1,BG5,0.043028656393289566,0.08227015286684036,1.0,True
T05,1,BG6,0.038239095360040665,0.09026425331830978,1.0,True
T05,1,BG7,0.03546090051531792,0.07123702764511108,1.0,True
T05,1,BG8,0.040250323712825775,0.09118581563234329,1.0,True
T05,1,BG9,0.07116718590259552,0.2005997598171234,1.0,True
T05,1,BG10,0.05264301970601082,0.12440783530473709,1.0,True
T05,1,BG11,0.05309015512466431,0.12184257805347443,1.0,True
T05,1,BG12,0.07514603435993195,0.18736396729946136,1.0,True
T05,1,BG13,0.060227178037166595,0.13485057651996613,1.0,True
T05,1,BG14,0.04227709025144577,0.1112741008400917,1.0,True
T05,1,BG15,0.041283831000328064,0.09659842401742935,1.0,True
T05,2,BG0,0.05507814884185791,0.1338890939950943,1.0,True
T05,2,BG1,0.06688063591718674,0.15216194093227386,1.0,True
T05,2,BG2,0.0614030659198761,0.14291636645793915,1.0,True
T05,2,BG3,0.06064847856760025,0.12600785493850708,1.0,True
T05,2,BG4,0.057101763784885406,0.12214521318674088,1.0,True
T05,2,BG5,0.06110534816980362,0.15777216851711273,1.0,True
T05,2,BG6,0.05844741314649582,0.16389229893684387,1.0,True
T05,2,BG7,0.04541010409593582,0.08823784440755844,1.0,True
T05,2,BG8,0.04572289437055588,0.20256297290325165,1.0,True
T05,2,BG9,0.052754539996385574,0.09761139005422592,1.0,True
T05,2,BG10,0.04463883861899376,0.09519641101360321,1.0,True
T05,2,BG11,0.04718783497810364,0.09086987376213074,1.0,True
T05,2,BG12,0.04762798175215721,0.09432970732450485,1.0,True
T05,2,BG13,0.04502394050359726,0.10811851918697357,1.0,True
T05,2,BG14,0.04930533841252327,0.0928693413734436,1.0,True
T05,2,BG15,0.04794907569885254,0.09907879680395126,1.0,True
