task,seed,background,robot_cell_fraction,robot_difference_energy_fraction,RMS_full,cosine_full,D_dir_full,RMS_robot,cosine_robot,D_dir_robot,RMS_nonrobot,cosine_nonrobot,D_dir_nonrobot,RMS_future_nonrobot,cosine_future_nonrobot,D_dir_future_nonrobot,RMS_after_full
Original,0,BG1,0.040283203125,0.030976284547175024,0.09191296475039283,0.9968820277795809,0.0031179722204190963,0.0805989602595776,0.9974521866198386,0.0025478133801614122,0.0923575555860529,0.9968596544837682,0.0031403455162317684,0.08582909016383405,0.9975559979313205,0.0024440020686794517,0.0
Original,0,BG2,0.040283203125,0.011783642659255725,0.08264069688560466,0.9974732139643369,0.002526786035663142,0.044696318663943184,0.9992158009941584,0.0007841990058415904,0.08385876109902571,0.9974045585733333,0.002595441426666678,0.06699778010966155,0.9985087279980255,0.0014912720019745196,0.0
Original,0,BG3,0.040283203125,0.024588876032557515,0.11918288308848644,0.9947301017395492,0.005269898260450767,0.09311533875658248,0.9966136279974389,0.003386372002561089,0.12015343500652206,0.9946556392836715,0.005344360716328489,0.11152506020392586,0.9958552274046596,0.004144772595340407,0.0
Original,0,BG4,0.040283203125,0.023037179870252302,0.10208292756283883,0.9961326239973541,0.0038673760026458615,0.07719795126359359,0.9976666291082651,0.0023333708917349094,0.1029960540741494,0.9960719562853703,0.0039280437146297364,0.09612657878165094,0.9969221596408836,0.0030778403591164016,0.0
Original,0,BG5,0.040283203125,0.028698317360106262,0.27659440448360945,0.9722042124807456,0.027795787519254378,0.23345845597694825,0.9788684403810464,0.021131559618953633,0.2782588030727536,0.9719428787818426,0.0280571212181574,0.27675270257254425,0.9749779324570892,0.02502206754291081,0.0
Original,0,BG6,0.040283203125,0.06612507961462444,0.3408978667509906,0.9572066728407732,0.04279332715922679,0.43676254644455004,0.9272069827962668,0.07279301720373321,0.33627694384730245,0.9584220416914581,0.04157795830854194,0.34180640409061297,0.9612014938629275,0.038798506137072475,0.0
Original,0,BG7,0.040283203125,0.019122960857519248,0.29261664780054597,0.968802188080097,0.031197811919903007,0.20161117497631684,0.9843558677012709,0.015644132298729074,0.2958249277103743,0.9681872540477595,0.031812745952240484,0.29612659144057857,0.9712901844094111,0.02870981559058894,0.0
Original,0,BG8,0.040283203125,0.05979173801903021,0.40196025983783734,0.9400790194204763,0.059920980579523664,0.48971308565177785,0.9062532350319014,0.09374676496809864,0.3978538838121091,0.9414233926110395,0.05857660738896053,0.412382827454099,0.9433860517508555,0.05661394824914445,0.0
Original,0,BG9,0.040283203125,0.05365255661842829,0.2943667482705591,0.9677584114252845,0.032241588574715485,0.3397206630757489,0.9552737577069236,0.044726242293076424,0.29230921666472,0.9682648051970006,0.031735194802999356,0.29694239339552786,0.9705169949714255,0.029483005028574483,0.0
Original,0,BG10,0.040283203125,0.0743712050493636,0.3689519055718787,0.9495423742988478,0.0504576257011522,0.5013143875164514,0.9019424381940448,0.09805756180595515,0.36234029871268525,0.9514367853929043,0.04856321460709567,0.37537126994307285,0.9530268329849347,0.046973167015065265,0.0
Original,0,BG11,0.040283203125,0.06560691232971039,0.2831903588231527,0.9702318617329132,0.029768138267086797,0.3614025937539851,0.9496074872575636,0.05039251274243639,0.27942915945070257,0.9710669390231105,0.028933060976889524,0.28591427323565916,0.9726948858424218,0.027305114157578192,0.0
Original,0,BG12,0.040283203125,0.018113867237595498,0.2090264153998514,0.9837984912789194,0.016201508721080615,0.14016667296750374,0.9923512921335783,0.007648707866421689,0.2114268737724633,0.9834587750198815,0.016541224980118452,0.20257837241408408,0.9863256432350805,0.01367435676491946,0.0
Original,0,BG13,0.040283203125,0.011244536317469416,0.17726684645748889,0.9883390281085069,0.011660971891493066,0.09365614901855919,0.9965694260395596,0.0034305739604404417,0.17992869040770837,0.9880124932857045,0.011987506714295493,0.16674542206851975,0.9907331204517886,0.00926687954821137,0.0
Original,0,BG14,0.040283203125,0.07241650990160094,0.2677294732944112,0.9734326999636205,0.026567300036379526,0.3589657230507865,0.9501422790509034,0.04985772094909657,0.26320924578628624,0.9743691480575178,0.025630851942482158,0.2717566777566822,0.975374914402143,0.024625085597857033,0.0
Original,0,BG15,0.040283203125,0.04059663459700305,0.1682343420511116,0.9894819976149236,0.010518002385076386,0.16888756425721854,0.988875751217108,0.011124248782891977,0.16820686819445957,0.9895075202586798,0.010492479741320171,0.16623818348688985,0.9907765919171413,0.009223408082858708,0.0
Original,1,BG1,0.040283203125,0.02775798700243382,0.09046417881285822,0.9969826313783683,0.003017368621631711,0.07509458665819553,0.997760185936274,0.0022398140637259756,0.09105258696113326,0.9969526683801558,0.0030473316198441625,0.08378416255604944,0.997673724296071,0.0023262757039289594,0.0
Original,1,BG2,0.040283203125,0.011214728655922155,0.08319492290920051,0.9974414093875305,0.0025585906124695468,0.0438964309233334,0.9992354276309808,0.0007645723690191675,0.08444545305544647,0.9973718654959333,0.002628134504066737,0.067874296544199,0.9984713105721715,0.0015286894278284668,0.0
Original,1,BG3,0.040283203125,0.021520090936543092,0.11351170460125472,0.9952212149422818,0.004778785057718227,0.08296610436512077,0.9972729857354969,0.002727014264503058,0.11461594882769624,0.9951409716569861,0.0048590283430138825,0.10481158072129942,0.996343332668537,0.0036566673314629705,0.0
Original,1,BG4,0.040283203125,0.02089080256593996,0.09905282340397882,0.996360331280831,0.003639668719168987,0.0713316752012129,0.9979815369168871,0.0020184630831129313,0.10004856786871469,0.9962969397080553,0.003703060291944671,0.09248097989764754,0.997154148425116,0.0028458515748840396,0.0
Original,1,BG5,0.040283203125,0.02554695190513382,0.27301519717590805,0.9729246780333459,0.027075321966654076,0.21741743581790354,0.9813457731712802,0.018654226828719755,0.27510325797719176,0.9726012153927579,0.0273987846072421,0.27311349613586744,0.9756625971959502,0.024337402804049835,0.0
Original,1,BG6,0.040283203125,0.06040760072377929,0.3320050537385856,0.9594230013978425,0.040576998602157466,0.4065635967147732,0.9354965962660148,0.06450340373398522,0.32850568830745935,0.9603684665405705,0.03963153345942949,0.33307446829587956,0.9632096814339537,0.03679031856604631,0.0
Original,1,BG7,0.040283203125,0.018291606887472285,0.28815810845983403,0.9697565369085988,0.030243463091401246,0.19417565381224786,0.9851998130368653,0.014800186963134676,0.2914409331277431,0.9691570122604636,0.03084298773953642,0.2910747273385784,0.9723005813694647,0.027699418630535266,0.0
Original,1,BG8,0.040283203125,0.06094617507624428,0.4026092181493063,0.9399706808181761,0.06002931918182386,0.49521631436675734,0.9041308144384931,0.09586918556150692,0.3982514900186426,0.9413947513472307,0.05860524865276928,0.41262251889060547,0.9434080965734978,0.05659190342650222,0.0
Original,1,BG9,0.040283203125,0.05100713561738668,0.2897992911027055,0.9687591066156808,0.031240893384319235,0.3260999922870923,0.9580186705386288,0.04198132946137123,0.28817562538050384,0.9691845976186713,0.030815402381328738,0.2923191194915269,0.9714602676915782,0.028539732308421772,0.0
Original,1,BG10,0.040283203125,0.07394600127954334,0.3664970212128592,0.9502317597987242,0.04976824020127579,0.4965532148743376,0.9033907328350878,0.09660926716491225,0.360012066247098,0.9520881621548762,0.04791183784512376,0.3726183801423298,0.9537437275695527,0.046256272430447276,0.0
Original,1,BG11,0.040283203125,0.0600800434535068,0.2729911011649651,0.9723435205693761,0.02765647943062388,0.33338926474223607,0.9561626267174147,0.0438373732825853,0.2701608274426788,0.9729819087194034,0.027018091280596623,0.2753979699272697,0.9746971587005502,0.02530284129944982,0.0
Original,1,BG12,0.040283203125,0.015373270925921686,0.2026917674541062,0.9847728399317615,0.015227160068238543,0.12521525781213033,0.9937822569338638,0.006217743066136205,0.20530539994946073,0.9844204318388418,0.015579568161158242,0.19520475644214574,0.987319520327103,0.012680479672896983,0.0
Original,1,BG13,0.040283203125,0.0104562061106896,0.17503904064671305,0.9886340765416334,0.011365923458366622,0.08917846525500002,0.9968433252978428,0.0031566747021571917,0.17773824440561142,0.9883129348749151,0.011687065125084883,0.1640279337079983,0.9910421955783483,0.008957804421651727,0.0
Original,1,BG14,0.040283203125,0.06957655346658687,0.25928892741416176,0.9750878133003922,0.02491218669960782,0.34076378146671926,0.9541679035439777,0.045832096456022264,0.2553011354225057,0.9759103829971043,0.02408961700289569,0.2629830363027562,0.9769677496382577,0.02303225036174228,0.0
Original,1,BG15,0.040283203125,0.03430195172890423,0.15958426177146104,0.9905393475525818,0.009460652447418227,0.14726090886381094,0.9914017530794843,0.008598246920515695,0.1600807785575377,0.9905058544359282,0.009494145564071799,0.15678716140337706,0.9918054753005513,0.008194524699448702,0.0
Original,2,BG1,0.040283203125,0.025630635565553186,0.09047315742752186,0.9969816360606449,0.003018363939355062,0.0721667980633523,0.9980159488374539,0.0019840511625460744,0.09116119497779475,0.9969396767804171,0.003060323219582939,0.08418373668270927,0.9976457807953112,0.002354219204688812,0.0
Original,2,BG2,0.040283203125,0.00856199157219044,0.08281618158730192,0.9974633028291976,0.0025366971708024044,0.03818041129297698,0.99944324008738,0.0005567599126200529,0.08417370368971648,0.9973831681750159,0.002616831824984067,0.06745823906709357,0.9984857883517075,0.0015142116482924628,0.0
Original,2,BG3,0.040283203125,0.02262304272146365,0.1156259472819646,0.9950391036556258,0.004960896344374244,0.08665004916628434,0.9971497576779429,0.002850242322057106,0.11668493907336429,0.9949532477655957,0.005046752234404317,0.10776449606998502,0.9961236211624807,0.0038763788375193453,0.0
Original,2,BG4,0.040283203125,0.02031620841205901,0.09934409177792751,0.9963366264025838,0.0036633735974161974,0.07055070781643605,0.9981079339992637,0.0018920660007363255,0.10037220322299947,0.9962646001740578,0.003735399825942176,0.09327235510082481,0.9970972191939959,0.002902780806004146,0.0
Original,2,BG5,0.040283203125,0.026348241808222733,0.2738340437544366,0.972785818239736,0.027214181760264022,0.2214630424201752,0.9815840970653649,0.01841590293463513,0.27581489633823014,0.9724294404246856,0.0275705595753144,0.2740267744842998,0.9754623624819113,0.024537637518088684,0.0
Original,2,BG6,0.040283203125,0.06440226361627088,0.33874343346840896,0.9577637673138341,0.04223623268616594,0.4283112218702822,0.9321482697441147,0.06785173025588531,0.33445979439260826,0.9588366634764882,0.041163336523511784,0.3398749667849575,0.9615964418125877,0.03840355818741226,0.0
Original,2,BG7,0.040283203125,0.01771132875261419,0.2873506546966032,0.9699080758202451,0.030091924179754925,0.1905354390348522,0.9863152306095094,0.01368476939049057,0.2907101603760241,0.9692437043465572,0.030756295653442844,0.29028494095267676,0.9723764798145663,0.02762352018543368,0.0
Original,2,BG8,0.040283203125,0.0605005800851899,0.403033686510345,0.9398223360264312,0.06017766397356883,0.4939228502038803,0.9078387133766742,0.09216128662332579,0.39876594057878745,0.9411388656504734,0.058861134349526556,0.4132390432588514,0.9431163413953453,0.05688365860465472,0.0
Original,2,BG9,0.040283203125,0.05435272789314464,0.2952054354607359,0.9675797036919436,0.03242029630805643,0.3429043735735654,0.9559458482666798,0.04405415173332017,0.29303357856141504,0.9680712770072692,0.03192872299273075,0.29796330796683607,0.9702724953668919,0.029727504633108137,0.0
Original,2,BG10,0.040283203125,0.0742108706634217,0.36843243510381546,0.9497150144955858,0.05028498550441418,0.5000686418822119,0.9058724789335589,0.09412752106644107,0.36186147329778295,0.9515263975832007,0.04847360241679932,0.37470990537241655,0.9531401878308396,0.04685981216916035,0.0
Original,2,BG11,0.040283203125,0.06129224033894848,0.27516993449744453,0.9718962798654072,0.028103720134592836,0.3394233615442791,0.9568608225319378,0.04313917746806217,0.27214141368656825,0.9725261405068282,0.027473859493171826,0.277821513104233,0.9741823634040625,0.0258176365959375,0.0
Original,2,BG12,0.040283203125,0.015709701769796594,0.20418219965514758,0.9845448735084033,0.015455126491596749,0.12750870949509352,0.9938249540912525,0.006175045908747512,0.20677971502308953,0.9841659716709448,0.015834028329055228,0.19718707299480592,0.9870287795741257,0.012971220425874286,0.0
Original,2,BG13,0.040283203125,0.010121296305033632,0.17492105019060875,0.9886464182293395,0.011353581770660481,0.0876795167616502,0.9970689329550958,0.002931067044904201,0.17764848928897026,0.9883029648336397,0.011697035166360337,0.1640830017345515,0.9910145298552137,0.008985470144786345,0.0
Original,2,BG14,0.040283203125,0.07118327532674286,0.26445030498582245,0.9740850383941217,0.02591496160587825,0.35153701255296194,0.9536188339792943,0.046381166020705744,0.26015821116704,0.9749350317973332,0.025064968202666793,0.2685189866859413,0.97592700001044,0.02407299998956003,0.0
Original,2,BG15,0.040283203125,0.03972399635057548,0.16760647201487053,0.9895606173365701,0.01043938266342992,0.1664390595388125,0.9895134763265807,0.01048652367341929,0.16765529528530274,0.9895644192198058,0.010435580780194242,0.16598701805161803,0.9907904154729175,0.009209584527082537,0.0
T01,0,BG1,0.032470703125,0.003499757513127671,0.07596304570154784,0.9979402525131021,0.002059747486897856,0.024938796994133698,0.9997598356575809,0.00024016434241913576,0.07709194651328949,0.9978840306788236,0.002115969321176414,0.06723376804258155,0.9985423975329779,0.00145760246702209,0.0
T01,0,BG2,0.032470703125,0.0032131064699858145,0.08264089931657587,0.9975560119530082,0.002443988046991752,0.025996312349935016,0.9997396247250426,0.00026037527495736956,0.08388110286421835,0.997488480682036,0.002511519317964006,0.06938555944126668,0.9984457122790511,0.0015542877209488992,0.0
T01,0,BG3,0.032470703125,0.0032207417109781926,0.09541454153886653,0.9967286463697448,0.0032713536302552138,0.03005015180320829,0.9996532050264945,0.00034679497350553756,0.09684607000848157,0.9966375092654464,0.003362490734553636,0.08377263473446243,0.997728317630301,0.0022716823696989907,0.0
T01,0,BG4,0.032470703125,0.003281214501552054,0.08513568255999188,0.9973956328783523,0.0026043671216476882,0.027063445514826447,0.9997185362024834,0.0002814637975165901,0.08641037341215344,0.9973232867916679,0.002676713208332071,0.07754866794318112,0.9980539063410155,0.0019460936589844602,0.0
T01,0,BG5,0.032470703125,0.006355827549518019,0.25007707072831076,0.977985708167044,0.022014291832956,0.11064048724421155,0.9952884043719856,0.004711595628014376,0.25342955227718006,0.977456132243314,0.022543867756686042,0.24884112911788173,0.9803292711124386,0.019670728887561384,0.0
T01,0,BG6,0.032470703125,0.009526164199897403,0.23179790054491073,0.9807929517745371,0.01920704822546293,0.12555172475031115,0.9939967680462535,0.006003231953746524,0.23453028959881053,0.9803804578197547,0.01961954218024531,0.22411682442246872,0.9837655479329143,0.016234452067085736,0.0
T01,0,BG7,0.032470703125,0.010524816482539157,0.2838496348555348,0.9715828885084997,0.02841711149150028,0.16160312673594018,0.9899801377605207,0.01001986223947926,0.2870507797235838,0.9710168192965256,0.028983180703474387,0.2865794658324172,0.9738762189820738,0.02612378101792623,0.0
T01,0,BG8,0.032470703125,0.007954346345901387,0.2504279610173199,0.9774383021110172,0.022561697888982768,0.12394791324475535,0.9940634500843095,0.005936549915690481,0.2535809267344912,0.976920051770158,0.02307994822984205,0.2477377616515477,0.9800926672819734,0.019907332718026582,0.0
T01,0,BG9,0.032470703125,0.004695773976431138,0.2041112170291401,0.9849778880330299,0.01502211196697012,0.07762017509236813,0.9976779513853903,0.0023220486146097175,0.20702020489427064,0.9845805542642425,0.015419445735757487,0.19755522397296282,0.9873150193176552,0.012684980682344804,0.0
T01,0,BG10,0.032470703125,0.006232972369892492,0.21346322902377632,0.9836127057111719,0.016387294288828125,0.09352437810134318,0.996638232828857,0.003361767171143004,0.21633824587519382,0.983205575939432,0.01679442406056797,0.20808285144193334,0.9859461741664298,0.014053825833570177,0.0
T01,0,BG11,0.032470703125,0.006058437833650743,0.16602367923192196,0.9900799006030702,0.009920099396929838,0.07171409388542933,0.9980266485322119,0.001973351467788098,0.16827453433512643,0.9898316193925096,0.010168380607490368,0.1560783848951846,0.9920930715256648,0.007906928474335162,0.0
T01,0,BG12,0.032470703125,0.005062806577847294,0.188284945291974,0.9872688597967955,0.012731140203204538,0.07434733707293498,0.9978637925067876,0.0021362074932124164,0.19093316313492945,0.9869393490137035,0.013060650986296496,0.17932560879101403,0.9895832810167206,0.01041671898327945,0.0
T01,0,BG13,0.032470703125,0.004835890607386588,0.17207029393115647,0.9893667193569132,0.010633280643086773,0.06640461882890501,0.9982966360501293,0.0017033639498706954,0.1745103504973666,0.9890887622569562,0.010911237743043811,0.16160819111832017,0.9915398348249159,0.008460165175084078,0.0
T01,0,BG14,0.032470703125,0.004228181299125798,0.14038083547519986,0.9929129732887486,0.007087026711251387,0.05065691955191442,0.9990101200141072,0.0009898799858928387,0.1424149809731801,0.9927227759903283,0.007277224009671679,0.13185344970232812,0.9943626377926754,0.005637362207324581,0.0
T01,0,BG15,0.032470703125,0.004293352210051218,0.11979803407373561,0.9948373804210682,0.005162619578931826,0.04356142755191036,0.9992691240417381,0.000730875958261934,0.12152995367322453,0.9946991678696743,0.005300832130325728,0.11083991980734548,0.9960191091267825,0.003980890873217513,0.0
T01,1,BG1,0.032470703125,0.0033215087824665394,0.07645902279838147,0.9979135527765358,0.002086447223464183,0.024454038925552323,0.9997693737579121,0.00023062624208791682,0.07760223402618603,0.9978562499032059,0.002143750096794128,0.06793690435960174,0.9985125254501949,0.0014874745498051345,0.0
T01,1,BG2,0.032470703125,0.003039187274639307,0.08344470582880022,0.9975087606363766,0.0024912393636233876,0.025528874745790166,0.9997492364735214,0.00025076352647857014,0.08470436084717552,0.9974394611708526,0.0025605388291474185,0.07059802167666188,0.9983916939880806,0.0016083060119194137,0.0
T01,1,BG3,0.032470703125,0.00322174735901158,0.09469253774416514,0.9967792400199253,0.00322075998007465,0.029827417270605224,0.9996597357917293,0.000340264208270713,0.0961131853242515,0.9966894600964488,0.003310539903551235,0.08294485898956336,0.9977740586072372,0.002225941392762776,0.0
T01,1,BG4,0.032470703125,0.003309067906873392,0.08443753100123866,0.997439005050389,0.0025609949496110396,0.026955197554589094,0.9997212766530291,0.0002787233469708772,0.08570057132447816,0.9973679118376044,0.002632088162395574,0.07673736353254834,0.9980954368646787,0.00190456313532128,0.0
T01,1,BG5,0.032470703125,0.006252375463715668,0.2501502807610102,0.9779815838701457,0.022018416129854335,0.10976848575844947,0.9953660041366531,0.004633995863346896,0.25351694002595615,0.9774492855090882,0.02255071449091184,0.24886486470291416,0.9803381041169859,0.019661895883014147,0.0
T01,1,BG6,0.032470703125,0.009469335346313707,0.23067158998340084,0.9809880013648161,0.01901199863518388,0.1245684358112321,0.9940857014584573,0.005914298541542684,0.2333973976539994,0.9805789245939025,0.0194210754060975,0.2229465887403932,0.9839483395567651,0.016051660443234916,0.0
T01,1,BG7,0.032470703125,0.01052977975668017,0.28354146778494743,0.9716535313084542,0.02834646869154578,0.1614657374497757,0.9900237878606647,0.009976212139335305,0.28673841811331335,0.9710870319073228,0.028912968092677183,0.28623673975541086,0.9739536900374854,0.026046309962514558,0.0
T01,1,BG8,0.032470703125,0.008117544218503362,0.24627966818602914,0.9781952185266913,0.021804781473308665,0.12313883622854747,0.994145133910001,0.005854866089998967,0.2493598924278222,0.9776979963582099,0.022302003641790136,0.24297410699660957,0.9808698540858896,0.01913014591411044,0.0
T01,1,BG9,0.032470703125,0.004725913221883712,0.20260610621181466,0.9852061660302894,0.014793833969710568,0.07729467136480084,0.9976939665406517,0.0023060334593483223,0.2054905319306264,0.9848157625052645,0.01518423749473552,0.1957624874082624,0.9875537059144796,0.012446294085520448,0.0
T01,1,BG10,0.032470703125,0.0066885005486742736,0.20412162321121,0.9850231906292227,0.014976809370777278,0.09264192065370552,0.9966997440444267,0.0033002559555732613,0.20682340449337172,0.9846583427465279,0.01534165725347214,0.19716476164494035,0.9873923348763501,0.012607665123649858,0.0
T01,1,BG11,0.032470703125,0.00617867784699294,0.1644122655438479,0.9902761324787003,0.009723867521299723,0.07171931671055565,0.9980279631852319,0.0019720368147680967,0.16663119416640973,0.9900338931950974,0.009966106804902619,0.1541163547922859,0.992295728667294,0.007704271332706014,0.0
T01,1,BG12,0.032470703125,0.005142963098544017,0.18750050253576822,0.9873821660374645,0.012617833962535463,0.07462138297541993,0.9978494764823506,0.0021505235176494386,0.19013002791378583,0.9870565662640457,0.012943433735954302,0.17835574979591617,0.9897043292726377,0.01029567072736226,0.0
T01,1,BG13,0.032470703125,0.00488955921084268,0.17140624014059055,0.9894529376547917,0.010547062345208302,0.06651439373561145,0.9982920707813558,0.0017079292186441553,0.1738321925163783,0.9891777419054457,0.010822258094554282,0.16061863264352863,0.9916484767129999,0.008351523287000062,0.0
T01,1,BG14,0.032470703125,0.004257883595334268,0.1392410833716304,0.9930308682029741,0.0069691317970258515,0.050421810898548663,0.9990199739543242,0.0009800260456758192,0.14125660686329958,0.992844005927484,0.007155994072515992,0.13049288333752895,0.9944819796905018,0.005518020309498217,0.0
T01,1,BG15,0.032470703125,0.004380456504119557,0.11874602941793633,0.9949295608670456,0.005070439132954352,0.04361470470864425,0.9992674676190203,0.0007325323809797002,0.12045747104317672,0.9947942373941738,0.00520576260582617,0.10961484793488774,0.9961087598811895,0.0038912401188104795,0.0
T01,2,BG1,0.032470703125,0.0035566264457950712,0.07585957735543829,0.9979478091798804,0.002052190820119648,0.025106356940286893,0.9997674752404173,0.00023252475958268626,0.076984743702958,0.9978889737334414,0.002111026266558569,0.06706373409711698,0.9985497846761905,0.0014502153238095117,0.0
T01,2,BG2,0.032470703125,0.0031703537895834345,0.08275045519718185,0.9975518543232003,0.00244814567679974,0.02585701631946904,0.9997536700671861,0.0002463299328139268,0.08399410408155343,0.9974805168839042,0.002519483116095844,0.06923409802156917,0.998452605584641,0.0015473944153590047,0.0
T01,2,BG3,0.032470703125,0.0032216032466241256,0.09477449156243055,0.9967748564435805,0.003225143556419452,0.02985256439791826,0.9996724587295025,0.00032754127049750004,0.09619637562834094,0.996680281773061,0.0033197182269389947,0.08302241373424787,0.9977680663596942,0.0022319336403058276,0.0
T01,2,BG4,0.032470703125,0.0033054043540905447,0.08488924607742128,0.9974124901392446,0.0025875098607553992,0.027084394282773747,0.9997307755292321,0.000269224470767937,0.08615920162968323,0.9973368697419943,0.002663130258005686,0.07731495342455613,0.9980650330462325,0.0019349669537674918,0.0
T01,2,BG5,0.032470703125,0.006279537510579027,0.24933149417630257,0.978146862402034,0.021853137597966033,0.10964658822235467,0.9955804775965557,0.0044195224034443426,0.2526836803985951,0.977588158621498,0.02241184137850205,0.24802447955705226,0.9804684530761457,0.01953154692385428,0.0
T01,2,BG6,0.032470703125,0.009627417791257078,0.23103747404394454,0.9809317533323244,0.019068246667675592,0.12580314277670326,0.9942375171170057,0.005762482882994302,0.23374895064358678,0.9804964926997892,0.019503507300210776,0.22329639060517517,0.9838807120267801,0.01611928797321993,0.0
T01,2,BG7,0.032470703125,0.010585774782650959,0.2836512298424465,0.9716482846382497,0.028351715361750296,0.16195715879737635,0.9904116550350013,0.009588344964998718,0.2868413010953965,0.9710421855183803,0.028957814481619715,0.28643026961585744,0.9739016174716052,0.026098382528394803,0.0
T01,2,BG8,0.032470703125,0.008218407636873752,0.2485005356054515,0.9778003582404654,0.022199641759534594,0.12501879884143513,0.9942296331548426,0.005770366845157415,0.251595743055359,0.9772639408335838,0.02273605916641619,0.24546571978840603,0.9804507290041878,0.019549270995812162,0.0
T01,2,BG9,0.032470703125,0.004684296178270093,0.2035907441900943,0.985066932294046,0.01493306770595404,0.07732756892587818,0.9977952364380521,0.0022047635619478756,0.20649350491562934,0.9846500846312836,0.015349915368716438,0.19683374385495167,0.9874062809647157,0.012593719035284279,0.0
T01,2,BG10,0.032470703125,0.006514463709834273,0.20913037101266785,0.9842819352594534,0.0157180647405466,0.09367217319386031,0.9967804718680465,0.003219528131953475,0.211917011170182,0.9838727063259018,0.016127293674098153,0.202968991831792,0.9866246183819067,0.013375381618093263,0.0
T01,2,BG11,0.032470703125,0.006199983737860179,0.16521237054612925,0.9901838940766372,0.009816105923362795,0.0721924850168628,0.998090914237879,0.00190908576212101,0.16744030263557963,0.9899251549806586,0.010074845019341416,0.15504002375774567,0.992196212519531,0.007803787480468949,0.0
T01,2,BG12,0.032470703125,0.005094619689251097,0.18801149440999526,0.9873193391253319,0.012680660874668126,0.07447224392374177,0.9979523661097047,0.002047633890295275,0.19065281804617834,0.9869730013650039,0.013026998634996123,0.1788897136623569,0.9896350577829306,0.010364942217069406,0.0
T01,2,BG13,0.032470703125,0.00481918162585147,0.17201112574450467,0.9893856473897044,0.010614352610295641,0.06626700441054238,0.9983803686201019,0.0016196313798980677,0.17445180779143415,0.9890923192796499,0.010907680720350088,0.1613356303687107,0.9915692180218073,0.008430781978192692,0.0
T01,2,BG14,0.032470703125,0.004266947312830712,0.1398234951945939,0.9929743694724331,0.007025630527566884,0.05068657520175474,0.999052502170613,0.0009474978293869674,0.1418468035513671,0.9927758374470822,0.007224162552917801,0.13110101613817232,0.9944256599969862,0.005574340003013822,0.0
T01,2,BG15,0.032470703125,0.004367625089413586,0.11941518459052472,0.9948740685473783,0.005125931452621746,0.0437961953102062,0.9992930985432539,0.0007069014567461229,0.12113705108797167,0.994729722074571,0.005270277925429001,0.1103330585545517,0.996054343103532,0.003945656896467975,0.0
T02,0,BG1,0.035481770833333336,0.0036478504984204098,0.07642102456269187,0.997849551336962,0.0021504486630380404,0.024503534200861796,0.9997642563363822,0.00023574366361778232,0.0776719246690593,0.9977840431201198,0.0022159568798801876,0.0671815659483845,0.9985021072102863,0.001497892789713684,0.0
T02,0,BG2,0.035481770833333336,0.00345851358640356,0.08363350098827285,0.9974199426822539,0.0025800573177461317,0.026110932193039626,0.999732606844714,0.00026739315528601093,0.08501053488695147,0.9973406767820663,0.002659323217933718,0.06985860434207174,0.9983789708108122,0.0016210291891878281,0.0
T02,0,BG3,0.035481770833333336,0.0038126890355236046,0.0974086651393229,0.9964827180442516,0.003517281955748408,0.0319308618936048,0.9995993921302808,0.00040060786971918283,0.09899491216852944,0.9963748861983064,0.0036251138016936135,0.08541658233408805,0.9975695091802677,0.002430490819732345,0.0
T02,0,BG4,0.035481770833333336,0.003893107938571156,0.08764232697885414,0.9971528523731633,0.002847147626836688,0.02903083177108193,0.9996688489426452,0.0003311510573548171,0.08906593929640043,0.9970658206313439,0.0029341793686561424,0.07933072247445604,0.9979038462027563,0.002096153797243705,0.0
T02,0,BG5,0.035481770833333336,0.008537606744400466,0.2503992702269221,0.9772634530783463,0.022736546921653722,0.12282831351652058,0.9941154375133572,0.005884562486642819,0.2538726764951113,0.9766887617808548,0.02331123821914516,0.24769281747216487,0.9799562490704237,0.02004375092957633,0.0
T02,0,BG6,0.035481770833333336,0.011318594942348268,0.23473779759693583,0.9796931876615249,0.02030681233847509,0.13257958074555523,0.9931844258017593,0.006815574198240748,0.2376599429481567,0.9792252523933448,0.02077474760665521,0.22746933310955952,0.9827986970857066,0.017201302914293448,0.0
T02,0,BG7,0.035481770833333336,0.011116607775658626,0.2819722454779488,0.9711084269273169,0.028891573072683085,0.15783011063723396,0.990357261424465,0.009642738575534993,0.2855115517165188,0.9704468021301402,0.02955319786985977,0.28358812852500404,0.973690948149155,0.026309051850844978,0.0
T02,0,BG8,0.035481770833333336,0.02276723395340715,0.26260009334135376,0.974420267479234,0.025579732520765952,0.2103523499009675,0.9826875250975803,0.017312474902419717,0.2643252588374446,0.9741334566507877,0.025866543349212345,0.2608232590603576,0.9772921831827418,0.022707816817258197,0.0
T02,0,BG9,0.035481770833333336,0.005811965353264292,0.20517664688338416,0.9843456285835112,0.015654371416488844,0.08303989533179137,0.9972989717584974,0.0027010282415026454,0.20830849152537967,0.9838955306978887,0.01610446930211129,0.19821505437851358,0.9868591762984009,0.01314082370159908,0.0
T02,0,BG10,0.035481770833333336,0.039603280299652883,0.22503599831763582,0.9811990711530092,0.018800928846990805,0.23774693836371016,0.9778331744962065,0.022166825503793453,0.2245546798155537,0.9813166839126058,0.018683316087394153,0.21900819345359976,0.9839688621796918,0.016031137820308183,0.0
T02,0,BG11,0.035481770833333336,0.009476085798976111,0.16838207426232504,0.9894729875399189,0.010527012460081142,0.08701772082854628,0.9970432257769569,0.0029567742230430794,0.1706369648819449,0.9892104248141773,0.010789575185822686,0.1585339213208274,0.9916039875178447,0.008396012482155268,0.0
T02,0,BG12,0.035481770833333336,0.0054196661790544606,0.1883131515037565,0.9868726002504247,0.01312739974957533,0.07359770583983331,0.9978732179783264,0.002126782021673601,0.19122530630316945,0.986492084600405,0.01350791539959495,0.178505814359234,0.9893805574057223,0.010619442594277717,0.0
T02,0,BG13,0.035481770833333336,0.005676291955078772,0.17252283361038115,0.9889788909906929,0.011021109009307084,0.0690043233834468,0.9981311304611128,0.0018688695388872079,0.17516819701744765,0.9886621956493208,0.011337804350679215,0.16131241297503,0.9913270452565055,0.008672954743494499,0.0
T02,0,BG14,0.035481770833333336,0.009963515949167313,0.14645402918515127,0.9920454179353416,0.007954582064658378,0.0776077318841479,0.9976350183111838,0.002364981688816159,0.14837874854804903,0.9918518434512674,0.008148156548732577,0.13825700150771839,0.9936211074829688,0.006378892517031165,0.0
T02,0,BG15,0.035481770833333336,0.005113560354571846,0.12150910247187299,0.9945216441060039,0.005478355893996145,0.04612834389294503,0.9991636399722863,0.0008363600277137007,0.1234071573632368,0.9943609083924013,0.0056390916075986786,0.11224876081884898,0.9957980930152982,0.004201906984701798,0.0
T02,1,BG1,0.035481770833333336,0.0035554009972509682,0.07690667040017342,0.9978212026672086,0.00217879733279136,0.024344769170706115,0.9997685183690531,0.00023148163094688368,0.0781691461428795,0.9977541171994474,0.002245882800552601,0.0677446054252788,0.9984757092872801,0.0015242907127198668,0.0
T02,1,BG2,0.035481770833333336,0.003319043649117296,0.08422468703590873,0.9973820298890502,0.0026179701109497744,0.025759844944234028,0.9997412615579647,0.00025873844203527785,0.08561744549346471,0.9973006387425329,0.002699361257467059,0.07076485395309583,0.9983354855998728,0.0016645144001271595,0.0
T02,1,BG3,0.035481770833333336,0.0037013967178215427,0.09664453212429557,0.9965351430495345,0.0034648569504655002,0.031214577599715444,0.9996192260776193,0.00038077392238067276,0.0982238219015519,0.996427717519533,0.0035722824804670372,0.08470020303877636,0.9976079795999501,0.0023920204000499323,0.0
T02,1,BG4,0.035481770833333336,0.0038860714612408464,0.0869566598412618,0.9971951772686778,0.0028048227313222096,0.02877766796337618,0.9996768234446614,0.00032317655533864453,0.08836944668846405,0.9971087447232392,0.002891255276760818,0.07851127607834989,0.9979451389387732,0.002054861061226765,0.0
T02,1,BG5,0.035481770833333336,0.008309270065089752,0.25039167723114375,0.9772511108622707,0.022748889137729322,0.12117099753614861,0.9942952623240916,0.0057047376759084,0.25389420941264645,0.9766670006194978,0.02333299938050215,0.24765911343010635,0.9799500422791175,0.020049957720882472,0.0
T02,1,BG6,0.035481770833333336,0.00991241250047301,0.2318725700587566,0.9801738801514459,0.01982611984855409,0.12255651863182485,0.9942338666181457,0.005766133381854277,0.23492593478748575,0.9796825119412242,0.020317488058775757,0.22428430005069555,0.9832647195912966,0.016735280408703423,0.0
T02,1,BG7,0.035481770833333336,0.010882470341584235,0.2817581957501078,0.971135298478489,0.028864701521510994,0.15604061755648216,0.9907170209614197,0.00928297903858033,0.2853285878011552,0.9704545990792033,0.029545400920796716,0.2834265737165132,0.9736978351213371,0.02630216487866288,0.0
T02,1,BG8,0.035481770833333336,0.018008352371624587,0.25578115323656536,0.9757181232733417,0.02428187672665827,0.1822228722473986,0.9871143121541094,0.012885687845890614,0.2580876469212673,0.9753195548440255,0.02468044515597445,0.2534787928434678,0.9785379613645453,0.021462038635454705,0.0
T02,1,BG9,0.035481770833333336,0.005432795758232906,0.2036126020227812,0.984574516597752,0.01542548340224803,0.07967346403978635,0.9975260813601031,0.002473918639896877,0.20675998929711234,0.9841215367892973,0.015878463210702742,0.19646207421915185,0.9870822784435039,0.012917721556496065,0.0
T02,1,BG10,0.035481770833333336,0.032445935587443166,0.215381485443967,0.9827653457304281,0.017234654269571936,0.20596141906115675,0.9835047732223213,0.016495226777678673,0.21572017733313129,0.9827405383460637,0.017259461653936325,0.2084923796137355,0.9854597523721561,0.014540247627843894,0.0
T02,1,BG11,0.035481770833333336,0.007839596076058903,0.16530243691057092,0.98984877443377,0.010151225566230049,0.07770043607581939,0.99766403860892,0.0023359613910800547,0.16765440990202393,0.9895758198867358,0.010424180113264181,0.15483863154496713,0.9919853193317077,0.008014680668292251,0.0
T02,1,BG12,0.035481770833333336,0.005433237124949925,0.18755619516835825,0.9869707830835858,0.013029216916414232,0.07339358474904172,0.997897385389898,0.0021026146101019716,0.1904553446874768,0.9865903090645057,0.013409690935494267,0.17771153424415262,0.9894686935454174,0.010531306454582556,0.0
T02,1,BG13,0.035481770833333336,0.00568730921330964,0.17199706110597085,0.989039369739644,0.010960630260355986,0.06886075871006123,0.9981501600317274,0.001849839968272593,0.1746333951371055,0.9887219634059178,0.01127803659408222,0.16078842924423933,0.9913774113927601,0.008622588607239856,0.0
T02,1,BG14,0.035481770833333336,0.007636664374600556,0.14282340413200045,0.9924301720043669,0.007569827995633105,0.06625956629282986,0.9982852024070621,0.0017147975929379111,0.14487035192574385,0.9922260656432593,0.007773934356740675,0.1340820723866057,0.9939964196067859,0.006003580393214136,0.0
T02,1,BG15,0.035481770833333336,0.0050662941926184904,0.1203526255407895,0.9946214574964826,0.005378542503517436,0.045477661862690574,0.9991920891300119,0.0008079108699881044,0.12223551902173072,0.9944621073098788,0.005537892690121171,0.11097754155294348,0.9958893606322449,0.004110639367755131,0.0
T02,2,BG1,0.035481770833333336,0.003644740831116609,0.07583046773300733,0.9978810073037878,0.0021189926962121852,0.02430381314492305,0.9997780190828633,0.0002219809171366549,0.07707182156239702,0.9978132337500814,0.002186766249918648,0.06664685516114112,0.9985225824381547,0.0014774175618452734,0.0
T02,2,BG2,0.035481770833333336,0.0033495269788315673,0.08330226688459197,0.9974385561035368,0.002561443896463178,0.025594456794910823,0.9997537026921873,0.0002462973078126707,0.08467847702545013,0.9973556068217628,0.00264439317823717,0.0695223883355417,0.9983909035334907,0.0016090964665093077,0.0
T02,2,BG3,0.035481770833333336,0.003789120983736753,0.096283794995648,0.996560994658112,0.003439005341888013,0.03146442447324938,0.9996266942599974,0.0003733057400026052,0.09785288162115376,0.9964501419497785,0.003549858050221455,0.08435101295792134,0.9976240981363471,0.002375901863652885,0.0
T02,2,BG4,0.035481770833333336,0.003946510076634039,0.0868109621648444,0.9972045150469026,0.002795484953097449,0.028951997623520388,0.9996845259109043,0.00031547408909571306,0.08821870542823176,0.9971148459568429,0.0028851540431571454,0.0785456597464669,0.9979403333783349,0.002059666621665124,0.0
T02,2,BG5,0.035481770833333336,0.008499419092686361,0.24966812347609227,0.9773864353816821,0.022613564618317872,0.12219546147881993,0.994408843774224,0.005591156225775995,0.2531362624825632,0.9767805049047321,0.023219495095267884,0.2470352676766228,0.9800269347269368,0.019973065273063195,0.0
T02,2,BG6,0.035481770833333336,0.010612495734940025,0.23280169314429117,0.9800062503191956,0.019993749680804362,0.12731871761080218,0.9939755808492904,0.0060244191507096145,0.2357838881225115,0.9794997472867921,0.020500252713207878,0.22535318545585853,0.9830724707309869,0.016927529269013086,0.0
T02,2,BG7,0.035481770833333336,0.011077791572352886,0.2817212863957606,0.9711368304226268,0.028863169577373227,0.15741409408086215,0.9908907367639517,0.009109263236048326,0.28526304109158857,0.970423819617245,0.029576180382755002,0.28351468807843155,0.9736357262668731,0.026364273733126886,0.0
T02,2,BG8,0.035481770833333336,0.020340869344920073,0.2584249969404664,0.9751986674728181,0.024801332527181863,0.19566656984388017,0.9855857834154368,0.01441421658456321,0.2604454622005923,0.9748222666432993,0.025177733356700704,0.256327987515919,0.9780093790784967,0.02199062092150328,0.0
T02,2,BG9,0.035481770833333336,0.005878901170932905,0.20440017767479068,0.9844523340267209,0.015547665973279057,0.08320064735328904,0.9973992386617768,0.0026007613382231787,0.20751318419832593,0.9839821232569815,0.016017876743018467,0.19742348219875325,0.9869333564495065,0.013066643550493473,0.0
T02,2,BG10,0.035481770833333336,0.03612358922451414,0.21845826448669395,0.9822609842207165,0.017739015779283496,0.22042522024052735,0.9816715415049914,0.018328458495008637,0.2183855681599609,0.9822825747758249,0.017717425224175076,0.21189115978227233,0.9849543664545558,0.015045633545444193,0.0
T02,2,BG11,0.035481770833333336,0.008823993016303175,0.16645070950976779,0.9897057278225607,0.010294272177439279,0.0830071657488755,0.9974172061803871,0.0025827938196129052,0.1687352506646793,0.9894261482391724,0.01057385176082759,0.1563223138415386,0.991817514960323,0.008182485039677001,0.0
T02,2,BG12,0.035481770833333336,0.005511132149478802,0.18800822042209606,0.9869064510635286,0.01309354893647141,0.07409597341656551,0.9979328690988114,0.0020671309011885963,0.19090688071473974,0.9865078248699232,0.013492175130076833,0.17829737115329095,0.9893820701982091,0.010617929801790882,0.0
T02,2,BG13,0.035481770833333336,0.0058040341618951635,0.17221744679305476,0.9890125271857322,0.010987472814267818,0.06965294491023989,0.9981765037447033,0.0018234962552966527,0.1748468950795067,0.988680971695835,0.01131902830416498,0.16111959975003406,0.9913296527418692,0.008670347258130762,0.0
T02,2,BG14,0.035481770833333336,0.008697726633319205,0.1441162638584593,0.9922908106370127,0.0077091893629872565,0.07135316278902468,0.9980794601456562,0.0019205398543438168,0.14610356926606494,0.9920814138170635,0.007918586182936505,0.13570108717954815,0.9938402642727042,0.006159735727295779,0.0
T02,2,BG15,0.035481770833333336,0.005117587162463458,0.12066742124108766,0.9945932441914717,0.005406755808528341,0.0458268506635599,0.9992084590264284,0.0007915409735715917,0.12255208048286222,0.9944262023930702,0.005573797606929776,0.11141510847877811,0.995850463343081,0.004149536656918973,0.0
T03,0,BG1,0.035888671875,0.004451141764176305,0.07915343256906734,0.9976623501131806,0.002337649886819393,0.027875763610588293,0.999699809410348,0.0003001905896520274,0.08043358937251678,0.997589806610004,0.0024101933899960404,0.07073519682817203,0.99831778733155,0.0016822126684500338,0.0
T03,0,BG2,0.035888671875,0.0041278608280451035,0.0857580402419971,0.9972488894890663,0.0027511105109336853,0.029084304157242596,0.9996737419867274,0.0003262580132725734,0.08715916205334115,0.9971623020703979,0.00283769792960209,0.07344792909461638,0.9981837362662938,0.001816263733706247,0.0
T03,0,BG3,0.035888671875,0.003914651065753276,0.09772935480655187,0.9964074226543383,0.0035925773456616517,0.03227697804221137,0.9995964866321444,0.0004035133678556013,0.09933669688934656,0.9962922672891663,0.003707732710833689,0.08706062771439678,0.9974386884629941,0.0025613115370058948,0.0
T03,0,BG4,0.035888671875,0.003918854857062083,0.0879666711121862,0.9970897964240603,0.0029102035759397404,0.029068261163039892,0.9996730607655959,0.0003269392344040778,0.08941325891996912,0.9969965215448342,0.003003478455165798,0.08065874098628872,0.9978020575987518,0.002197942401248154,0.0
T03,0,BG5,0.035888671875,0.008635133461010325,0.25557021809472696,0.9760040868163129,0.0239959131836871,0.1253620476682431,0.9939237706394022,0.006076229360597818,0.25915727963671514,0.9753718419478123,0.024628158052187654,0.2540676770413439,0.9786551828496429,0.021344817150357076,0.0
T03,0,BG6,0.035888671875,0.013119253404213134,0.23281147283034237,0.9797415930192803,0.02025840698071968,0.14076031994096724,0.9923836172438834,0.007616382756116646,0.23554458444915868,0.9792852392653617,0.020714760734638293,0.22500845100081202,0.9829424527044177,0.017057547295582287,0.0
T03,0,BG7,0.035888671875,0.009671771186682783,0.28796968964351966,0.9694809077793528,0.030519092220647193,0.14949308067573192,0.9914022421798919,0.008597757820108076,0.29185878134334725,0.9687015258747184,0.03129847412528164,0.2900980869072196,0.9721182117952701,0.027881788204729863,0.0
T03,0,BG8,0.035888671875,0.029236540654620082,0.24816468288641916,0.9768342942914905,0.02316570570850951,0.2239877537877153,0.9805504104520721,0.01944958954792786,0.2490193488354254,0.9767002227604062,0.023299777239593755,0.24237030999242024,0.9801235252264556,0.019876474773544373,0.0
T03,0,BG9,0.035888671875,0.004508373027790236,0.20488243534207456,0.9841619487201505,0.015838051279849497,0.0726166075157371,0.9979639518757109,0.002036048124289147,0.20819003616880669,0.9836614235354111,0.016338576464588916,0.19961268890041564,0.9864838718212486,0.013516128178751363,0.0
T03,0,BG10,0.035888671875,0.041379852609881244,0.19298285268037654,0.9859737794160597,0.014026220583940319,0.20722134975653847,0.9833618112455728,0.01663818875442724,0.19243249251284933,0.9860683427896244,0.013931657210375592,0.1803823765804493,0.9889756309614955,0.011024369038504456,0.0
T03,0,BG11,0.035888671875,0.00963596695868378,0.16692801125744852,0.9895045612878502,0.010495438712149752,0.08649642880070263,0.9971119041515659,0.00288809584843408,0.16918546770769521,0.9892292293794225,0.010770770620577519,0.15716645821551103,0.9916320699407398,0.008367930059260176,0.0
T03,0,BG12,0.035888671875,0.005079794948538007,0.19022269797868258,0.9864083211707602,0.01359167882923984,0.07156599844025872,0.9980159233927292,0.001984076607270846,0.1932381493425887,0.9859898350181324,0.014010164981867579,0.18236300509110495,0.988761411336563,0.011238588663436966,0.0
T03,0,BG13,0.035888671875,0.005065550783157596,0.17421992335873926,0.988596990161798,0.011403009838201972,0.06545343778502749,0.9983411346645035,0.0016588653354965288,0.17698296218649368,0.9882454642474832,0.011754535752516837,0.1650541428739647,0.9907924850843876,0.009207514915612447,0.0
T03,0,BG14,0.035888671875,0.013530100997712782,0.1435820523004726,0.9922422554531166,0.007757744546883383,0.08816008140142041,0.9969895783454035,0.003010421654596529,0.14523740567942392,0.992070781989905,0.007929218010095052,0.13543214349426783,0.9937931068071736,0.006206893192826413,0.0
T03,0,BG15,0.035888671875,0.004862837170126493,0.12206069823969551,0.994391397625891,0.005608602374108984,0.044930579541444735,0.9992179691788584,0.0007820308211415883,0.12400914968464055,0.9942169926663944,0.005783007333605594,0.11433373463654468,0.995578055702943,0.004421944297057001,0.0
T03,1,BG1,0.035888671875,0.004181176348978361,0.07895038528839524,0.9976685442228014,0.002331455777198621,0.026947892297147412,0.9997112275258401,0.00028877247415992624,0.08023813516021622,0.9975975274471187,0.002402472552881285,0.07113706332003164,0.9982960770119271,0.0017039229880728701,0.0
T03,1,BG2,0.035888671875,0.00388603841125468,0.08588341202375645,0.9972339596601927,0.0027660403398073186,0.028260779797160202,0.9996829979018371,0.0003170020981628774,0.08729717919800614,0.9971486340846489,0.0028513659153510673,0.07408275168676137,0.9981492230940215,0.0018507769059784573,0.0
T03,1,BG3,0.035888671875,0.0037130631141589956,0.09656725386378236,0.9964846433506542,0.003515356649345769,0.03106113731983132,0.9996162546222203,0.0003837453777797428,0.09816541488302329,0.9963744485034824,0.003625551496517554,0.0861745909204253,0.9974866547130422,0.002513345286957791,0.0
T03,1,BG4,0.035888671875,0.003871523285369002,0.08678547094189946,0.997161125277699,0.0028388747223010435,0.028504227065557865,0.9996770319768431,0.0003229680231568999,0.08821473004615987,0.9970726148069023,0.0029273851930976535,0.07980770153269659,0.9978448424808483,0.0021551575191517403,0.0
T03,1,BG5,0.035888671875,0.00825095965976274,0.25538006135888186,0.9759897002172179,0.02401029978278213,0.12245048947417918,0.9940647281108086,0.005935271889191407,0.2590146260556382,0.9753655053032305,0.024634494696769482,0.2539641008874155,0.9786443565934609,0.02135564340653906,0.0
T03,1,BG6,0.035888671875,0.010883044455063048,0.23163640195219443,0.9798955461258662,0.020104453874133843,0.12755671274539118,0.9935843032485155,0.0064156967514844565,0.2346210860474786,0.9794136374667832,0.020586362533216773,0.2242132597687868,0.9830342457145848,0.016965754285415247,0.0
T03,1,BG7,0.035888671875,0.009473705709745919,0.2874865484900975,0.9695187667523195,0.030481233247680484,0.1477062187094234,0.9913836783857081,0.008616321614291933,0.29139825069622993,0.9687606193496072,0.03123938065039278,0.2898710246957492,0.972130798117314,0.027869201882686045,0.0
T03,1,BG8,0.035888671875,0.024647272276796642,0.2454865541500047,0.9772848937440909,0.022715106255909112,0.2034386418320536,0.9835906872728826,0.01640931272711743,0.2469135754688447,0.9770626480940199,0.02293735190598012,0.2403262266914791,0.9804306833232492,0.01956931667675077,0.0
T03,1,BG9,0.035888671875,0.004049630631785859,0.20351258878401507,0.9843394182666697,0.015660581733330292,0.06836287077102127,0.9981437717528708,0.0018562282471291658,0.2068457178003393,0.983851807262997,0.016148192737002964,0.1982843181940123,0.9866451298185035,0.013354870181496503,0.0
T03,1,BG10,0.035888671875,0.03416709623776902,0.18996545733774783,0.9863812576041859,0.013618742395814065,0.18535315363682697,0.9863891487856697,0.013610851214330255,0.1901349886088606,0.9863818268903902,0.013618173109609777,0.178049173551888,0.9892436111450513,0.010756388854948673,0.0
T03,1,BG11,0.035888671875,0.007511345641858828,0.16540916542428194,0.9896718364152793,0.010328163584720662,0.07567279071439965,0.9977286782728172,0.0022713217271828068,0.1678258103791912,0.9893876862647103,0.010612313735289702,0.15591810190636912,0.9917523669633452,0.008247633036654767,0.0
T03,1,BG12,0.035888671875,0.0048553782580309105,0.1893293939001919,0.9865078342747988,0.013492165725201177,0.06963873697986886,0.9980709122326903,0.0019290877673097118,0.19235237448669892,0.9861014003210143,0.013898599678985657,0.1814822068416185,0.9888557486530909,0.011144251346909106,0.0
T03,1,BG13,0.035888671875,0.0049682207156389,0.1733266303128564,0.9886887516595642,0.011311248340435842,0.06448920767418184,0.9983472809798449,0.001652719020155069,0.17608411410595365,0.9883489615810365,0.011651038418963533,0.16406815022853727,0.9908893926908043,0.009110607309195662,0.0
T03,1,BG14,0.035888671875,0.010042644654683713,0.14168157181339205,0.9924301507084397,0.007569849291560349,0.0749477709565748,0.9977675590672265,0.0022324409327735273,0.14356812111227382,0.9922421872378643,0.0077578127621357185,0.13394884085138295,0.9939196852185719,0.00608031478142812,0.0
T03,1,BG15,0.035888671875,0.004612394106627665,0.12061889619344296,0.9945110322398538,0.0054889677601461795,0.04324141138429358,0.9992561304150497,0.0007438695849503185,0.12255975139816133,0.9943439364963794,0.005656063503620579,0.11302926456855147,0.9956719017661465,0.004328098233853495,0.0
T03,2,BG1,0.035888671875,0.00425610856774173,0.07860158713848077,0.9976923462795692,0.0023076537204308467,0.02706817471010324,0.9997190915852782,0.0002809084147218366,0.07988064225471499,0.9976191119265198,0.0023808880734802473,0.07057125184237359,0.9983232958670099,0.0016767041329901478,0.0
T03,2,BG2,0.035888671875,0.0039977038493511155,0.08535849043794887,0.9972719153918255,0.0027280846081745302,0.028488746566439398,0.9996894080767733,0.0003105919232266885,0.08675875334817745,0.9971844633455975,0.002815536654402484,0.07321976549405657,0.9981927415863299,0.001807258413670132,0.0
T03,2,BG3,0.035888671875,0.003752026607634928,0.09671744242167724,0.9964779759356078,0.0035220240643921708,0.0312722453667347,0.9996252742445361,0.00037472575546393383,0.09831616645406431,0.9963630023702376,0.0036369976297624396,0.0861502960994226,0.9974881887580643,0.0025118112419356686,0.0
T03,2,BG4,0.035888671875,0.003920480776490998,0.08699077159586109,0.9971510392824127,0.0028489607175873344,0.028751741420871713,0.9996835516659922,0.0003164483340077906,0.08842123883764741,0.9970585423998778,0.0029414576001222104,0.0799120020093934,0.997839350861031,0.002160649138968962,0.0
T03,2,BG5,0.035888671875,0.008362735576719415,0.2553408904822054,0.9760418994234699,0.02395810057653014,0.1232582103519709,0.9941972097749043,0.0058027902250956664,0.25896030329570446,0.975392639271565,0.024607360728434946,0.253891535957132,0.9786751668454206,0.021324833154579448,0.0
T03,2,BG6,0.035888671875,0.011586510818036732,0.23192722779795247,0.9798695783549503,0.020130421645049745,0.13177996239593662,0.9934182813907506,0.006581718609249387,0.23483210762104287,0.979373929158481,0.020626070841519017,0.22436431496406903,0.9830096683778038,0.01699033162219621,0.0
T03,2,BG7,0.035888671875,0.009455008387928175,0.28773607578740956,0.9695054211152337,0.030494578884766255,0.1476884668576599,0.9917323477663479,0.008267652233652112,0.2916539258135165,0.9687030398525156,0.0312969601474844,0.2901863512332874,0.9720670414166572,0.02793295858334277,0.0
T03,2,BG8,0.035888671875,0.026471768867143267,0.24679789461044815,0.9770654022367362,0.022934597763263787,0.21196015977090205,0.9829135419130963,0.017086458086903678,0.24800025799717026,0.9768515263634878,0.02314847363651218,0.24134291390037252,0.9802587088809763,0.019741291119023674,0.0
T03,2,BG9,0.035888671875,0.004207014322052329,0.20418889250933145,0.9842540174676553,0.015745982532344716,0.06991017921604754,0.9981341441853103,0.0018658558146896764,0.20751669981317847,0.9837447404552034,0.016255259544796563,0.19896162727365935,0.9865532409445815,0.013446759055418478,0.0
T03,2,BG10,0.035888671875,0.03714455028014624,0.19093889996090344,0.9862548813558207,0.013745118644179266,0.19425100530488926,0.9856566564026217,0.014343343597378322,0.19081449825732,0.9862788194755675,0.013721180524432497,0.1787416175224349,0.9891577787490451,0.010842221250954909,0.0
T03,2,BG11,0.035888671875,0.008306096200875737,0.16597333285846438,0.9896129151682915,0.01038708483170847,0.07984690742602112,0.9975691516413513,0.0024308483586487073,0.16833078312183355,0.9893215272576581,0.010678472742341905,0.15638550949083407,0.9917023856280124,0.008297614371987616,0.0
T03,2,BG12,0.035888671875,0.0048989413914047,0.18994352054956684,0.9864377135555022,0.013562286444497751,0.07017734146572784,0.9981116912229688,0.0018883087770311668,0.19297208287971335,0.9860119808333828,0.013988019166617183,0.1820856585951475,0.9887826528012588,0.011217347198741234,0.0
T03,2,BG13,0.035888671875,0.004910646883591541,0.17395271039191953,0.9886249371503903,0.011375062849609652,0.06434604517138037,0.9984134950033924,0.0015865049966076183,0.1767252671578827,0.9882677599478894,0.011732240052110599,0.16469430747739153,0.9908232595712149,0.009176740428785135,0.0
T03,2,BG14,0.035888671875,0.010711768146747937,0.1424204259958032,0.992359527540546,0.007640472459453984,0.0778079850951738,0.9976832377226819,0.0023167622773181407,0.14426803251049639,0.9921648591741832,0.007835140825816822,0.13461071575312167,0.993859167406098,0.006140832593901968,0.0
T03,2,BG15,0.035888671875,0.004630948624622497,0.12118437601527036,0.9944659874733094,0.005534012526690613,0.0435314285167645,0.9992743755654908,0.0007256244345091867,0.1231331825980455,0.9942901750973929,0.005709824902607075,0.11349974213964024,0.9956358836341168,0.004364116365883186,0.0
T04,0,BG1,0.049479166666666664,0.004800092919434954,0.044629630764072246,0.9992171356712968,0.0007828643287032255,0.013900708228511024,0.9999281436386623,7.185636133766327e-05,0.045666490507824314,0.9991784103300361,0.0008215896699639291,0.028349828721727276,0.9997176122323257,0.00028238776767430807,0.0
T04,0,BG2,0.049479166666666664,0.0044959035538598355,0.04966314867685448,0.9990296863868039,0.0009703136131961054,0.014970336259255973,0.9999169558027573,8.304419724269874e-05,0.050824715507135576,0.99898127229109,0.0010187277089099833,0.028108211835992068,0.9997224717915928,0.00027752820840720727,0.0
T04,0,BG3,0.049479166666666664,0.004082257464857519,0.05618697475933424,0.99875761720277,0.0012423827972299906,0.016138926989937158,0.9999031105677947,9.688943220531598e-05,0.05751307178628354,0.9986949628133497,0.0013050371866503152,0.030670357971611842,0.9996699049740931,0.00033009502590686246,0.0
T04,0,BG4,0.049479166666666664,0.004164230466393377,0.06199568912737177,0.9984896592795944,0.0015103407204055674,0.017985299826566988,0.9998792210136282,0.00012077898637175011,0.06345626886867745,0.9984136467483707,0.0015863532516292578,0.05309320046969668,0.9990126126436938,0.000987387356306213,0.0
T04,0,BG5,0.049479166666666664,0.006121302681694118,0.17378167115750268,0.9882679505589222,0.011732049441077752,0.061124413965733024,0.9985969678245992,0.0014030321754008312,0.17770098710622773,0.9877129493570419,0.012287050642958097,0.17819202237538373,0.9889844023857153,0.011015597614284722,0.0
T04,0,BG6,0.049479166666666664,0.00821647288470154,0.13213535725163272,0.9931166066887488,0.006883393311251207,0.05384564308096551,0.9989139451446115,0.0010860548553884852,0.13497292777699346,0.9927986554842368,0.007201344515763153,0.1264693012295261,0.9943636256025224,0.00563637439747755,0.0
T04,0,BG7,0.049479166666666664,0.008535459193379584,0.21806491103417794,0.981489202803846,0.018510797196154005,0.09057076698135708,0.9969565778942472,0.0030434221057528132,0.2227119711869887,0.9806457671239187,0.01935423287608129,0.22781132362869086,0.9819455269019169,0.018054473098083057,0.0
T04,0,BG8,0.049479166666666664,0.009946210489377449,0.19286539525683982,0.9853151836893865,0.014684816310613469,0.08647129166162264,0.9971908936150603,0.002809106384939697,0.1968352548238889,0.9846638730743908,0.01533612692560915,0.1946867352074908,0.986626015427276,0.013373984572723985,0.0
T04,0,BG9,0.049479166666666664,0.006330457792408364,0.1671081808964778,0.988969391486072,0.011030608513928009,0.059772866290212584,0.9986584131333962,0.0013415868666037944,0.17085900802664628,0.9884373859700913,0.011562614029908658,0.16662839557432094,0.9901981209751196,0.009801879024880389,0.0
T04,0,BG10,0.049479166666666664,0.0071269339476543936,0.13939243996409725,0.9923307474789619,0.007669252521038117,0.05290289015489838,0.9989508544332918,0.0010491455667082095,0.1424640429578625,0.9919674360692361,0.008032563930763903,0.13793660148784206,0.9932894705569015,0.0067105294430984674,0.0
T04,0,BG11,0.049479166666666664,0.0061648620602582724,0.12616294546857862,0.9937199470923229,0.006280052907677081,0.044533036969931515,0.999257315270934,0.0007426847290660232,0.12900548428950084,0.9934163445626608,0.0065836554373391865,0.12350887728759298,0.9946244157457635,0.005375584254236454,0.0
T04,0,BG12,0.049479166666666664,0.006605933167140963,0.1441160461235339,0.9918192591997611,0.008180740800238895,0.05265847019675341,0.9989588583667274,0.0010411416332726242,0.14733037675528643,0.991428415882597,0.008571584117402997,0.1421660143706956,0.9928845067863757,0.007115493213624258,0.0
T04,0,BG13,0.049479166666666664,0.006087989425016606,0.135637198825829,0.9927507450754209,0.007249254924579063,0.047577823246842024,0.9991501228130418,0.00084987718695817,0.13869856297769828,0.9924002460690035,0.0075997539309965445,0.1312706127710845,0.9939318325215221,0.006068167478477937,0.0
T04,0,BG14,0.049479166666666664,0.00930698437864309,0.10881256698163655,0.9953323789622344,0.004667621037765635,0.04719243213870715,0.9991646785666056,0.0008353214333943759,0.11108816331099751,0.9951224697039777,0.0048775302960223366,0.10687792516380544,0.9959767982861394,0.0040232017138606135,0.0
T04,0,BG15,0.049479166666666664,0.00572315780527291,0.09332004446126924,0.9965739748188017,0.003426025181198278,0.031738150061762234,0.999624231543834,0.0003757684561660479,0.09544381255965508,0.9964069234636042,0.003593076536395845,0.08458273221585559,0.9974901965692082,0.0025098034307917683,0.0
T04,1,BG1,0.049479166666666664,0.005007708593806811,0.04409832674034109,0.9992367532500478,0.0007632467499522066,0.014029120548959733,0.9999283063994197,7.169360058034702e-05,0.04511813599855563,0.9991983083843952,0.0008016916156048381,0.027362990130830715,0.9997371157688054,0.00026288423119458226,0.0
T04,1,BG2,0.049479166666666664,0.004787279910060167,0.04941804036838065,0.9990406993243615,0.0009593006756385414,0.01537158822836024,0.9999144736944645,8.552630553548823e-05,0.050566472550147575,0.9989920542870521,0.001007945712947933,0.026861201016776182,0.9997466811169983,0.00025331888300172967,0.0
T04,1,BG3,0.049479166666666664,0.004169162188802635,0.05615620683740972,0.9987609628414371,0.0012390371585628834,0.016300877055017288,0.9999035561381765,9.644386182350306e-05,0.0574790696920461,0.9986972606627934,0.0013027393372065932,0.029347507225879928,0.9996976573993462,0.00030234260065375995,0.0
T04,1,BG4,0.049479166666666664,0.004422529693066147,0.06025192525863958,0.9985751994358077,0.0014248005641922523,0.01801337620000447,0.9998810889815981,0.00011891101840189044,0.061663424346298845,0.9985023142343862,0.001497685765613821,0.05021132556011737,0.9991172187428875,0.0008827812571124971,0.0
T04,1,BG5,0.049479166666666664,0.006363321134278215,0.17406142195219254,0.9882475485655016,0.011752451434498434,0.062421364704501284,0.9985666608009882,0.001433339199011785,0.17796537510207025,0.9876818004266676,0.012318199573332356,0.17866062887124373,0.9889335618561578,0.011066438143842228,0.0
T04,1,BG6,0.049479166666666664,0.008440170976400947,0.13145812037982182,0.9931986894148245,0.006801310585175524,0.05429400170765485,0.9989186650374883,0.0010813349625117263,0.13426600292968194,0.9928786335361248,0.007121366463875178,0.12553052013168076,0.9944526792076998,0.005547320792300248,0.0
T04,1,BG7,0.049479166666666664,0.008896946141916363,0.2171972320655746,0.9816727331469041,0.018327266853095936,0.09210083738538158,0.9969143233224671,0.0030856766775329003,0.22178535917816805,0.9808253366445453,0.019174663355454702,0.2271160610515753,0.9820816241021509,0.01791837589784906,0.0
T04,1,BG8,0.049479166666666664,0.01156657329181161,0.19523570060512208,0.9849798872032156,0.01502011279678439,0.09439530716391482,0.9967224507753376,0.0032775492246623905,0.19909122882628835,0.9843226255415573,0.01567737445844275,0.1971823778557259,0.9862973259655136,0.01370267403448644,0.0
T04,1,BG9,0.049479166666666664,0.006406949883978998,0.16836935217343615,0.9888225703979207,0.011177429602079347,0.06058673038311455,0.9986498737459544,0.001350126254045625,0.1721418608552489,0.9882721097356172,0.011727890264382812,0.1680064086363492,0.9900462434899101,0.009953756510089895,0.0
T04,1,BG10,0.049479166666666664,0.007510758227296471,0.1408321667392842,0.9921846822051266,0.007815317794873433,0.05486969724208468,0.9988947206851729,0.0011052793148270679,0.1439076711097397,0.9918089623600852,0.0081910376399148,0.1395974771745153,0.9931331491639654,0.006866850836034555,0.0
T04,1,BG11,0.049479166666666664,0.0064403208129187196,0.1272656896666358,0.9936199633999246,0.006380036600075356,0.04591492695970846,0.999227113558778,0.000772886441221976,0.1301150385044679,0.9933062604085601,0.006693739591439929,0.12474355793902119,0.994520643443499,0.005479356556501003,0.0
T04,1,BG12,0.049479166666666664,0.007250893004993151,0.14507355343812076,0.9917232511269641,0.008276748873035866,0.055535771424719334,0.9988656182590822,0.0011343817409178447,0.14826108747934497,0.9913243060489716,0.008675693951028407,0.14323512939421326,0.9927835291855901,0.007216470814409903,0.0
T04,1,BG13,0.049479166666666664,0.006580418875233475,0.1363900491821994,0.992682506085179,0.0073174939148209495,0.04973913947875133,0.9990901413915271,0.0009098586084729243,0.13943385155485413,0.9923244568550207,0.007675543144979313,0.1323185708774551,0.993840776632325,0.0061592233676750485,0.0
T04,1,BG14,0.049479166666666664,0.01022683238511769,0.11029547474343518,0.9952119323596241,0.00478806764037587,0.050143780659589084,0.9990758385153,0.0009241614846999813,0.11254979604823108,0.9949959992327577,0.005004000767242278,0.10859095273364025,0.9958503891398309,0.004149610860169073,0.0
T04,1,BG15,0.049479166666666664,0.005907187017682896,0.09078316817783695,0.9967630703965416,0.0032369296034584494,0.03136783225219454,0.999640292446329,0.00035970755367098484,0.092840609245725,0.9966023174239733,0.0033976825760266838,0.07995388661568874,0.9977602729399778,0.0022397270600221786,0.0
T04,2,BG1,0.049479166666666664,0.004767750259758821,0.04422471617731369,0.9992321619028258,0.0007678380971741783,0.013728105730633555,0.9999320186424405,6.798135755947676e-05,0.04525290403753504,0.9991927950070022,0.0008072049929978009,0.02788909052133876,0.9997266734204748,0.00027332657952516826,0.0
T04,2,BG2,0.049479166666666664,0.004430261138503203,0.04970239826178287,0.9990291602451382,0.0009708397548617853,0.014872391860568646,0.9999200885333185,7.991146668151483e-05,0.050866560055823976,0.9989789050295048,0.0010210949704951844,0.028102542679761484,0.9997224214166429,0.0002775785833570854,0.0
T04,2,BG3,0.049479166666666664,0.004179134754906567,0.055913885255256174,0.9987710152549235,0.001228984745076489,0.016249936570629904,0.9999047012880066,9.52987119934301e-05,0.057230753213212214,0.9987069865255358,0.0012930134744641997,0.030794934246480308,0.999667090299008,0.00033290970099197903,0.0
T04,2,BG4,0.049479166666666664,0.004144487154244576,0.06133510808403455,0.9985232630378987,0.001476736962101266,0.017751430055472715,0.9998857019313911,0.0001142980686088535,0.06278074728052514,0.9984463312268788,0.0015536687731212417,0.05204960463512432,0.9990507706525251,0.0009492293474748781,0.0
T04,2,BG5,0.049479166666666664,0.006221658043998939,0.17248642142711795,0.9884512632512946,0.01154873674870538,0.0611641285654062,0.9986385056129916,0.0013614943870083884,0.17636762057706326,0.9878853723109171,0.01211462768908289,0.17690948735488396,0.9891374444529006,0.010862555547099362,0.0
T04,2,BG6,0.049479166666666664,0.008126639756689097,0.1303939773013602,0.9933029632885978,0.0066970367114022045,0.0528447500900174,0.9989873565287495,0.0010126434712505183,0.13320018422067686,0.9929810211064068,0.007018978893593153,0.1245234856609657,0.9945339154048205,0.005466084595179499,0.0
T04,2,BG7,0.049479166666666664,0.008446334487831159,0.21801219390622922,0.9815165178698855,0.018483482130114526,0.0900748888994484,0.9970867409923747,0.0029132590076252907,0.22266813799826524,0.9806394047499973,0.019360595250002666,0.22788350003559066,0.9819280118141993,0.01807198818580069,0.0
T04,2,BG8,0.049479166666666664,0.00894994021690592,0.19290014854995238,0.9853278503296208,0.01467214967037922,0.08204109362585862,0.9975519831622331,0.002448016837766853,0.19696975198867164,0.9846350368091846,0.015364963190815373,0.194636840042772,0.9866317628452551,0.013368237154744889,0.0
T04,2,BG9,0.049479166666666664,0.006085681872784115,0.16703998452509855,0.9889916141657975,0.011008385834202494,0.05858195701129898,0.9987516506631698,0.0012483493368301568,0.17081031537550126,0.9884381790447268,0.01156182095527325,0.16648904973657208,0.9902129814949931,0.00978701850500685,0.0
T04,2,BG10,0.049479166666666664,0.00654922330039157,0.13922814420547241,0.9923574870013097,0.007642512998690343,0.0506536500026304,0.9990694962366387,0.0009305037633613455,0.142337518850075,0.9919771250127506,0.008022874987249407,0.1378138690246667,0.9932998428057983,0.006700157194201695,0.0
T04,2,BG11,0.049479166666666664,0.005968226226027086,0.12602852985097568,0.9937402960771825,0.0062597039228174944,0.043770380322271825,0.9993053988399709,0.0006946011600290625,0.12888078819495044,0.9934252631765442,0.0065747368234557735,0.12340793426931936,0.9946319087506883,0.005368091249311702,0.0
T04,2,BG12,0.049479166666666664,0.0064900802654914245,0.14413844253641478,0.9918266835113186,0.00817331648868136,0.05220278471754336,0.9990085816139153,0.0009914183860847414,0.1473618648550354,0.9914207065051241,0.00857929349487585,0.14217001187722797,0.9928837419129344,0.007116258087065619,0.0
T04,2,BG13,0.049479166666666664,0.006115333508295223,0.13568634797351845,0.9927540310906698,0.007245968909330158,0.04770182981428455,0.9991722546321034,0.0008277453678966484,0.13874691282113152,0.9923910116045259,0.007608988395474081,0.13131203585491066,0.993927311538311,0.006072688461688958,0.0
T04,2,BG14,0.049479166666666664,0.008530121268470347,0.10877560737200886,0.995340749012622,0.004659250987377961,0.0451645753610126,0.9992580178719845,0.0007419821280154615,0.111093962957318,0.9951191298634275,0.004880870136572457,0.10684248625132374,0.9959784588427988,0.004021541157201214,0.0
T04,2,BG15,0.049479166666666664,0.005484995773091907,0.09339356695362587,0.9965725573502178,0.003427442649782231,0.031095240700334748,0.9996500079505376,0.0003499920494623998,0.0955304475577819,0.9963985558830076,0.0036014441169923694,0.08468559772554034,0.9974837108745402,0.0025162891254597586,0.0
T05,0,BG1,0.045003255208333336,0.005538120471554652,0.04612669237558383,0.9991569682929525,0.0008430317070474702,0.016181230659334644,0.9999010141126181,9.898588738188607e-05,0.04707013436325076,0.9991203848735977,0.0008796151264023333,0.02990143543245596,0.9996843274753683,0.000315672524631716,0.0
T05,0,BG2,0.045003255208333336,0.006161125440213987,0.05233001745822061,0.9989137127346497,0.0010862872653503164,0.019362388991153678,0.9998588592631416,0.0001411407368584472,0.05338360817382785,0.9988672042894919,0.001132795710508061,0.032063333016762494,0.9996370215068124,0.00036297849318756015,0.0
T05,0,BG3,0.045003255208333336,0.010520885090642357,0.05958075358129817,0.998590857279745,0.0014091427202550522,0.028807804839624387,0.9996852543345522,0.0003147456654477576,0.060646865880359446,0.9985368126135054,0.0014631873864946465,0.03761501638975222,0.9995003711024464,0.0004996288975536167,0.0
T05,0,BG4,0.045003255208333336,0.008215073221544853,0.0647616400972814,0.998336056138351,0.001663943861649031,0.02766951799857158,0.9997097764459523,0.0002902235540477305,0.0659972204254131,0.998268204715461,0.0017317952845390394,0.057109683034597486,0.9988492835963915,0.0011507164036085316,0.0
T05,0,BG5,0.045003255208333336,0.008477169657278962,0.17300939651842182,0.9882720468203913,0.01172795317960873,0.07508845429714431,0.9978581179072777,0.002141882092722258,0.17628692602283172,0.9878074943745834,0.012192505625416628,0.17539763891183652,0.9892673352111974,0.010732664788802637,0.0
T05,0,BG6,0.045003255208333336,0.010743959410709575,0.14199738931656763,0.9919900793492796,0.00800992065072037,0.0693810031668574,0.9981801356836483,0.001819864316351727,0.1445219356209735,0.991683642317901,0.00831635768209904,0.1364796655161283,0.9934040001285613,0.0065959998714386625,0.0
T05,0,BG7,0.045003255208333336,0.013105311417065736,0.20830071464604744,0.9829590754818174,0.01704092451818262,0.11240676993807584,0.9952391052652,0.004760894734800014,0.21175087818424593,0.982355252446741,0.017644747553258955,0.21550559603245042,0.9837464323372584,0.016253567662741553,0.0
T05,0,BG8,0.045003255208333336,0.046962663901088796,0.226507345089509,0.979627043614127,0.020372956385872998,0.23138579159653147,0.9797969657630553,0.020203034236944695,0.22627485825189467,0.9796195437480982,0.02038045625190177,0.2298240623335432,0.9813039138322563,0.018696086167743653,0.0
T05,0,BG9,0.045003255208333336,0.020670027976916684,0.16625677420977164,0.9889969478066614,0.011003052193338636,0.11267509107469409,0.995181869966318,0.004818130033682033,0.1683615546262898,0.9886907245496103,0.011309275450389733,0.16484186590460717,0.9903620818653724,0.009637918134627554,0.0
T05,0,BG10,0.045003255208333336,0.04193591122223647,0.16778288568145264,0.9888005309610459,0.01119946903895408,0.16196409076351584,0.9900938119619281,0.009906188038071861,0.1680521197089565,0.9887376316283633,0.011262368371636744,0.1678550862156273,0.9900073653732103,0.009992634626789676,0.0
T05,0,BG11,0.045003255208333336,0.017427550751509473,0.12692553994770406,0.9935900465827465,0.006409953417253478,0.07898511109851024,0.997637387733333,0.002362612266667008,0.1287449981298672,0.9933899724645052,0.006610027535494778,0.12316153296124768,0.9946248737076331,0.005375126292366916,0.0
T05,0,BG12,0.045003255208333336,0.025135889431897974,0.14300717624625156,0.9918770043614117,0.008122995638588315,0.10687669014316602,0.9956598427977841,0.004340157202215922,0.1444870508952218,0.9916902896372242,0.008309710362775835,0.13893201165231767,0.9931683936961333,0.0068316063038667,0.0
T05,0,BG13,0.045003255208333336,0.01994148029762523,0.13209173249624437,0.993067086220188,0.006932913779811978,0.08792904755753408,0.9970624388406628,0.0029375611593371875,0.13381373563309526,0.992869817907486,0.007130182092514037,0.12595900729132434,0.994383277547051,0.0056167224529489745,0.0
T05,0,BG14,0.045003255208333336,0.06214071775280567,0.1478981041025835,0.99130653937436,0.008693460625640026,0.1737915974428996,0.9885615119660396,0.011438488033960414,0.14656507742507327,0.9914430484400678,0.008556951559932191,0.14818660567105896,0.9922201313682533,0.007779868631746734,0.0
T05,0,BG15,0.045003255208333336,0.016815880616039707,0.09361256233375571,0.9965188090182736,0.0034811909817263897,0.057223178350631156,0.9987569583148395,0.0012430416851605397,0.09498403497482517,0.9964082031003251,0.003591796899674926,0.08811027483487589,0.9972553222630439,0.0027446777369560804,0.0
T05,1,BG1,0.045003255208333336,0.006460227862078792,0.0462550380778419,0.9991519202471034,0.00084807975289658,0.017525119852649342,0.9998835017720107,0.00011649822798931453,0.047179216643399254,0.9991161880182179,0.0008838119817821122,0.030216790522846582,0.9996776616413291,0.0003223383586709039,0.0
T05,1,BG2,0.045003255208333336,0.007026564752326833,0.052976713484647324,0.9988861365306216,0.0011138634693783622,0.020933149474657235,0.9998346674013998,0.00016533259860018745,0.05401978879941801,0.9988397614400895,0.0011602385599105425,0.03286293289182372,0.9996186962708797,0.00038130372912026367,0.0
T05,1,BG3,0.045003255208333336,0.010725379417735603,0.059795328811635434,0.9985802340680711,0.0014197659319289402,0.029191178351981772,0.9996753750555274,0.0003246249444726068,0.06085899082917253,0.9985264949485959,0.0014735050514040893,0.037185997348316194,0.9995113360439793,0.0004886639560206518,0.0
T05,1,BG4,0.045003255208333336,0.009393952939257908,0.06453367734096115,0.9983465722239526,0.0016534277760473781,0.02948415184115286,0.9996685069837827,0.0003314930162172658,0.06572581122173571,0.9982816210537088,0.0017183789462912324,0.056820761600953874,0.9988601446667963,0.0011398553332037098,0.0
T05,1,BG5,0.045003255208333336,0.011848431506852934,0.17414121896704537,0.9881134782952259,0.011886521704774111,0.08935318693924131,0.9969493269421527,0.0030506730578473418,0.17713827726415982,0.9876877117524098,0.01231228824759023,0.17647633607112975,0.9891386415655625,0.010861358434437474,0.0
T05,1,BG6,0.045003255208333336,0.010436263387764256,0.14201745176160274,0.9919866090223548,0.008013390977645196,0.0683899469827422,0.9982198995744492,0.001780100425550768,0.1445648320730059,0.991679802430838,0.008320197569162024,0.1363549601215472,0.9934185943646857,0.006581405635314286,0.0
T05,1,BG7,0.045003255208333336,0.015158010786717283,0.20895543592923518,0.9828584177956301,0.0171415822043699,0.12126984299026558,0.9944145230956397,0.005585476904360287,0.21219542024739846,0.9822946403456703,0.017705359654329733,0.21628539168974634,0.9836489554431339,0.01635104455686609,0.0
T05,1,BG8,0.045003255208333336,0.05531218999365476,0.24310751796029212,0.9765435790038275,0.02345642099617251,0.26951742707403786,0.9722833956356922,0.027716604364307784,0.24179181730501992,0.9767527939508394,0.02324720604916064,0.24750450030783802,0.9783456094454349,0.021654390554565084,0.0
T05,1,BG9,0.045003255208333336,0.030959735646285163,0.1726684742777643,0.9881321679331314,0.011867832066868589,0.1432153963034147,0.9921704417013489,0.007829558298651063,0.17393341231758142,0.9879334754935275,0.012066524506472498,0.17132859823532293,0.9895943264192697,0.010405673580730301,0.0
T05,1,BG10,0.045003255208333336,0.050240411246476005,0.17861744246783062,0.9873113452056376,0.01268865479436243,0.188724592008302,0.9864323082728643,0.013567691727135678,0.1781270044437157,0.9873550999921337,0.012644900007866333,0.1796734570379491,0.9885598286874107,0.011440171312589342,0.0
T05,1,BG11,0.045003255208333336,0.023113586735982038,0.1298054820295489,0.9932940247257783,0.006705975274221676,0.09302608454081043,0.9967016277510853,0.003298372248914716,0.13128470218803032,0.9931264862412594,0.006873513758740568,0.1261311625409119,0.9943629231863639,0.0056370768136361216,0.0
T05,1,BG12,0.045003255208333336,0.038514261530662244,0.14735468986234815,0.9913755351900532,0.00862446480994683,0.13631786826044537,0.9928942747098141,0.007105725290185938,0.1478544637549945,0.9913011626554298,0.00869883734457022,0.1428715164528057,0.9927795616516392,0.007220438348360836,0.0
T05,1,BG13,0.045003255208333336,0.03302649215034716,0.135509173894371,0.9927035488638685,0.007296451136131532,0.11608549498915244,0.9948493988214216,0.005150601178578351,0.13635624718744038,0.9925982685882437,0.007401731411756263,0.12903716279699892,0.9941085058131682,0.005891494186831769,0.0
T05,1,BG14,0.045003255208333336,0.07409808206745505,0.16195109894645215,0.9895787701336674,0.010421229866332649,0.20780951009182763,0.9834893753857182,0.016510624614281766,0.1594650250995804,0.9898775411046967,0.010122458895303277,0.16301067539651268,0.9905934670136658,0.009406532986334204,0.0
T05,1,BG15,0.045003255208333336,0.02579687604565818,0.09514857349208791,0.9964012011665866,0.003598798833413408,0.07203836968913381,0.998017999910907,0.0019820000890929945,0.09610059904504599,0.9963217480569495,0.0036782519430504923,0.08938320159072223,0.9971743404340416,0.0028256595659583716,0.0
T05,2,BG1,0.045003255208333336,0.005270237590193774,0.04650810918088383,0.9991418942530033,0.0008581057469967401,0.015915556041868607,0.9999066830731825,9.331692681746606e-05,0.04746574413613758,0.999103387175064,0.0008966128249360272,0.030875610934257006,0.9996626591093166,0.0003373408906833797,0.0
T05,2,BG2,0.045003255208333336,0.006545353899415968,0.05285903544881864,0.9988901692702414,0.0011098307297585652,0.020158761020186527,0.9998504818667382,0.00014951813326180563,0.05391285253376169,0.9988417379623704,0.0011582620376295871,0.03327401738783186,0.9996082341206065,0.00039176587939349083,0.0
T05,2,BG3,0.045003255208333336,0.010136342321627826,0.0596579891792774,0.9985852647504734,0.0014147352495266219,0.02831309076616002,0.9997033058141551,0.0002966941858448813,0.06073728227094653,0.9985286816195696,0.0014713183804303531,0.03847641064433073,0.9994760096920577,0.000523990307942257,0.0
T05,2,BG4,0.045003255208333336,0.008510731051078304,0.06461886996361312,0.998340982057273,0.001659017942727048,0.028100938720235318,0.9997073986010089,0.00029260139899112136,0.06584191024051066,0.998271776841882,0.0017282231581180474,0.05692298792111984,0.9988538926369885,0.0011461073630114615,0.0
T05,2,BG5,0.045003255208333336,0.01039061506056869,0.1739587365324134,0.9881303206259178,0.011869679374082232,0.08358818752224177,0.9974040738654159,0.0025959261345841478,0.1770831349143938,0.9876703671704519,0.012329632829548132,0.17648891648856452,0.9891149073567062,0.010885092643293848,0.0
T05,2,BG6,0.045003255208333336,0.010548561748048971,0.14170074048543532,0.9920106835647133,0.007989316435286664,0.06860358011021707,0.9982631374415706,0.0017368625584294195,0.1442342551744011,0.9916932208932616,0.008306779106738382,0.1362379490937126,0.9934105310393897,0.006589468960610301,0.0
T05,2,BG7,0.045003255208333336,0.014617790895611802,0.20951520075023766,0.982739118613244,0.017260881386755966,0.11940828081803723,0.9947396068185267,0.005260393181473311,0.21282221073983695,0.9821347344734223,0.017865265526577745,0.21656102766271437,0.9835521200779673,0.01644787992203267,0.0
T05,2,BG8,0.045003255208333336,0.05389117090696227,0.2424751544539185,0.9766418024268666,0.0233581975731334,0.26534083421357313,0.973925289288592,0.02607471071140799,0.24134418911059569,0.976779695175395,0.02322030482460502,0.24693327020412248,0.9783891022093772,0.021610897790622752,0.0
T05,2,BG9,0.045003255208333336,0.027724184091604216,0.17103726313636541,0.9883419233242516,0.011658076675748363,0.13424501297190067,0.9933085174891474,0.006691482510852609,0.17257764352875712,0.9880899610043619,0.01191003899563814,0.1696977828974336,0.9897641229354437,0.010235877064556309,0.0
T05,2,BG10,0.045003255208333336,0.04804375022156724,0.1792571424005908,0.98720609140674,0.012793908593260017,0.18521363479758926,0.98730018731407,0.012699812685930012,0.17897155768205408,0.9872018918532266,0.012798108146773401,0.180614065395562,0.9884086700318214,0.011591329968178576,0.0
T05,2,BG11,0.045003255208333336,0.020226186004072465,0.12915101065881604,0.993354144550662,0.006645855449338045,0.0865830425842371,0.9972213707554215,0.002778629244578501,0.13081567228352428,0.9931580896503217,0.006841910349678293,0.12572161933910522,0.9943853989602828,0.005614601039717226,0.0
T05,2,BG12,0.045003255208333336,0.03493480354953073,0.14683489576600586,0.9914286620930137,0.008571337906986276,0.12937086074788162,0.9937785487116065,0.006221451288393465,0.14760690038396498,0.9913099300113594,0.008690069988640636,0.14250202962101519,0.9927997750021282,0.0072002249978717625,0.0
T05,2,BG13,0.045003255208333336,0.029010642225365375,0.13484841366589084,0.9927677466718154,0.007232253328184557,0.10826860699845603,0.9956445028348363,0.004355497165163702,0.1359728283138133,0.9926221864024825,0.007377813597517546,0.1284632687811378,0.9941465965207501,0.005853403479249897,0.0
T05,2,BG14,0.045003255208333336,0.07088702406379543,0.16701019938392422,0.9889090629842187,0.011090937015781344,0.20960633407730744,0.983679993033933,0.016320006966066947,0.1647313705017626,0.989173723127586,0.010826276872413998,0.16894633912979895,0.9898718352896876,0.010128164710312415,0.0
T05,2,BG15,0.045003255208333336,0.02397635817286074,0.09472310971472266,0.996430321226839,0.0035696787731609447,0.06913939768973866,0.9982257335817236,0.0017742664182763823,0.09576022778093066,0.9963393619747545,0.0036606380252455217,0.08898722225271928,0.9971931096254679,0.0028068903745320783,0.0
