task,seed,background,condition,future_clean_BG0_RMS
Original,0,BG1,spatial_E,0.11467547221169724
Original,0,BG1,spatial_EM,0.03289152870770267
Original,0,BG1,spatial_ML,0.03736985891246935
Original,0,BG1,spatial_all,0.0
Original,0,BG2,spatial_E,0.06480366412341734
Original,0,BG2,spatial_EM,0.03282303735757988
Original,0,BG2,spatial_ML,0.010618873457945812
Original,0,BG2,spatial_all,0.0
Original,0,BG3,spatial_E,0.1390179334938082
Original,0,BG3,spatial_EM,0.032469690413294054
Original,0,BG3,spatial_ML,0.05206234522097173
Original,0,BG3,spatial_all,0.0
Original,0,BG4,spatial_E,0.12667127160835023
Original,0,BG4,spatial_EM,0.031157080464056956
Original,0,BG4,spatial_ML,0.04221700771112798
Original,0,BG4,spatial_all,0.0
Original,0,BG5,spatial_E,0.2942298296882904
Original,0,BG5,spatial_EM,0.03876781365409961
Original,0,BG5,spatial_ML,0.08117094978070637
Original,0,BG5,spatial_all,0.0
Original,0,BG6,spatial_E,0.39204045760769035
Original,0,BG6,spatial_EM,0.03994976448382895
Original,0,BG6,spatial_ML,0.09140234031846971
Original,0,BG6,spatial_all,0.0
Original,0,BG7,spatial_E,0.29833837767186516
Original,0,BG7,spatial_EM,0.04255837584037812
Original,0,BG7,spatial_ML,0.07031424254340511
Original,0,BG7,spatial_all,0.0
Original,0,BG8,spatial_E,0.44791851503347907
Original,0,BG8,spatial_EM,0.032973959543561346
Original,0,BG8,spatial_ML,0.1114099637532182
Original,0,BG8,spatial_all,0.0
Original,0,BG9,spatial_E,0.3456891973841332
Original,0,BG9,spatial_EM,0.030481528601148576
Original,0,BG9,spatial_ML,0.0959876869212646
Original,0,BG9,spatial_all,0.0
Original,0,BG10,spatial_E,0.41698857273684
Original,0,BG10,spatial_EM,0.035696994687254506
Original,0,BG10,spatial_ML,0.10245299098068303
Original,0,BG10,spatial_all,0.0
Original,0,BG11,spatial_E,0.34464755841541733
Original,0,BG11,spatial_EM,0.03533894776395166
Original,0,BG11,spatial_ML,0.0842350344625248
Original,0,BG11,spatial_all,0.0
Original,0,BG12,spatial_E,0.21004137673757264
Original,0,BG12,spatial_EM,0.035585428033307345
Original,0,BG12,spatial_ML,0.07413339590547642
Original,0,BG12,spatial_all,0.0
Original,0,BG13,spatial_E,0.163906658350277
Original,0,BG13,spatial_EM,0.0401952181780129
Original,0,BG13,spatial_ML,0.034975479786179334
Original,0,BG13,spatial_all,0.0
Original,0,BG14,spatial_E,0.33633292116026037
Original,0,BG14,spatial_EM,0.030533181599937502
Original,0,BG14,spatial_ML,0.08412533558027514
Original,0,BG14,spatial_all,0.0
Original,0,BG15,spatial_E,0.21165893710025133
Original,0,BG15,spatial_EM,0.03356916601846446
Original,0,BG15,spatial_ML,0.07603544705372386
Original,0,BG15,spatial_all,0.0
Original,1,BG1,spatial_E,0.06699201802671934
Original,1,BG1,spatial_EM,0.0371024786918638
Original,1,BG1,spatial_ML,0.013754933825087978
Original,1,BG1,spatial_all,0.0
Original,1,BG2,spatial_E,0.06018485280387763
Original,1,BG2,spatial_EM,0.03560083630196146
Original,1,BG2,spatial_ML,0.004354265788723666
Original,1,BG2,spatial_all,0.0
Original,1,BG3,spatial_E,0.09014178613063276
Original,1,BG3,spatial_EM,0.034196977417689366
Original,1,BG3,spatial_ML,0.022550364869545397
Original,1,BG3,spatial_all,0.0
Original,1,BG4,spatial_E,0.07828430046885662
Original,1,BG4,spatial_EM,0.0320098772818604
Original,1,BG4,spatial_ML,0.018548307342208713
Original,1,BG4,spatial_all,0.0
Original,1,BG5,spatial_E,0.24459121841806544
Original,1,BG5,spatial_EM,0.039397762305416105
Original,1,BG5,spatial_ML,0.028163868242869164
Original,1,BG5,spatial_all,0.0
Original,1,BG6,spatial_E,0.32683901949888183
Original,1,BG6,spatial_EM,0.03944301754235498
Original,1,BG6,spatial_ML,0.037630922772634606
Original,1,BG6,spatial_all,0.0
Original,1,BG7,spatial_E,0.2748812688496888
Original,1,BG7,spatial_EM,0.043317859601149845
Original,1,BG7,spatial_ML,0.022655785868880816
Original,1,BG7,spatial_all,0.0
Original,1,BG8,spatial_E,0.4295248054427954
Original,1,BG8,spatial_EM,0.03434067174917857
Original,1,BG8,spatial_ML,0.04917331285000483
Original,1,BG8,spatial_all,0.0
Original,1,BG9,spatial_E,0.2863634954059748
Original,1,BG9,spatial_EM,0.03271493598044002
Original,1,BG9,spatial_ML,0.04125829498873414
Original,1,BG9,spatial_all,0.0
Original,1,BG10,spatial_E,0.3948639083819625
Original,1,BG10,spatial_EM,0.03988023162736148
Original,1,BG10,spatial_ML,0.045167596593209146
Original,1,BG10,spatial_all,0.0
Original,1,BG11,spatial_E,0.27491730913109086
Original,1,BG11,spatial_EM,0.03287145478079181
Original,1,BG11,spatial_ML,0.037689799589884894
Original,1,BG11,spatial_all,0.0
Original,1,BG12,spatial_E,0.17932571893104937
Original,1,BG12,spatial_EM,0.036189686597268615
Original,1,BG12,spatial_ML,0.02889420740558668
Original,1,BG12,spatial_all,0.0
Original,1,BG13,spatial_E,0.15757362453870397
Original,1,BG13,spatial_EM,0.03603460226993575
Original,1,BG13,spatial_ML,0.01679864328728261
Original,1,BG13,spatial_all,0.0
Original,1,BG14,spatial_E,0.26553278533882807
Original,1,BG14,spatial_EM,0.03064040057493213
Original,1,BG14,spatial_ML,0.03737364563737519
Original,1,BG14,spatial_all,0.0
Original,1,BG15,spatial_E,0.12861549572044048
Original,1,BG15,spatial_EM,0.03176526177901761
Original,1,BG15,spatial_ML,0.030116879299660036
Original,1,BG15,spatial_all,0.0
Original,2,BG1,spatial_E,0.0763048012893389
Original,2,BG1,spatial_EM,0.03266455593129131
Original,2,BG1,spatial_ML,0.014213669227148413
Original,2,BG1,spatial_all,0.0
Original,2,BG2,spatial_E,0.06460233783340269
Original,2,BG2,spatial_EM,0.03292246426698955
Original,2,BG2,spatial_ML,0.003667142030451622
Original,2,BG2,spatial_all,0.0
Original,2,BG3,spatial_E,0.10623906143383179
Original,2,BG3,spatial_EM,0.03444417486121164
Original,2,BG3,spatial_ML,0.022207071305114054
Original,2,BG3,spatial_all,0.0
Original,2,BG4,spatial_E,0.09819400108381274
Original,2,BG4,spatial_EM,0.032688471818314795
Original,2,BG4,spatial_ML,0.01964322912745319
Original,2,BG4,spatial_all,0.0
Original,2,BG5,spatial_E,0.24650040696373346
Original,2,BG5,spatial_EM,0.0391048911750263
Original,2,BG5,spatial_ML,0.03388820723070635
Original,2,BG5,spatial_all,0.0
Original,2,BG6,spatial_E,0.3624161857857025
Original,2,BG6,spatial_EM,0.03831427729913395
Original,2,BG6,spatial_ML,0.04795961897137051
Original,2,BG6,spatial_all,0.0
Original,2,BG7,spatial_E,0.274828473810334
Original,2,BG7,spatial_EM,0.04182042234848608
Original,2,BG7,spatial_ML,0.026032265796396187
Original,2,BG7,spatial_all,0.0
Original,2,BG8,spatial_E,0.44810208800645296
Original,2,BG8,spatial_EM,0.03301529317075914
Original,2,BG8,spatial_ML,0.06871233351742585
Original,2,BG8,spatial_all,0.0
Original,2,BG9,spatial_E,0.3219526444426356
Original,2,BG9,spatial_EM,0.03075070847482434
Original,2,BG9,spatial_ML,0.049423320889235685
Original,2,BG9,spatial_all,0.0
Original,2,BG10,spatial_E,0.41503832333104584
Original,2,BG10,spatial_EM,0.03525296427731991
Original,2,BG10,spatial_ML,0.05968668600017894
Original,2,BG10,spatial_all,0.0
Original,2,BG11,spatial_E,0.2973797180090738
Original,2,BG11,spatial_EM,0.03286023632004438
Original,2,BG11,spatial_ML,0.039968410052151744
Original,2,BG11,spatial_all,0.0
Original,2,BG12,spatial_E,0.18266866892674158
Original,2,BG12,spatial_EM,0.03668485240937465
Original,2,BG12,spatial_ML,0.031354598557997444
Original,2,BG12,spatial_all,0.0
Original,2,BG13,spatial_E,0.1597797981413289
Original,2,BG13,spatial_EM,0.03719177720503695
Original,2,BG13,spatial_ML,0.020635077717436296
Original,2,BG13,spatial_all,0.0
Original,2,BG14,spatial_E,0.29151564969359417
Original,2,BG14,spatial_EM,0.029982356944158708
Original,2,BG14,spatial_ML,0.038899307723254783
Original,2,BG14,spatial_all,0.0
Original,2,BG15,spatial_E,0.14042238300291726
Original,2,BG15,spatial_EM,0.031643449550313084
Original,2,BG15,spatial_ML,0.030770226916178076
Original,2,BG15,spatial_all,0.0
T01,0,BG1,spatial_E,0.06145256014546405
T01,0,BG1,spatial_EM,0.03569245306374924
T01,0,BG1,spatial_ML,0.0025768760808363798
T01,0,BG1,spatial_all,0.0
T01,0,BG2,spatial_E,0.058452281067411585
T01,0,BG2,spatial_EM,0.03571537937263077
T01,0,BG2,spatial_ML,0.0024959267841318258
T01,0,BG2,spatial_all,0.0
T01,0,BG3,spatial_E,0.10651965022741164
T01,0,BG3,spatial_EM,0.035648688753669285
T01,0,BG3,spatial_ML,0.004984938425252703
T01,0,BG3,spatial_all,0.0
T01,0,BG4,spatial_E,0.09586840971903533
T01,0,BG4,spatial_EM,0.03342751074331816
T01,0,BG4,spatial_ML,0.0044981139858205595
T01,0,BG4,spatial_all,0.0
T01,0,BG5,spatial_E,0.23928266140502666
T01,0,BG5,spatial_EM,0.04060014212389315
T01,0,BG5,spatial_ML,0.0036264486405261616
T01,0,BG5,spatial_all,0.0
T01,0,BG6,spatial_E,0.22953944579725494
T01,0,BG6,spatial_EM,0.040687464377657724
T01,0,BG6,spatial_ML,0.009383717367885906
T01,0,BG6,spatial_all,0.0
T01,0,BG7,spatial_E,0.27848224412356143
T01,0,BG7,spatial_EM,0.044557519234183135
T01,0,BG7,spatial_ML,0.004630479349219089
T01,0,BG7,spatial_all,0.0
T01,0,BG8,spatial_E,0.24711130818760846
T01,0,BG8,spatial_EM,0.03413375436703311
T01,0,BG8,spatial_ML,0.029947187900556043
T01,0,BG8,spatial_all,0.0
T01,0,BG9,spatial_E,0.20440339732302631
T01,0,BG9,spatial_EM,0.03216023441913965
T01,0,BG9,spatial_ML,0.018612173109899214
T01,0,BG9,spatial_all,0.0
T01,0,BG10,spatial_E,0.22437303328232944
T01,0,BG10,spatial_EM,0.0369149415112815
T01,0,BG10,spatial_ML,0.03023923333768979
T01,0,BG10,spatial_all,0.0
T01,0,BG11,spatial_E,0.16600315555211453
T01,0,BG11,spatial_EM,0.03620763648231611
T01,0,BG11,spatial_ML,0.011444038788677497
T01,0,BG11,spatial_all,0.0
T01,0,BG12,spatial_E,0.18142263539208092
T01,0,BG12,spatial_EM,0.03768504306211233
T01,0,BG12,spatial_ML,0.00734250698898638
T01,0,BG12,spatial_all,0.0
T01,0,BG13,spatial_E,0.16370475854647304
T01,0,BG13,spatial_EM,0.04196846943149691
T01,0,BG13,spatial_ML,0.006174594992459501
T01,0,BG13,spatial_all,0.0
T01,0,BG14,spatial_E,0.14502655518810897
T01,0,BG14,spatial_EM,0.03249207547200621
T01,0,BG14,spatial_ML,0.009183089097773373
T01,0,BG14,spatial_all,0.0
T01,0,BG15,spatial_E,0.12229833396279645
T01,0,BG15,spatial_EM,0.036072881925146946
T01,0,BG15,spatial_ML,0.006315010806971673
T01,0,BG15,spatial_all,0.0
T01,1,BG1,spatial_E,0.07807148034565843
T01,1,BG1,spatial_EM,0.04221404362214699
T01,1,BG1,spatial_ML,0.007970714322277197
T01,1,BG1,spatial_all,0.0
T01,1,BG2,spatial_E,0.07599625471754906
T01,1,BG2,spatial_EM,0.04064251220896075
T01,1,BG2,spatial_ML,0.006782465639539844
T01,1,BG2,spatial_all,0.0
T01,1,BG3,spatial_E,0.0948266607811135
T01,1,BG3,spatial_EM,0.041710820159008406
T01,1,BG3,spatial_ML,0.013523518691538887
T01,1,BG3,spatial_all,0.0
T01,1,BG4,spatial_E,0.08602423083589832
T01,1,BG4,spatial_EM,0.03801274179344236
T01,1,BG4,spatial_ML,0.012137169026345977
T01,1,BG4,spatial_all,0.0
T01,1,BG5,spatial_E,0.24473072689383987
T01,1,BG5,spatial_EM,0.042894675456609306
T01,1,BG5,spatial_ML,0.007933729431977368
T01,1,BG5,spatial_all,0.0
T01,1,BG6,spatial_E,0.22799964924704183
T01,1,BG6,spatial_EM,0.04508269768240442
T01,1,BG6,spatial_ML,0.013076509937388002
T01,1,BG6,spatial_all,0.0
T01,1,BG7,spatial_E,0.2777534862463599
T01,1,BG7,spatial_EM,0.04695441315905109
T01,1,BG7,spatial_ML,0.005834041554950256
T01,1,BG7,spatial_all,0.0
T01,1,BG8,spatial_E,0.23876603047789352
T01,1,BG8,spatial_EM,0.03859924308815021
T01,1,BG8,spatial_ML,0.02368796597802503
T01,1,BG8,spatial_all,0.0
T01,1,BG9,spatial_E,0.19506595777276747
T01,1,BG9,spatial_EM,0.036662805451503994
T01,1,BG9,spatial_ML,0.019526777119836376
T01,1,BG9,spatial_all,0.0
T01,1,BG10,spatial_E,0.1962129229312481
T01,1,BG10,spatial_EM,0.04314110615909918
T01,1,BG10,spatial_ML,0.023854542136182592
T01,1,BG10,spatial_all,0.0
T01,1,BG11,spatial_E,0.15884033560346766
T01,1,BG11,spatial_EM,0.03947737864429963
T01,1,BG11,spatial_ML,0.014584302146294283
T01,1,BG11,spatial_all,0.0
T01,1,BG12,spatial_E,0.17738628562889447
T01,1,BG12,spatial_EM,0.04030525145082991
T01,1,BG12,spatial_ML,0.012484692891050107
T01,1,BG12,spatial_all,0.0
T01,1,BG13,spatial_E,0.1579164366923931
T01,1,BG13,spatial_EM,0.04064853670169672
T01,1,BG13,spatial_ML,0.010477841914759955
T01,1,BG13,spatial_all,0.0
T01,1,BG14,spatial_E,0.13570347700666316
T01,1,BG14,spatial_EM,0.0361139128681335
T01,1,BG14,spatial_ML,0.014025663255281524
T01,1,BG14,spatial_all,0.0
T01,1,BG15,spatial_E,0.11530711770906298
T01,1,BG15,spatial_EM,0.03811030123046362
T01,1,BG15,spatial_ML,0.012106306075729188
T01,1,BG15,spatial_all,0.0
T01,2,BG1,spatial_E,0.0691590261270206
T01,2,BG1,spatial_EM,0.040415705082821184
T01,2,BG1,spatial_ML,0.016095538833535233
T01,2,BG1,spatial_all,0.0
T01,2,BG2,spatial_E,0.06874405221111934
T01,2,BG2,spatial_EM,0.04029987820550799
T01,2,BG2,spatial_ML,0.011822117835210096
T01,2,BG2,spatial_all,0.0
T01,2,BG3,spatial_E,0.09226264740243029
T01,2,BG3,spatial_EM,0.04421172957308109
T01,2,BG3,spatial_ML,0.02045010886986415
T01,2,BG3,spatial_all,0.0
T01,2,BG4,spatial_E,0.08777872089591202
T01,2,BG4,spatial_EM,0.04127526707981022
T01,2,BG4,spatial_ML,0.019621539014159584
T01,2,BG4,spatial_all,0.0
T01,2,BG5,spatial_E,0.24283665886262007
T01,2,BG5,spatial_EM,0.04412428211969366
T01,2,BG5,spatial_ML,0.012880489954539718
T01,2,BG5,spatial_all,0.0
T01,2,BG6,spatial_E,0.22602495540919632
T01,2,BG6,spatial_EM,0.043184695557462204
T01,2,BG6,spatial_ML,0.02152913257596966
T01,2,BG6,spatial_all,0.0
T01,2,BG7,spatial_E,0.2776766199401492
T01,2,BG7,spatial_EM,0.04712301877210709
T01,2,BG7,spatial_ML,0.006051186415830446
T01,2,BG7,spatial_all,0.0
T01,2,BG8,spatial_E,0.26085685378951434
T01,2,BG8,spatial_EM,0.03944016032842739
T01,2,BG8,spatial_ML,0.035368707292353994
T01,2,BG8,spatial_all,0.0
T01,2,BG9,spatial_E,0.1977524334994743
T01,2,BG9,spatial_EM,0.03722153926685098
T01,2,BG9,spatial_ML,0.02867239780781724
T01,2,BG9,spatial_all,0.0
T01,2,BG10,spatial_E,0.2211248231475731
T01,2,BG10,spatial_EM,0.04213687229673098
T01,2,BG10,spatial_ML,0.03712625518848952
T01,2,BG10,spatial_all,0.0
T01,2,BG11,spatial_E,0.1608353396954724
T01,2,BG11,spatial_EM,0.03910547318398857
T01,2,BG11,spatial_ML,0.024998658098785775
T01,2,BG11,spatial_all,0.0
T01,2,BG12,spatial_E,0.17915600547549076
T01,2,BG12,spatial_EM,0.04204893198921705
T01,2,BG12,spatial_ML,0.01905520401160464
T01,2,BG12,spatial_all,0.0
T01,2,BG13,spatial_E,0.1608869727026851
T01,2,BG13,spatial_EM,0.04257786673311381
T01,2,BG13,spatial_ML,0.013165631168516885
T01,2,BG13,spatial_all,0.0
T01,2,BG14,spatial_E,0.1375297460186495
T01,2,BG14,spatial_EM,0.037637519614829876
T01,2,BG14,spatial_ML,0.02236910415057121
T01,2,BG14,spatial_all,0.0
T01,2,BG15,spatial_E,0.11539281075034705
T01,2,BG15,spatial_EM,0.04001275543573688
T01,2,BG15,spatial_ML,0.021777353536224415
T01,2,BG15,spatial_all,0.0
T02,0,BG1,spatial_E,0.0695388357891198
T02,0,BG1,spatial_EM,0.03593202601667021
T02,0,BG1,spatial_ML,0.003091745202190486
T02,0,BG1,spatial_all,0.0
T02,0,BG2,spatial_E,0.06399971263744017
T02,0,BG2,spatial_EM,0.03625457709007033
T02,0,BG2,spatial_ML,0.0026021163616643922
T02,0,BG2,spatial_all,0.0
T02,0,BG3,spatial_E,0.10248347692342767
T02,0,BG3,spatial_EM,0.03542195405171212
T02,0,BG3,spatial_ML,0.007113310233189642
T02,0,BG3,spatial_all,0.0
T02,0,BG4,spatial_E,0.09578981985090526
T02,0,BG4,spatial_EM,0.03400546155144311
T02,0,BG4,spatial_ML,0.006036650302301321
T02,0,BG4,spatial_all,0.0
T02,0,BG5,spatial_E,0.2398393341434997
T02,0,BG5,spatial_EM,0.04032751324179378
T02,0,BG5,spatial_ML,0.005569360667345974
T02,0,BG5,spatial_all,0.0
T02,0,BG6,spatial_E,0.23206709551327656
T02,0,BG6,spatial_EM,0.047320627444919015
T02,0,BG6,spatial_ML,0.019484788531585962
T02,0,BG6,spatial_all,0.0
T02,0,BG7,spatial_E,0.27502487685995014
T02,0,BG7,spatial_EM,0.04807126707950774
T02,0,BG7,spatial_ML,0.006992802004513993
T02,0,BG7,spatial_all,0.0
T02,0,BG8,spatial_E,0.2720231931001992
T02,0,BG8,spatial_EM,0.033345952118949564
T02,0,BG8,spatial_ML,0.04866634645102619
T02,0,BG8,spatial_all,0.0
T02,0,BG9,spatial_E,0.20198280135427768
T02,0,BG9,spatial_EM,0.03163126951137965
T02,0,BG9,spatial_ML,0.02411385166648899
T02,0,BG9,spatial_all,0.0
T02,0,BG10,spatial_E,0.2380087560584003
T02,0,BG10,spatial_EM,0.03828665957614708
T02,0,BG10,spatial_ML,0.0501605931062142
T02,0,BG10,spatial_all,0.0
T02,0,BG11,spatial_E,0.16935389319160107
T02,0,BG11,spatial_EM,0.037453228768925324
T02,0,BG11,spatial_ML,0.02008233678990169
T02,0,BG11,spatial_all,0.0
T02,0,BG12,spatial_E,0.18033258111670275
T02,0,BG12,spatial_EM,0.037188151431479265
T02,0,BG12,spatial_ML,0.010289310358914583
T02,0,BG12,spatial_all,0.0
T02,0,BG13,spatial_E,0.16195943389929823
T02,0,BG13,spatial_EM,0.04358312575633174
T02,0,BG13,spatial_ML,0.008276303384236721
T02,0,BG13,spatial_all,0.0
T02,0,BG14,spatial_E,0.14728231560990707
T02,0,BG14,spatial_EM,0.03266692338949417
T02,0,BG14,spatial_ML,0.0207021992147031
T02,0,BG14,spatial_all,0.0
T02,0,BG15,spatial_E,0.12209168189668199
T02,0,BG15,spatial_EM,0.03713802246762946
T02,0,BG15,spatial_ML,0.009277183659328107
T02,0,BG15,spatial_all,0.0
T02,1,BG1,spatial_E,0.0727098690949864
T02,1,BG1,spatial_EM,0.041874872711279154
T02,1,BG1,spatial_ML,0.0034030682481050096
T02,1,BG1,spatial_all,0.0
T02,1,BG2,spatial_E,0.06912216595793946
T02,1,BG2,spatial_EM,0.04031953852425913
T02,1,BG2,spatial_ML,0.003417187687807392
T02,1,BG2,spatial_all,0.0
T02,1,BG3,spatial_E,0.10044520536319397
T02,1,BG3,spatial_EM,0.03817365322918209
T02,1,BG3,spatial_ML,0.006517296571385737
T02,1,BG3,spatial_all,0.0
T02,1,BG4,spatial_E,0.08937068787175702
T02,1,BG4,spatial_EM,0.036111784331663024
T02,1,BG4,spatial_ML,0.005730441300838116
T02,1,BG4,spatial_all,0.0
T02,1,BG5,spatial_E,0.24346307241077908
T02,1,BG5,spatial_EM,0.04164773900412278
T02,1,BG5,spatial_ML,0.005402681920955164
T02,1,BG5,spatial_all,0.0
T02,1,BG6,spatial_E,0.23245641382971413
T02,1,BG6,spatial_EM,0.04982852434982356
T02,1,BG6,spatial_ML,0.013977921735681815
T02,1,BG6,spatial_all,0.0
T02,1,BG7,spatial_E,0.27517299214858054
T02,1,BG7,spatial_EM,0.05008522747676294
T02,1,BG7,spatial_ML,0.006446092917383886
T02,1,BG7,spatial_all,0.0
T02,1,BG8,spatial_E,0.2433579296286412
T02,1,BG8,spatial_EM,0.03749610191973552
T02,1,BG8,spatial_ML,0.06574992044758293
T02,1,BG8,spatial_all,0.0
T02,1,BG9,spatial_E,0.19318544495246215
T02,1,BG9,spatial_EM,0.035567401975786825
T02,1,BG9,spatial_ML,0.01575970647493532
T02,1,BG9,spatial_all,0.0
T02,1,BG10,spatial_E,0.20425022019158603
T02,1,BG10,spatial_EM,0.04147682311162522
T02,1,BG10,spatial_ML,0.06757187658712525
T02,1,BG10,spatial_all,0.0
T02,1,BG11,spatial_E,0.1642585323597971
T02,1,BG11,spatial_EM,0.038272028531028054
T02,1,BG11,spatial_ML,0.015443384895256837
T02,1,BG11,spatial_all,0.0
T02,1,BG12,spatial_E,0.175542582352053
T02,1,BG12,spatial_EM,0.038573296936738145
T02,1,BG12,spatial_ML,0.009112992519796114
T02,1,BG12,spatial_all,0.0
T02,1,BG13,spatial_E,0.15567369599481537
T02,1,BG13,spatial_EM,0.04030874683165247
T02,1,BG13,spatial_ML,0.007471446158081509
T02,1,BG13,spatial_all,0.0
T02,1,BG14,spatial_E,0.13733615654611692
T02,1,BG14,spatial_EM,0.03467830218647671
T02,1,BG14,spatial_ML,0.017701574286402028
T02,1,BG14,spatial_all,0.0
T02,1,BG15,spatial_E,0.11883071248170278
T02,1,BG15,spatial_EM,0.03710185312903697
T02,1,BG15,spatial_ML,0.008417689248278504
T02,1,BG15,spatial_all,0.0
T02,2,BG1,spatial_E,0.06752128126139621
T02,2,BG1,spatial_EM,0.04110982966374635
T02,2,BG1,spatial_ML,0.006177308381328006
T02,2,BG1,spatial_all,0.0
T02,2,BG2,spatial_E,0.06789639030608487
T02,2,BG2,spatial_EM,0.04009445813315528
T02,2,BG2,spatial_ML,0.007963971867197894
T02,2,BG2,spatial_all,0.0
T02,2,BG3,spatial_E,0.09212368786967874
T02,2,BG3,spatial_EM,0.04173474213987603
T02,2,BG3,spatial_ML,0.013394959519704314
T02,2,BG3,spatial_all,0.0
T02,2,BG4,spatial_E,0.08848787160421033
T02,2,BG4,spatial_EM,0.04004968858884111
T02,2,BG4,spatial_ML,0.01246809978930495
T02,2,BG4,spatial_all,0.0
T02,2,BG5,spatial_E,0.24228879539540016
T02,2,BG5,spatial_EM,0.04254940892674761
T02,2,BG5,spatial_ML,0.004678110467010849
T02,2,BG5,spatial_all,0.0
T02,2,BG6,spatial_E,0.22367688220305817
T02,2,BG6,spatial_EM,0.048982743521609175
T02,2,BG6,spatial_ML,0.018141178136758303
T02,2,BG6,spatial_all,0.0
T02,2,BG7,spatial_E,0.2774373338490028
T02,2,BG7,spatial_EM,0.04847241396132266
T02,2,BG7,spatial_ML,0.009745796493869554
T02,2,BG7,spatial_all,0.0
T02,2,BG8,spatial_E,0.25929150814320934
T02,2,BG8,spatial_EM,0.03798767206977062
T02,2,BG8,spatial_ML,0.04750798951431139
T02,2,BG8,spatial_all,0.0
T02,2,BG9,spatial_E,0.1962715890449024
T02,2,BG9,spatial_EM,0.03519961714508397
T02,2,BG9,spatial_ML,0.024044454851925943
T02,2,BG9,spatial_all,0.0
T02,2,BG10,spatial_E,0.21240531005770252
T02,2,BG10,spatial_EM,0.041472881175634295
T02,2,BG10,spatial_ML,0.049788786572729476
T02,2,BG10,spatial_all,0.0
T02,2,BG11,spatial_E,0.15718282260807534
T02,2,BG11,spatial_EM,0.03915179461757905
T02,2,BG11,spatial_ML,0.020221430172827588
T02,2,BG11,spatial_all,0.0
T02,2,BG12,spatial_E,0.1786997497282003
T02,2,BG12,spatial_EM,0.040416580832122004
T02,2,BG12,spatial_ML,0.015520103644905886
T02,2,BG12,spatial_all,0.0
T02,2,BG13,spatial_E,0.16205579895910355
T02,2,BG13,spatial_EM,0.042667866046106444
T02,2,BG13,spatial_ML,0.013980268448079463
T02,2,BG13,spatial_all,0.0
T02,2,BG14,spatial_E,0.1360656130815895
T02,2,BG14,spatial_EM,0.03578255454930056
T02,2,BG14,spatial_ML,0.02051574828205399
T02,2,BG14,spatial_all,0.0
T02,2,BG15,spatial_E,0.11533371293448393
T02,2,BG15,spatial_EM,0.03915574845319455
T02,2,BG15,spatial_ML,0.014833909393672412
T02,2,BG15,spatial_all,0.0
T03,0,BG1,spatial_E,0.07038705365602704
T03,0,BG1,spatial_EM,0.04797646998406455
T03,0,BG1,spatial_ML,0.0034821867348202645
T03,0,BG1,spatial_all,0.0
T03,0,BG2,spatial_E,0.06956878007576617
T03,0,BG2,spatial_EM,0.04662828921273329
T03,0,BG2,spatial_ML,0.0036748473636124797
T03,0,BG2,spatial_all,0.0
T03,0,BG3,spatial_E,0.09996969594070755
T03,0,BG3,spatial_EM,0.043655220269988075
T03,0,BG3,spatial_ML,0.00886612681740453
T03,0,BG3,spatial_all,0.0
T03,0,BG4,spatial_E,0.09360218502405854
T03,0,BG4,spatial_EM,0.03966256691008167
T03,0,BG4,spatial_ML,0.008291811206306256
T03,0,BG4,spatial_all,0.0
T03,0,BG5,spatial_E,0.2491722484261928
T03,0,BG5,spatial_EM,0.0441282927276196
T03,0,BG5,spatial_ML,0.005197175883042954
T03,0,BG5,spatial_all,0.0
T03,0,BG6,spatial_E,0.22810982271590818
T03,0,BG6,spatial_EM,0.04943315301968234
T03,0,BG6,spatial_ML,0.010060219920510528
T03,0,BG6,spatial_all,0.0
T03,0,BG7,spatial_E,0.28513098356226035
T03,0,BG7,spatial_EM,0.05087023430699363
T03,0,BG7,spatial_ML,0.0065264050474678125
T03,0,BG7,spatial_all,0.0
T03,0,BG8,spatial_E,0.2508625377065156
T03,0,BG8,spatial_EM,0.03732158442680968
T03,0,BG8,spatial_ML,0.027637408172963864
T03,0,BG8,spatial_all,0.0
T03,0,BG9,spatial_E,0.20492638417407813
T03,0,BG9,spatial_EM,0.03868366884791727
T03,0,BG9,spatial_ML,0.023965212098819737
T03,0,BG9,spatial_all,0.0
T03,0,BG10,spatial_E,0.19190386816516686
T03,0,BG10,spatial_EM,0.04284665854189466
T03,0,BG10,spatial_ML,0.020744617819716482
T03,0,BG10,spatial_all,0.0
T03,0,BG11,spatial_E,0.1652285115674037
T03,0,BG11,spatial_EM,0.041477967780713845
T03,0,BG11,spatial_ML,0.015247900236466244
T03,0,BG11,spatial_all,0.0
T03,0,BG12,spatial_E,0.18563550710088494
T03,0,BG12,spatial_EM,0.04168468667790111
T03,0,BG12,spatial_ML,0.013329789565643574
T03,0,BG12,spatial_all,0.0
T03,0,BG13,spatial_E,0.1685910809776084
T03,0,BG13,spatial_EM,0.047789071620036504
T03,0,BG13,spatial_ML,0.011252524842965704
T03,0,BG13,spatial_all,0.0
T03,0,BG14,spatial_E,0.14600751444391447
T03,0,BG14,spatial_EM,0.04014741163856041
T03,0,BG14,spatial_ML,0.013785657827613316
T03,0,BG14,spatial_all,0.0
T03,0,BG15,spatial_E,0.12243284968071545
T03,0,BG15,spatial_EM,0.04460402974047133
T03,0,BG15,spatial_ML,0.011113656453243213
T03,0,BG15,spatial_all,0.0
T03,1,BG1,spatial_E,0.08530768992195334
T03,1,BG1,spatial_EM,0.054186311983091415
T03,1,BG1,spatial_ML,0.01721319393421977
T03,1,BG1,spatial_all,0.0
T03,1,BG2,spatial_E,0.0866289819767593
T03,1,BG2,spatial_EM,0.05015050056535759
T03,1,BG2,spatial_ML,0.017922293472831904
T03,1,BG2,spatial_all,0.0
T03,1,BG3,spatial_E,0.09775391418270123
T03,1,BG3,spatial_EM,0.05106722167881099
T03,1,BG3,spatial_ML,0.0248628284952426
T03,1,BG3,spatial_all,0.0
T03,1,BG4,spatial_E,0.09158399648048095
T03,1,BG4,spatial_EM,0.04514262750601512
T03,1,BG4,spatial_ML,0.023215441866574753
T03,1,BG4,spatial_all,0.0
T03,1,BG5,spatial_E,0.2522123070765323
T03,1,BG5,spatial_EM,0.0458469931785655
T03,1,BG5,spatial_ML,0.022629876017731514
T03,1,BG5,spatial_all,0.0
T03,1,BG6,spatial_E,0.22774781730991972
T03,1,BG6,spatial_EM,0.05281462565383309
T03,1,BG6,spatial_ML,0.027576677011830735
T03,1,BG6,spatial_all,0.0
T03,1,BG7,spatial_E,0.28691214932359677
T03,1,BG7,spatial_EM,0.05146531186126842
T03,1,BG7,spatial_ML,0.019171938061002675
T03,1,BG7,spatial_all,0.0
T03,1,BG8,spatial_E,0.24118783522409268
T03,1,BG8,spatial_EM,0.03954017012585056
T03,1,BG8,spatial_ML,0.0330233417796624
T03,1,BG8,spatial_all,0.0
T03,1,BG9,spatial_E,0.19802882206154018
T03,1,BG9,spatial_EM,0.0459009376879592
T03,1,BG9,spatial_ML,0.03348058192764615
T03,1,BG9,spatial_all,0.0
T03,1,BG10,spatial_E,0.1853337945874514
T03,1,BG10,spatial_EM,0.048791161575005425
T03,1,BG10,spatial_ML,0.03133557627905838
T03,1,BG10,spatial_all,0.0
T03,1,BG11,spatial_E,0.1602410723777135
T03,1,BG11,spatial_EM,0.04590319720454408
T03,1,BG11,spatial_ML,0.02846754394367849
T03,1,BG11,spatial_all,0.0
T03,1,BG12,spatial_E,0.183168949120788
T03,1,BG12,spatial_EM,0.04393934189207725
T03,1,BG12,spatial_ML,0.023403952126653794
T03,1,BG12,spatial_all,0.0
T03,1,BG13,spatial_E,0.1664001174270782
T03,1,BG13,spatial_EM,0.045244848744376356
T03,1,BG13,spatial_ML,0.024095947417421333
T03,1,BG13,spatial_all,0.0
T03,1,BG14,spatial_E,0.14038446640953942
T03,1,BG14,spatial_EM,0.044808137531461546
T03,1,BG14,spatial_ML,0.026425836565017662
T03,1,BG14,spatial_all,0.0
T03,1,BG15,spatial_E,0.11885562780461402
T03,1,BG15,spatial_EM,0.04759364145132468
T03,1,BG15,spatial_ML,0.0271214771192298
T03,1,BG15,spatial_all,0.0
T03,2,BG1,spatial_E,0.07065221692426163
T03,2,BG1,spatial_EM,0.04803753053865378
T03,2,BG1,spatial_ML,0.005089611575271504
T03,2,BG1,spatial_all,0.0
T03,2,BG2,spatial_E,0.07165149966745518
T03,2,BG2,spatial_EM,0.045763627083872466
T03,2,BG2,spatial_ML,0.00554322896732343
T03,2,BG2,spatial_all,0.0
T03,2,BG3,spatial_E,0.08620266239664626
T03,2,BG3,spatial_EM,0.046020587350672465
T03,2,BG3,spatial_ML,0.006896111511393553
T03,2,BG3,spatial_all,0.0
T03,2,BG4,spatial_E,0.0818608306043073
T03,2,BG4,spatial_EM,0.045096586913822886
T03,2,BG4,spatial_ML,0.006409519475459456
T03,2,BG4,spatial_all,0.0
T03,2,BG5,spatial_E,0.24672791453904966
T03,2,BG5,spatial_EM,0.04880648356097941
T03,2,BG5,spatial_ML,0.0028166684078234612
T03,2,BG5,spatial_all,0.0
T03,2,BG6,spatial_E,0.22155476636796126
T03,2,BG6,spatial_EM,0.05092493692573486
T03,2,BG6,spatial_ML,0.005964301897105007
T03,2,BG6,spatial_all,0.0
T03,2,BG7,spatial_E,0.28242550127541094
T03,2,BG7,spatial_EM,0.05363872465592295
T03,2,BG7,spatial_ML,0.005492218804105643
T03,2,BG7,spatial_all,0.0
T03,2,BG8,spatial_E,0.2368489179766804
T03,2,BG8,spatial_EM,0.043799571561346874
T03,2,BG8,spatial_ML,0.01559634326482637
T03,2,BG8,spatial_all,0.0
T03,2,BG9,spatial_E,0.1936293642641699
T03,2,BG9,spatial_EM,0.042901219815839504
T03,2,BG9,spatial_ML,0.014177427085409151
T03,2,BG9,spatial_all,0.0
T03,2,BG10,spatial_E,0.1770681968433968
T03,2,BG10,spatial_EM,0.04614489695105587
T03,2,BG10,spatial_ML,0.012082254540671066
T03,2,BG10,spatial_all,0.0
T03,2,BG11,spatial_E,0.1540091651539018
T03,2,BG11,spatial_EM,0.04300709645589444
T03,2,BG11,spatial_ML,0.010184362286228215
T03,2,BG11,spatial_all,0.0
T03,2,BG12,spatial_E,0.17871116275419985
T03,2,BG12,spatial_EM,0.04647643615875268
T03,2,BG12,spatial_ML,0.009965128751408505
T03,2,BG12,spatial_all,0.0
T03,2,BG13,spatial_E,0.161712265077158
T03,2,BG13,spatial_EM,0.04610419151159892
T03,2,BG13,spatial_ML,0.008863982830345524
T03,2,BG13,spatial_all,0.0
T03,2,BG14,spatial_E,0.13355817024745312
T03,2,BG14,spatial_EM,0.04227556564885036
T03,2,BG14,spatial_ML,0.009570511857582177
T03,2,BG14,spatial_all,0.0
T03,2,BG15,spatial_E,0.1120062178914277
T03,2,BG15,spatial_EM,0.0441361464504336
T03,2,BG15,spatial_ML,0.008458319166616182
T03,2,BG15,spatial_all,0.0
T04,0,BG1,spatial_E,0.024006821192597682
T04,0,BG1,spatial_EM,0.015778282476597544
T04,0,BG1,spatial_ML,0.0015547707049953453
T04,0,BG1,spatial_all,0.0
T04,0,BG2,spatial_E,0.021648970668992382
T04,0,BG2,spatial_EM,0.015061143654028343
T04,0,BG2,spatial_ML,0.0020630781867416355
T04,0,BG2,spatial_all,0.0
T04,0,BG3,spatial_E,0.01993567041572398
T04,0,BG3,spatial_EM,0.012791486734999963
T04,0,BG3,spatial_ML,0.0018318348907805744
T04,0,BG3,spatial_all,0.0
T04,0,BG4,spatial_E,0.05180769445020046
T04,0,BG4,spatial_EM,0.013328630087399023
T04,0,BG4,spatial_ML,0.005548739455423628
T04,0,BG4,spatial_all,0.0
T04,0,BG5,spatial_E,0.15119944307359134
T04,0,BG5,spatial_EM,0.0302971565927057
T04,0,BG5,spatial_ML,0.0030954824875638848
T04,0,BG5,spatial_all,0.0
T04,0,BG6,spatial_E,0.1122756761997889
T04,0,BG6,spatial_EM,0.028352399766238785
T04,0,BG6,spatial_ML,0.01086727113049378
T04,0,BG6,spatial_all,0.0
T04,0,BG7,spatial_E,0.21909463945725266
T04,0,BG7,spatial_EM,0.028999355750731245
T04,0,BG7,spatial_ML,0.0043330794885495655
T04,0,BG7,spatial_all,0.0
T04,0,BG8,spatial_E,0.199241447595512
T04,0,BG8,spatial_EM,0.021309193103842116
T04,0,BG8,spatial_ML,0.022165637245784426
T04,0,BG8,spatial_all,0.0
T04,0,BG9,spatial_E,0.16721343637149447
T04,0,BG9,spatial_EM,0.021374290104387083
T04,0,BG9,spatial_ML,0.020565366654253035
T04,0,BG9,spatial_all,0.0
T04,0,BG10,spatial_E,0.13996682747040326
T04,0,BG10,spatial_EM,0.019181162422666133
T04,0,BG10,spatial_ML,0.01516547265057371
T04,0,BG10,spatial_all,0.0
T04,0,BG11,spatial_E,0.12333168849274291
T04,0,BG11,spatial_EM,0.018492280551714355
T04,0,BG11,spatial_ML,0.014694310319857668
T04,0,BG11,spatial_all,0.0
T04,0,BG12,spatial_E,0.14159948932548344
T04,0,BG12,spatial_EM,0.02731210677219645
T04,0,BG12,spatial_ML,0.008839777871957655
T04,0,BG12,spatial_all,0.0
T04,0,BG13,spatial_E,0.12995235404144487
T04,0,BG13,spatial_EM,0.027064009818204803
T04,0,BG13,spatial_ML,0.009074453458927208
T04,0,BG13,spatial_all,0.0
T04,0,BG14,spatial_E,0.10992866188724144
T04,0,BG14,spatial_EM,0.01662593852107806
T04,0,BG14,spatial_ML,0.010469049313088168
T04,0,BG14,spatial_all,0.0
T04,0,BG15,spatial_E,0.08057429531686489
T04,0,BG15,spatial_EM,0.015850450236859555
T04,0,BG15,spatial_ML,0.012945312951707326
T04,0,BG15,spatial_all,0.0
T04,1,BG1,spatial_E,0.034012718235326825
T04,1,BG1,spatial_EM,0.014459361498105927
T04,1,BG1,spatial_ML,0.0013518273181920772
T04,1,BG1,spatial_all,0.0
T04,1,BG2,spatial_E,0.01951054907824691
T04,1,BG2,spatial_EM,0.014491553485691555
T04,1,BG2,spatial_ML,0.0013243862826436469
T04,1,BG2,spatial_all,0.0
T04,1,BG3,spatial_E,0.016923741925242843
T04,1,BG3,spatial_EM,0.011868369945647524
T04,1,BG3,spatial_ML,0.0012562939592256793
T04,1,BG3,spatial_all,0.0
T04,1,BG4,spatial_E,0.02070721184326697
T04,1,BG4,spatial_EM,0.01139828464239973
T04,1,BG4,spatial_ML,0.0013343932094147374
T04,1,BG4,spatial_all,0.0
T04,1,BG5,spatial_E,0.14508789299450517
T04,1,BG5,spatial_EM,0.0311503672446251
T04,1,BG5,spatial_ML,0.0024323837298020584
T04,1,BG5,spatial_all,0.0
T04,1,BG6,spatial_E,0.0925126067602939
T04,1,BG6,spatial_EM,0.027969966316017975
T04,1,BG6,spatial_ML,0.004251387351858917
T04,1,BG6,spatial_all,0.0
T04,1,BG7,spatial_E,0.22086301912926998
T04,1,BG7,spatial_EM,0.029387018396377085
T04,1,BG7,spatial_ML,0.003255319774205641
T04,1,BG7,spatial_all,0.0
T04,1,BG8,spatial_E,0.1977412441429239
T04,1,BG8,spatial_EM,0.021030292645678367
T04,1,BG8,spatial_ML,0.010575291962256785
T04,1,BG8,spatial_all,0.0
T04,1,BG9,spatial_E,0.17227251858445974
T04,1,BG9,spatial_EM,0.021052155655109286
T04,1,BG9,spatial_ML,0.004076380408325724
T04,1,BG9,spatial_all,0.0
T04,1,BG10,spatial_E,0.14455796438147947
T04,1,BG10,spatial_EM,0.0186071179096438
T04,1,BG10,spatial_ML,0.005351477690374773
T04,1,BG10,spatial_all,0.0
T04,1,BG11,spatial_E,0.12714539020155444
T04,1,BG11,spatial_EM,0.01825242684066481
T04,1,BG11,spatial_ML,0.0033025826738345837
T04,1,BG11,spatial_all,0.0
T04,1,BG12,spatial_E,0.14591617257211306
T04,1,BG12,spatial_EM,0.027867081991890776
T04,1,BG12,spatial_ML,0.0044701266325386894
T04,1,BG12,spatial_all,0.0
T04,1,BG13,spatial_E,0.13393245736085208
T04,1,BG13,spatial_EM,0.02768261150851388
T04,1,BG13,spatial_ML,0.003169259601881856
T04,1,BG13,spatial_all,0.0
T04,1,BG14,spatial_E,0.11481904707185685
T04,1,BG14,spatial_EM,0.015564820482501315
T04,1,BG14,spatial_ML,0.006084926538167576
T04,1,BG14,spatial_all,0.0
T04,1,BG15,spatial_E,0.029394113022955155
T04,1,BG15,spatial_EM,0.015163891497719515
T04,1,BG15,spatial_ML,0.0019156376154615838
T04,1,BG15,spatial_all,0.0
T04,2,BG1,spatial_E,0.03705085999057647
T04,2,BG1,spatial_EM,0.028529483168146092
T04,2,BG1,spatial_ML,0.0011084941025416492
T04,2,BG1,spatial_all,0.0
T04,2,BG2,spatial_E,0.043740236438804994
T04,2,BG2,spatial_EM,0.027306797637274068
T04,2,BG2,spatial_ML,0.0037623661145827787
T04,2,BG2,spatial_all,0.0
T04,2,BG3,spatial_E,0.03894559195712362
T04,2,BG3,spatial_EM,0.025185212137858674
T04,2,BG3,spatial_ML,0.002897124801713833
T04,2,BG3,spatial_all,0.0
T04,2,BG4,spatial_E,0.04311989035574043
T04,2,BG4,spatial_EM,0.018573349742985332
T04,2,BG4,spatial_ML,0.002005968935972107
T04,2,BG4,spatial_all,0.0
T04,2,BG5,spatial_E,0.14835624715875015
T04,2,BG5,spatial_EM,0.03834974029867577
T04,2,BG5,spatial_ML,0.0024007868055012285
T04,2,BG5,spatial_all,0.0
T04,2,BG6,spatial_E,0.12177816928316043
T04,2,BG6,spatial_EM,0.035403136847289574
T04,2,BG6,spatial_ML,0.003996505414056591
T04,2,BG6,spatial_all,0.0
T04,2,BG7,spatial_E,0.2215348741889937
T04,2,BG7,spatial_EM,0.03619031221928459
T04,2,BG7,spatial_ML,0.0033028870096778757
T04,2,BG7,spatial_all,0.0
T04,2,BG8,spatial_E,0.1927967081295252
T04,2,BG8,spatial_EM,0.03353052333954278
T04,2,BG8,spatial_ML,0.008745805480911483
T04,2,BG8,spatial_all,0.0
T04,2,BG9,spatial_E,0.16486015370474755
T04,2,BG9,spatial_EM,0.03184362194608169
T04,2,BG9,spatial_ML,0.008668294781556818
T04,2,BG9,spatial_all,0.0
T04,2,BG10,spatial_E,0.13813268665485884
T04,2,BG10,spatial_EM,0.029786356797283146
T04,2,BG10,spatial_ML,0.0056864365840817435
T04,2,BG10,spatial_all,0.0
T04,2,BG11,spatial_E,0.12324051550588454
T04,2,BG11,spatial_EM,0.028685973068807432
T04,2,BG11,spatial_ML,0.004620913488665563
T04,2,BG11,spatial_all,0.0
T04,2,BG12,spatial_E,0.1414243538007465
T04,2,BG12,spatial_EM,0.035706001118059244
T04,2,BG12,spatial_ML,0.004901987054995751
T04,2,BG12,spatial_all,0.0
T04,2,BG13,spatial_E,0.12960677524737077
T04,2,BG13,spatial_EM,0.035311186546557495
T04,2,BG13,spatial_ML,0.004276264367797344
T04,2,BG13,spatial_all,0.0
T04,2,BG14,spatial_E,0.10890388236027626
T04,2,BG14,spatial_EM,0.029118684849749173
T04,2,BG14,spatial_ML,0.004971774539644745
T04,2,BG14,spatial_all,0.0
T04,2,BG15,spatial_E,0.08661461740200176
T04,2,BG15,spatial_EM,0.02816269772617897
T04,2,BG15,spatial_ML,0.002877365079284557
T04,2,BG15,spatial_all,0.0
T05,0,BG1,spatial_E,0.020953718696530517
T05,0,BG1,spatial_EM,0.015129571875706002
T05,0,BG1,spatial_ML,0.002185324933668803
T05,0,BG1,spatial_all,0.0
T05,0,BG2,spatial_E,0.04137668906672662
T05,0,BG2,spatial_EM,0.015244710888286732
T05,0,BG2,spatial_ML,0.002774571759588571
T05,0,BG2,spatial_all,0.0
T05,0,BG3,spatial_E,0.022113013566176717
T05,0,BG3,spatial_EM,0.012983862472555223
T05,0,BG3,spatial_ML,0.0022293693713900213
T05,0,BG3,spatial_all,0.0
T05,0,BG4,spatial_E,0.05199140432712875
T05,0,BG4,spatial_EM,0.013749775272329644
T05,0,BG4,spatial_ML,0.0028431254659634273
T05,0,BG4,spatial_all,0.0
T05,0,BG5,spatial_E,0.1444319249349811
T05,0,BG5,spatial_EM,0.02825067259649734
T05,0,BG5,spatial_ML,0.0035044458391827486
T05,0,BG5,spatial_all,0.0
T05,0,BG6,spatial_E,0.11337642384377845
T05,0,BG6,spatial_EM,0.02674364894765801
T05,0,BG6,spatial_ML,0.0038744878451549836
T05,0,BG6,spatial_all,0.0
T05,0,BG7,spatial_E,0.20305982880586265
T05,0,BG7,spatial_EM,0.028191142507943565
T05,0,BG7,spatial_ML,0.004113022325339973
T05,0,BG7,spatial_all,0.0
T05,0,BG8,spatial_E,0.184880325315662
T05,0,BG8,spatial_EM,0.020266049802715378
T05,0,BG8,spatial_ML,0.029378568311641252
T05,0,BG8,spatial_all,0.0
T05,0,BG9,spatial_E,0.1577736615548294
T05,0,BG9,spatial_EM,0.019505088612037882
T05,0,BG9,spatial_ML,0.012021284204688289
T05,0,BG9,spatial_all,0.0
T05,0,BG10,spatial_E,0.13309702436361376
T05,0,BG10,spatial_EM,0.017844441156337775
T05,0,BG10,spatial_ML,0.021246189355731998
T05,0,BG10,spatial_all,0.0
T05,0,BG11,spatial_E,0.11693817538387996
T05,0,BG11,spatial_EM,0.017238957148025334
T05,0,BG11,spatial_ML,0.008000814167213823
T05,0,BG11,spatial_all,0.0
T05,0,BG12,spatial_E,0.13249589698903588
T05,0,BG12,spatial_EM,0.025839861615515707
T05,0,BG12,spatial_ML,0.007927252892085576
T05,0,BG12,spatial_all,0.0
T05,0,BG13,spatial_E,0.12057417916500021
T05,0,BG13,spatial_EM,0.025579395280338903
T05,0,BG13,spatial_ML,0.006369541278406762
T05,0,BG13,spatial_all,0.0
T05,0,BG14,spatial_E,0.10550260343594324
T05,0,BG14,spatial_EM,0.0148479983524976
T05,0,BG14,spatial_ML,0.021500791445045915
T05,0,BG14,spatial_all,0.0
T05,0,BG15,spatial_E,0.08240763936040003
T05,0,BG15,spatial_EM,0.014655207821393753
T05,0,BG15,spatial_ML,0.004789770571531822
T05,0,BG15,spatial_all,0.0
T05,1,BG1,spatial_E,0.02109307475727042
T05,1,BG1,spatial_EM,0.0136536165464116
T05,1,BG1,spatial_ML,0.0017777162810784205
T05,1,BG1,spatial_all,0.0
T05,1,BG2,spatial_E,0.03284616218533002
T05,1,BG2,spatial_EM,0.01411127857474668
T05,1,BG2,spatial_ML,0.0025191770096738837
T05,1,BG2,spatial_all,0.0
T05,1,BG3,spatial_E,0.0324426663154218
T05,1,BG3,spatial_EM,0.011873452914764722
T05,1,BG3,spatial_ML,0.004937322227324347
T05,1,BG3,spatial_all,0.0
T05,1,BG4,spatial_E,0.03504928338792207
T05,1,BG4,spatial_EM,0.01115336611507876
T05,1,BG4,spatial_ML,0.003996611482851975
T05,1,BG4,spatial_all,0.0
T05,1,BG5,spatial_E,0.14079834263395055
T05,1,BG5,spatial_EM,0.030044315191909022
T05,1,BG5,spatial_ML,0.007706531061930173
T05,1,BG5,spatial_all,0.0
T05,1,BG6,spatial_E,0.10148703789669992
T05,1,BG6,spatial_EM,0.027954156593405756
T05,1,BG6,spatial_ML,0.004916888905286771
T05,1,BG6,spatial_all,0.0
T05,1,BG7,spatial_E,0.19731069543114396
T05,1,BG7,spatial_EM,0.028858042667083496
T05,1,BG7,spatial_ML,0.007917471911852962
T05,1,BG7,spatial_all,0.0
T05,1,BG8,spatial_E,0.1863294700658603
T05,1,BG8,spatial_EM,0.021309715601229125
T05,1,BG8,spatial_ML,0.06780260596589728
T05,1,BG8,spatial_all,0.0
T05,1,BG9,spatial_E,0.15659141437454113
T05,1,BG9,spatial_EM,0.02065599255123004
T05,1,BG9,spatial_ML,0.02823180634746735
T05,1,BG9,spatial_all,0.0
T05,1,BG10,spatial_E,0.13354852826828129
T05,1,BG10,spatial_EM,0.018538808261612177
T05,1,BG10,spatial_ML,0.05737510893890778
T05,1,BG10,spatial_all,0.0
T05,1,BG11,spatial_E,0.11564759840205899
T05,1,BG11,spatial_EM,0.017586297798347954
T05,1,BG11,spatial_ML,0.01797528178467222
T05,1,BG11,spatial_all,0.0
T05,1,BG12,spatial_E,0.13079885787827988
T05,1,BG12,spatial_EM,0.027247127341548785
T05,1,BG12,spatial_ML,0.024493546604249832
T05,1,BG12,spatial_all,0.0
T05,1,BG13,spatial_E,0.12060898619871181
T05,1,BG13,spatial_EM,0.026881226392181507
T05,1,BG13,spatial_ML,0.016741253249554895
T05,1,BG13,spatial_all,0.0
T05,1,BG14,spatial_E,0.1110556135135707
T05,1,BG14,spatial_EM,0.015725728320121438
T05,1,BG14,spatial_ML,0.061578115466675507
T05,1,BG14,spatial_all,0.0
T05,1,BG15,spatial_E,0.06345104646533808
T05,1,BG15,spatial_EM,0.014837097437769472
T05,1,BG15,spatial_ML,0.008349427331271836
T05,1,BG15,spatial_all,0.0
T05,2,BG1,spatial_E,0.04077806598098423
T05,2,BG1,spatial_EM,0.0265658650991139
T05,2,BG1,spatial_ML,0.0018091101102189382
T05,2,BG1,spatial_all,0.0
T05,2,BG2,spatial_E,0.04424527970395745
T05,2,BG2,spatial_EM,0.028648376186163952
T05,2,BG2,spatial_ML,0.0024324710204518527
T05,2,BG2,spatial_all,0.0
T05,2,BG3,spatial_E,0.040768439620877894
T05,2,BG3,spatial_EM,0.01711422584827667
T05,2,BG3,spatial_ML,0.002685836003282253
T05,2,BG3,spatial_all,0.0
T05,2,BG4,spatial_E,0.053644452105273216
T05,2,BG4,spatial_EM,0.01668448949131653
T05,2,BG4,spatial_ML,0.002729660792380386
T05,2,BG4,spatial_all,0.0
T05,2,BG5,spatial_E,0.13974681841453102
T05,2,BG5,spatial_EM,0.03712848400608773
T05,2,BG5,spatial_ML,0.004356584490166803
T05,2,BG5,spatial_all,0.0
T05,2,BG6,spatial_E,0.12567885348923377
T05,2,BG6,spatial_EM,0.031731763581750186
T05,2,BG6,spatial_ML,0.00444549614580012
T05,2,BG6,spatial_all,0.0
T05,2,BG7,spatial_E,0.20416045064812588
T05,2,BG7,spatial_EM,0.03368481007529851
T05,2,BG7,spatial_ML,0.005875898486841262
T05,2,BG7,spatial_all,0.0
T05,2,BG8,spatial_E,0.19192325758851628
T05,2,BG8,spatial_EM,0.028468063127639942
T05,2,BG8,spatial_ML,0.032572028934628745
T05,2,BG8,spatial_all,0.0
T05,2,BG9,spatial_E,0.1584827643769218
T05,2,BG9,spatial_EM,0.031421545182416855
T05,2,BG9,spatial_ML,0.01469655666147397
T05,2,BG9,spatial_all,0.0
T05,2,BG10,spatial_E,0.13829659417222412
T05,2,BG10,spatial_EM,0.023640455035409853
T05,2,BG10,spatial_ML,0.026383698318953826
T05,2,BG10,spatial_all,0.0
T05,2,BG11,spatial_E,0.11960637402622225
T05,2,BG11,spatial_EM,0.023439088998019053
T05,2,BG11,spatial_ML,0.010467626979575555
T05,2,BG11,spatial_all,0.0
T05,2,BG12,spatial_E,0.13599444304433
T05,2,BG12,spatial_EM,0.035636722593338784
T05,2,BG12,spatial_ML,0.012711829624551323
T05,2,BG12,spatial_all,0.0
T05,2,BG13,spatial_E,0.1231028189540194
T05,2,BG13,spatial_EM,0.03367092012577175
T05,2,BG13,spatial_ML,0.009484591475878145
T05,2,BG13,spatial_all,0.0
T05,2,BG14,spatial_E,0.11454340470948225
T05,2,BG14,spatial_EM,0.026278914607090604
T05,2,BG14,spatial_ML,0.028813478561388762
T05,2,BG14,spatial_all,0.0
T05,2,BG15,spatial_E,0.08802415389265314
T05,2,BG15,spatial_EM,0.022903074091259988
T05,2,BG15,spatial_ML,0.005452660266036029
T05,2,BG15,spatial_all,0.0
