task,seed,background,contrast,Recovery_difference_pp,DeltaD_difference_px,D_BG_px,joint_valid_fraction
Original,0,BG1,spatial_EM-spatial_E,74.62652872448426,1.8045201674103737,2.4180679321289062,1.0
Original,0,BG1,spatial_all-spatial_EM,0.1110554403355053,0.0026853960007429123,2.4180679321289062,1.0
Original,0,BG1,spatial_EM-spatial_ML,23.946603983529926,0.5790451541543007,2.4180679321289062,1.0
Original,0,BG2,spatial_EM-spatial_E,57.996591268678756,0.317396879196167,0.5472681522369385,1.0
Original,0,BG2,spatial_all-spatial_EM,3.1833364953614733,0.017421387135982513,0.5472681522369385,1.0
Original,0,BG2,spatial_EM-spatial_ML,15.637479788620041,0.08557894825935364,0.5472681522369385,1.0
Original,0,BG3,spatial_EM-spatial_E,67.58081378610899,1.8516263365745544,2.7398698329925537,1.0
Original,0,BG3,spatial_all-spatial_EM,-0.042117631154795276,-0.0011539682745933533,2.7398698329925537,1.0
Original,0,BG3,spatial_EM-spatial_ML,28.38254580047486,0.7776448130607605,2.7398698329925537,1.0
Original,0,BG4,spatial_EM-spatial_E,68.90641003460807,1.497098971158266,2.1726555824279785,1.0
Original,0,BG4,spatial_all-spatial_EM,0.23729282827335396,0.005155555903911591,2.1726555824279785,1.0
Original,0,BG4,spatial_EM-spatial_ML,28.04563483672935,0.6093350537121296,2.1726555824279785,1.0
Original,0,BG5,spatial_EM-spatial_E,81.28136729207874,4.884877040982246,6.009836196899414,1.0
Original,0,BG5,spatial_all-spatial_EM,0.6831009867604223,0.041053250432014465,6.009836196899414,1.0
Original,0,BG5,spatial_EM-spatial_ML,21.95442432559284,1.3194249421358109,6.009836196899414,1.0
Original,0,BG6,spatial_EM-spatial_E,97.58026005981853,16.582174703478813,16.993370056152344,1.0
Original,0,BG6,spatial_all-spatial_EM,0.5714868536059328,0.09711487591266632,16.993370056152344,1.0
Original,0,BG6,spatial_EM-spatial_ML,9.656669125837738,1.640993520617485,16.993370056152344,1.0
Original,0,BG7,spatial_EM-spatial_E,46.331785286600876,1.7134499251842499,3.6982169151306152,1.0
Original,0,BG7,spatial_all-spatial_EM,2.26138692389803,0.0836309939622879,3.6982169151306152,1.0
Original,0,BG7,spatial_EM-spatial_ML,29.347527385201573,1.085335224866867,3.6982169151306152,1.0
Original,0,BG8,spatial_EM-spatial_E,100.17128549261896,26.255424171686172,26.210529327392578,0.95
Original,0,BG8,spatial_all-spatial_EM,0.8933577958274554,0.23415380716323853,26.210529327392578,0.95
Original,0,BG8,spatial_EM-spatial_ML,7.719860081012698,2.023416191339493,26.210529327392578,0.95
Original,0,BG9,spatial_EM-spatial_E,81.71110780006657,10.803887978196144,13.222055435180664,1.0
Original,0,BG9,spatial_all-spatial_EM,0.5022129514000255,0.0664028748869896,13.222055435180664,1.0
Original,0,BG9,spatial_EM-spatial_ML,13.717861874223843,1.8137833029031754,13.222055435180664,1.0
Original,0,BG10,spatial_EM-spatial_E,100.12098001973044,23.962365299463272,23.93341064453125,1.0
Original,0,BG10,spatial_all-spatial_EM,0.7539084910780502,0.18043601512908936,23.93341064453125,1.0
Original,0,BG10,spatial_EM-spatial_ML,7.605372989530281,1.8202251493930817,23.93341064453125,1.0
Original,0,BG11,spatial_EM-spatial_E,95.21198114312197,13.200540781021118,13.86436939239502,1.0
Original,0,BG11,spatial_all-spatial_EM,0.5666699135296795,0.07856521010398865,13.86436939239502,1.0
Original,0,BG11,spatial_EM-spatial_ML,11.244618778236514,1.5589954853057861,13.86436939239502,1.0
Original,0,BG12,spatial_EM-spatial_E,47.87687548402087,1.8468609005212784,3.8575217723846436,1.0
Original,0,BG12,spatial_all-spatial_EM,1.210413233416162,0.046691954135894775,3.8575217723846436,1.0
Original,0,BG12,spatial_EM-spatial_ML,29.8098246318214,1.149920478463173,3.8575217723846436,1.0
Original,0,BG13,spatial_EM-spatial_E,29.68157593056958,0.2257208377122879,0.7604745626449585,1.0
Original,0,BG13,spatial_all-spatial_EM,3.746024411330268,0.028487563133239746,0.7604745626449585,1.0
Original,0,BG13,spatial_EM-spatial_ML,54.71761390823977,0.4161135405302048,0.7604745626449585,1.0
Original,0,BG14,spatial_EM-spatial_E,98.22804779543458,14.164352491497993,14.419865608215332,1.0
Original,0,BG14,spatial_all-spatial_EM,0.25092048061922867,0.03618239611387253,14.419865608215332,1.0
Original,0,BG14,spatial_EM-spatial_ML,10.700168991096461,1.542949989438057,14.419865608215332,1.0
Original,0,BG15,spatial_EM-spatial_E,77.98607843611883,4.23265965282917,5.427455425262451,1.0
Original,0,BG15,spatial_all-spatial_EM,0.41910137959376925,0.02274654060602188,5.427455425262451,1.0
Original,0,BG15,spatial_EM-spatial_ML,23.02713123730186,1.2497872859239578,5.427455425262451,1.0
Original,1,BG1,spatial_EM-spatial_E,72.43388145972065,0.9745295755565166,1.3454056978225708,1.0
Original,1,BG1,spatial_all-spatial_EM,-0.08757966938684092,-0.0011783018708229065,1.3454056978225708,1.0
Original,1,BG1,spatial_EM-spatial_ML,33.305804431237604,0.44809819385409355,1.3454056978225708,1.0
Original,1,BG2,spatial_EM-spatial_E,-4.633015340414033,-0.004288606345653534,0.09256619215011597,1.0
Original,1,BG2,spatial_all-spatial_EM,-7.258243404725441,-0.006718680262565613,0.09256619215011597,1.0
Original,1,BG2,spatial_EM-spatial_ML,30.63084141562996,0.02835380658507347,0.09256619215011597,1.0
Original,1,BG3,spatial_EM-spatial_E,66.84784529730217,1.0566296577453613,1.5806487798690796,1.0
Original,1,BG3,spatial_all-spatial_EM,-0.7875839832738478,-0.012448936700820923,1.5806487798690796,1.0
Original,1,BG3,spatial_EM-spatial_ML,41.171929058124704,0.6507835984230042,1.5806487798690796,1.0
Original,1,BG4,spatial_EM-spatial_E,63.93778047720618,0.8049276173114777,1.2589232921600342,1.0
Original,1,BG4,spatial_all-spatial_EM,0.670290389249331,0.008438441902399063,1.2589232921600342,1.0
Original,1,BG4,spatial_EM-spatial_ML,39.677415694922395,0.49950823187828064,1.2589232921600342,1.0
Original,1,BG5,spatial_EM-spatial_E,77.54268075238097,2.3502335399389267,3.0308902263641357,1.0
Original,1,BG5,spatial_all-spatial_EM,1.1528001983601257,0.03494010865688324,3.0308902263641357,1.0
Original,1,BG5,spatial_EM-spatial_ML,26.802459208440794,0.8123531192541122,3.0308902263641357,1.0
Original,1,BG6,spatial_EM-spatial_E,83.37736819446992,7.01607272028923,8.414840698242188,1.0
Original,1,BG6,spatial_all-spatial_EM,0.6571588721564154,0.05529887229204178,8.414840698242188,1.0
Original,1,BG6,spatial_EM-spatial_ML,13.126599034108253,1.1045823991298676,8.414840698242188,1.0
Original,1,BG7,spatial_EM-spatial_E,35.54443794707102,0.19642969965934753,0.5526313185691833,1.0
Original,1,BG7,spatial_all-spatial_EM,-5.768733282407339,-0.03187982738018036,0.5526313185691833,1.0
Original,1,BG7,spatial_EM-spatial_ML,117.01113348308675,0.6466401815414429,0.5526313185691833,1.0
Original,1,BG8,spatial_EM-spatial_E,90.27753432169334,18.544793725013733,20.541980743408203,1.0
Original,1,BG8,spatial_all-spatial_EM,0.6277190398023578,0.12894592434167862,20.541980743408203,1.0
Original,1,BG8,spatial_EM-spatial_ML,6.37829663417547,1.3102284669876099,20.541980743408203,1.0
Original,1,BG9,spatial_EM-spatial_E,63.999876331234454,4.853849574923515,7.5841546058654785,1.0
Original,1,BG9,spatial_all-spatial_EM,0.562119225765997,0.04263199120759964,7.5841546058654785,1.0
Original,1,BG9,spatial_EM-spatial_ML,15.101313825468367,1.1453069895505905,7.5841546058654785,1.0
Original,1,BG10,spatial_EM-spatial_E,89.61077955453237,15.743718087673187,17.569000244140625,1.0
Original,1,BG10,spatial_all-spatial_EM,1.1658758168587582,0.20483272522687912,17.569000244140625,1.0
Original,1,BG10,spatial_EM-spatial_ML,6.368096171190956,1.1188108325004578,17.569000244140625,1.0
Original,1,BG11,spatial_EM-spatial_E,70.67515419818588,5.581537984311581,7.897454261779785,1.0
Original,1,BG11,spatial_all-spatial_EM,0.4702838420272286,0.03714045137166977,7.897454261779785,1.0
Original,1,BG11,spatial_EM-spatial_ML,14.172771006000033,1.119288109242916,7.897454261779785,1.0
Original,1,BG12,spatial_EM-spatial_E,68.86919339456526,1.5394019335508347,2.2352547645568848,1.0
Original,1,BG12,spatial_all-spatial_EM,-0.6460720373923436,-0.014441356062889099,2.2352547645568848,1.0
Original,1,BG12,spatial_EM-spatial_ML,36.357704354237406,0.8126873224973679,2.2352547645568848,1.0
Original,1,BG13,spatial_EM-spatial_E,40.77733860140456,0.2780511826276779,0.6818767189979553,1.0
Original,1,BG13,spatial_all-spatial_EM,-1.7989903663559659,-0.012266896665096283,0.6818767189979553,1.0
Original,1,BG13,spatial_EM-spatial_ML,49.89867709083312,0.3402474671602249,0.6818767189979553,1.0
Original,1,BG14,spatial_EM-spatial_E,79.5856972724614,6.410951495170593,8.05540657043457,1.0
Original,1,BG14,spatial_all-spatial_EM,0.24681061660747616,0.01988159865140915,8.05540657043457,1.0
Original,1,BG14,spatial_EM-spatial_ML,13.961011825628617,1.124616265296936,8.05540657043457,1.0
Original,1,BG15,spatial_EM-spatial_E,72.66681514783625,1.8359395563602448,2.526517152786255,1.0
Original,1,BG15,spatial_all-spatial_EM,-0.359825948060859,-0.00909106433391571,2.526517152786255,1.0
Original,1,BG15,spatial_EM-spatial_ML,33.446191995358404,0.8450237810611725,2.526517152786255,1.0
Original,2,BG1,spatial_EM-spatial_E,55.24250593108427,0.2845583036541939,0.5151075124740601,1.0
Original,2,BG1,spatial_all-spatial_EM,-0.3162776622889396,-0.0016291700303554535,0.5151075124740601,1.0
Original,2,BG1,spatial_EM-spatial_ML,32.23065273627658,0.16602251678705215,0.5151075124740601,1.0
Original,2,BG2,spatial_EM-spatial_E,53.33884434972071,0.06464884802699089,0.12120405584573746,1.0
Original,2,BG2,spatial_all-spatial_EM,2.1269249467820472,0.002577919512987137,0.12120405584573746,1.0
Original,2,BG2,spatial_EM-spatial_ML,2.780479386285961,0.003370054066181183,0.12120405584573746,1.0
Original,2,BG3,spatial_EM-spatial_E,46.088267969024635,0.31052830070257187,0.6737686395645142,1.0
Original,2,BG3,spatial_all-spatial_EM,-0.2591115802165831,-0.0017458125948905945,0.6737686395645142,1.0
Original,2,BG3,spatial_EM-spatial_ML,33.81002004674289,0.22780131548643112,0.6737686395645142,1.0
Original,2,BG4,spatial_EM-spatial_E,29.94975472454677,0.149165078997612,0.49805107712745667,1.0
Original,2,BG4,spatial_all-spatial_EM,6.177354815326439,0.030766382813453674,0.49805107712745667,1.0
Original,2,BG4,spatial_EM-spatial_ML,25.599459891908054,0.12749838829040527,0.49805107712745667,1.0
Original,2,BG5,spatial_EM-spatial_E,59.64115910421145,1.1710145771503448,1.9634336233139038,1.0
Original,2,BG5,spatial_all-spatial_EM,0.7753624248819762,0.015223726630210876,1.9634336233139038,1.0
Original,2,BG5,spatial_EM-spatial_ML,20.05923468007508,0.39384976029396057,1.9634336233139038,1.0
Original,2,BG6,spatial_EM-spatial_E,73.50260062329397,9.348344251513481,12.718385696411133,1.0
Original,2,BG6,spatial_all-spatial_EM,0.5364523646607751,0.06822808086872101,12.718385696411133,1.0
Original,2,BG6,spatial_EM-spatial_ML,4.666800335880325,0.5935416668653488,12.718385696411133,1.0
Original,2,BG7,spatial_EM-spatial_E,14.914915930474265,0.05257695913314819,0.3525125980377197,1.0
Original,2,BG7,spatial_all-spatial_EM,5.145865383986802,0.018139824271202087,0.3525125980377197,1.0
Original,2,BG7,spatial_EM-spatial_ML,73.47791877698191,0.2590189278125763,0.3525125980377197,1.0
Original,2,BG8,spatial_EM-spatial_E,,,,0.8
Original,2,BG8,spatial_all-spatial_EM,,,,0.8
Original,2,BG8,spatial_EM-spatial_ML,,,,0.8
Original,2,BG9,spatial_EM-spatial_E,60.15813688750608,6.864028990268707,11.4099760055542,1.0
Original,2,BG9,spatial_all-spatial_EM,0.4851991530595683,0.05536110699176788,11.4099760055542,1.0
Original,2,BG9,spatial_EM-spatial_ML,5.308664629510517,0.6057173609733582,11.4099760055542,1.0
Original,2,BG10,spatial_EM-spatial_E,90.26588784084561,21.134907960891724,23.414058685302734,1.0
Original,2,BG10,spatial_all-spatial_EM,0.6585662226704017,0.1541970819234848,23.414058685302734,1.0
Original,2,BG10,spatial_EM-spatial_ML,2.844193430366829,0.6659411191940308,23.414058685302734,1.0
Original,2,BG11,spatial_EM-spatial_E,69.6488340402666,6.487681001424789,9.314845085144043,1.0
Original,2,BG11,spatial_all-spatial_EM,0.5161120203650711,0.04807503521442413,9.314845085144043,1.0
Original,2,BG11,spatial_EM-spatial_ML,5.19883972512082,0.4842638671398163,9.314845085144043,1.0
Original,2,BG12,spatial_EM-spatial_E,48.16482913524972,0.5231297463178635,1.0861239433288574,1.0
Original,2,BG12,spatial_all-spatial_EM,2.5472191938775666,0.027665957808494568,1.0861239433288574,1.0
Original,2,BG12,spatial_EM-spatial_ML,28.42895971308809,0.3087737411260605,1.0861239433288574,1.0
Original,2,BG13,spatial_EM-spatial_E,36.5779936080338,0.13514481484889984,0.3694702684879303,1.0
Original,2,BG13,spatial_all-spatial_EM,-0.383258851489785,-0.001416027545928955,0.3694702684879303,1.0
Original,2,BG13,spatial_EM-spatial_ML,49.82512278064436,0.18408901989459991,0.3694702684879303,1.0
Original,2,BG14,spatial_EM-spatial_E,60.48341191748024,7.059616304934025,11.671987533569336,1.0
Original,2,BG14,spatial_all-spatial_EM,0.1263972048312354,0.014753066003322601,11.671987533569336,1.0
Original,2,BG14,spatial_EM-spatial_ML,4.518213904579284,0.5273653641343117,11.671987533569336,1.0
Original,2,BG15,spatial_EM-spatial_E,43.686056439384025,0.7825115919113159,1.7912158966064453,1.0
Original,2,BG15,spatial_all-spatial_EM,1.9186455622920562,0.03436708450317383,1.7912158966064453,1.0
Original,2,BG15,spatial_EM-spatial_ML,15.645471357517863,0.2802441716194153,1.7912158966064453,1.0
T01,0,BG1,spatial_EM-spatial_E,49.36026543818869,0.04554599151015282,0.0922725722193718,1.0
T01,0,BG1,spatial_all-spatial_EM,-5.92187097070029,-0.0054642632603645325,0.0922725722193718,1.0
T01,0,BG1,spatial_EM-spatial_ML,9.598476587051174,0.008856762200593948,0.0922725722193718,1.0
T01,0,BG2,spatial_EM-spatial_E,33.82624516578824,0.02817215770483017,0.0832848995923996,1.0
T01,0,BG2,spatial_all-spatial_EM,-8.819775812470517,-0.007345542311668396,0.0832848995923996,1.0
T01,0,BG2,spatial_EM-spatial_ML,11.781037042966222,0.009811826050281525,0.0832848995923996,1.0
T01,0,BG3,spatial_EM-spatial_E,49.60624650453426,0.05077201873064041,0.10235004127025604,1.0
T01,0,BG3,spatial_all-spatial_EM,24.590579805264575,0.025168471038341522,0.10235004127025604,1.0
T01,0,BG3,spatial_EM-spatial_ML,-15.665200013578065,-0.016033340245485306,0.10235004127025604,1.0
T01,0,BG4,spatial_EM-spatial_E,37.538767651731526,0.0376690998673439,0.10034718364477158,1.0
T01,0,BG4,spatial_all-spatial_EM,17.835106121009424,0.017897028475999832,0.10034718364477158,1.0
T01,0,BG4,spatial_EM-spatial_ML,-15.966205457996494,-0.016021639108657837,0.10034718364477158,1.0
T01,0,BG5,spatial_EM-spatial_E,69.28028533744596,0.1632532924413681,0.23564176261425018,1.0
T01,0,BG5,spatial_all-spatial_EM,-4.086374314045557,-0.009629204869270325,0.23564176261425018,1.0
T01,0,BG5,spatial_EM-spatial_ML,3.5253622097875734,0.008307226002216339,0.23564176261425018,1.0
T01,0,BG6,spatial_EM-spatial_E,3.4309759488347153,0.0043802037835121155,0.1276663988828659,1.0
T01,0,BG6,spatial_all-spatial_EM,34.999682699389986,0.04468283802270889,0.1276663988828659,1.0
T01,0,BG6,spatial_EM-spatial_ML,-30.91831643889074,-0.0394723042845726,0.1276663988828659,1.0
T01,0,BG7,spatial_EM-spatial_E,19.403902315284775,0.024490341544151306,0.12621347606182098,1.0
T01,0,BG7,spatial_all-spatial_EM,15.650669010418696,0.01975325495004654,0.12621347606182098,1.0
T01,0,BG7,spatial_EM-spatial_ML,-10.433423183122947,-0.013168387115001678,0.12621347606182098,1.0
T01,0,BG8,spatial_EM-spatial_E,9.576928940642954,0.024177268147468567,0.2524532377719879,1.0
T01,0,BG8,spatial_all-spatial_EM,-6.818564408499597,-0.017213687300682068,0.2524532377719879,1.0
T01,0,BG8,spatial_EM-spatial_ML,0.9938937797825638,0.0025091171264648438,0.2524532377719879,1.0
T01,0,BG9,spatial_EM-spatial_E,50.13895750792934,0.12369655817747116,0.2467074692249298,1.0
T01,0,BG9,spatial_all-spatial_EM,-4.7716909701318,-0.011772118508815765,0.2467074692249298,1.0
T01,0,BG9,spatial_EM-spatial_ML,18.6392020160258,0.04598430544137955,0.2467074692249298,1.0
T01,0,BG10,spatial_EM-spatial_E,60.55399498795251,0.19882842153310776,0.32834896445274353,1.0
T01,0,BG10,spatial_all-spatial_EM,-17.616869455501146,-0.05784481018781662,0.32834896445274353,1.0
T01,0,BG10,spatial_EM-spatial_ML,18.810504527021273,0.06176409870386124,0.32834896445274353,1.0
T01,0,BG11,spatial_EM-spatial_E,47.18675893132481,0.07917075604200363,0.16778171062469482,1.0
T01,0,BG11,spatial_all-spatial_EM,-0.7361202938990914,-0.001235075294971466,0.16778171062469482,1.0
T01,0,BG11,spatial_EM-spatial_ML,7.6450175022927525,0.012826941907405853,0.16778171062469482,1.0
T01,0,BG12,spatial_EM-spatial_E,14.53319420030382,0.01832350343465805,0.12608034908771515,1.0
T01,0,BG12,spatial_all-spatial_EM,25.09245929354363,0.031636662781238556,0.12608034908771515,1.0
T01,0,BG12,spatial_EM-spatial_ML,-22.629443115983708,-0.028531283140182495,0.12608034908771515,1.0
T01,0,BG13,spatial_EM-spatial_E,33.349921976037564,0.05886957049369812,0.17652085423469543,1.0
T01,0,BG13,spatial_all-spatial_EM,-1.6979575631738797,-0.0029972493648529053,0.17652085423469543,1.0
T01,0,BG13,spatial_EM-spatial_ML,3.0898696337401077,0.005454264581203461,0.17652085423469543,1.0
T01,0,BG14,spatial_EM-spatial_E,28.76582860921151,0.03253486007452011,0.11310245096683502,1.0
T01,0,BG14,spatial_all-spatial_EM,1.1944120932151705,0.0013509094715118408,0.11310245096683502,1.0
T01,0,BG14,spatial_EM-spatial_ML,-4.753782001367156,-0.005376644432544708,0.11310245096683502,1.0
T01,0,BG15,spatial_EM-spatial_E,64.50844414037675,0.0724218375980854,0.11226721107959747,1.0
T01,0,BG15,spatial_all-spatial_EM,-5.34729267320261,-0.0060032568871974945,0.11226721107959747,1.0
T01,0,BG15,spatial_EM-spatial_ML,4.9898490735644785,0.005601964890956879,0.11226721107959747,1.0
T01,1,BG1,spatial_EM-spatial_E,-19.974395034436526,-0.008121185004711151,0.04065796732902527,1.0
T01,1,BG1,spatial_all-spatial_EM,21.396984303054378,0.008699581027030945,0.04065796732902527,1.0
T01,1,BG1,spatial_EM-spatial_ML,-24.119577649935472,-0.00980653241276741,0.04065796732902527,1.0
T01,1,BG2,spatial_EM-spatial_E,-43.2928424505119,-0.03059760481119156,0.07067588716745377,1.0
T01,1,BG2,spatial_all-spatial_EM,30.251693044451386,0.021380655467510223,0.07067588716745377,1.0
T01,1,BG2,spatial_EM-spatial_ML,-42.80435200675812,-0.030252359807491302,0.07067588716745377,1.0
T01,1,BG3,spatial_EM-spatial_E,-13.42809331714595,-0.008956152945756912,0.0666971206665039,1.0
T01,1,BG3,spatial_all-spatial_EM,12.389720320922633,0.008263587951660156,0.0666971206665039,1.0
T01,1,BG3,spatial_EM-spatial_ML,-17.912362863009022,-0.011947032064199448,0.0666971206665039,1.0
T01,1,BG4,spatial_EM-spatial_E,51.391409308142784,0.04228442534804344,0.08227916061878204,1.0
T01,1,BG4,spatial_all-spatial_EM,4.028194106216361,0.0033143647015094757,0.08227916061878204,1.0
T01,1,BG4,spatial_EM-spatial_ML,-4.4112920984522646,-0.003629574552178383,0.08227916061878204,1.0
T01,1,BG5,spatial_EM-spatial_E,-1.26657070269066,-0.0023571401834487915,0.18610410392284393,1.0
T01,1,BG5,spatial_all-spatial_EM,41.959521287047764,0.07808839529752731,0.18610410392284393,1.0
T01,1,BG5,spatial_EM-spatial_ML,-47.91377677220492,-0.08916950970888138,0.18610410392284393,1.0
T01,1,BG6,spatial_EM-spatial_E,38.98453481390538,0.10752943158149719,0.2758258581161499,1.0
T01,1,BG6,spatial_all-spatial_EM,22.260068689183832,0.061399027705192566,0.2758258581161499,1.0
T01,1,BG6,spatial_EM-spatial_ML,-17.781398528559436,-0.04904569685459137,0.2758258581161499,1.0
T01,1,BG7,spatial_EM-spatial_E,-119.45879977919608,-0.08673225343227386,0.07260431349277496,1.0
T01,1,BG7,spatial_all-spatial_EM,26.80241146664609,0.019459709525108337,0.07260431349277496,1.0
T01,1,BG7,spatial_EM-spatial_ML,-36.96562965934518,-0.026838645339012146,0.07260431349277496,1.0
T01,1,BG8,spatial_EM-spatial_E,22.36364797016433,0.053897589445114136,0.24100534617900848,1.0
T01,1,BG8,spatial_all-spatial_EM,-17.68880623814576,-0.04263097047805786,0.24100534617900848,1.0
T01,1,BG8,spatial_EM-spatial_ML,25.811786598959802,0.06220778822898865,0.24100534617900848,1.0
T01,1,BG9,spatial_EM-spatial_E,-93.12389259545549,-0.08758161962032318,0.09404848515987396,1.0
T01,1,BG9,spatial_all-spatial_EM,82.86044863806173,0.07792900502681732,0.09404848515987396,1.0
T01,1,BG9,spatial_EM-spatial_ML,-82.55160703025362,-0.07763854414224625,0.09404848515987396,1.0
T01,1,BG10,spatial_EM-spatial_E,64.36348175993152,0.2360004037618637,0.366668164730072,1.0
T01,1,BG10,spatial_all-spatial_EM,-17.420766175122253,-0.06387640535831451,0.366668164730072,1.0
T01,1,BG10,spatial_EM-spatial_ML,25.554535623355086,0.0937003493309021,0.366668164730072,1.0
T01,1,BG11,spatial_EM-spatial_E,46.85891196683013,0.09297116100788116,0.19840656220912933,1.0
T01,1,BG11,spatial_all-spatial_EM,-13.508559204851018,-0.02680186927318573,0.19840656220912933,1.0
T01,1,BG11,spatial_EM-spatial_ML,20.46128280399526,0.040596529841423035,0.19840656220912933,1.0
T01,1,BG12,spatial_EM-spatial_E,7.248510925667974,0.012425288558006287,0.17141848802566528,1.0
T01,1,BG12,spatial_all-spatial_EM,9.991289176087635,0.017126917839050293,0.17141848802566528,1.0
T01,1,BG12,spatial_EM-spatial_ML,-10.858670924386873,-0.018613770604133606,0.17141848802566528,1.0
T01,1,BG13,spatial_EM-spatial_E,-24.615436730885648,-0.035544201731681824,0.14439800381660461,1.0
T01,1,BG13,spatial_all-spatial_EM,23.606983680280788,0.03408801555633545,0.14439800381660461,1.0
T01,1,BG13,spatial_EM-spatial_ML,-26.397150978833235,-0.03811696171760559,0.14439800381660461,1.0
T01,1,BG14,spatial_EM-spatial_E,6.166921059264431,0.0060251206159591675,0.09770061820745468,1.0
T01,1,BG14,spatial_all-spatial_EM,23.0134829575206,0.022484317421913147,0.09770061820745468,1.0
T01,1,BG14,spatial_EM-spatial_ML,-13.376329498629008,-0.013068757951259613,0.09770061820745468,1.0
T01,1,BG15,spatial_EM-spatial_E,-60.82316446910421,-0.04164380580186844,0.06846700608730316,1.0
T01,1,BG15,spatial_all-spatial_EM,65.38841369769287,0.044769495725631714,0.06846700608730316,1.0
T01,1,BG15,spatial_EM-spatial_ML,-59.54743497914745,-0.04077035188674927,0.06846700608730316,1.0
T01,2,BG1,spatial_EM-spatial_E,42.029649742382034,0.01889730803668499,0.0449618399143219,1.0
T01,2,BG1,spatial_all-spatial_EM,-47.69710270808779,-0.0214454997330904,0.0449618399143219,1.0
T01,2,BG1,spatial_EM-spatial_ML,25.77340364379516,0.011588199064135551,0.0449618399143219,1.0
T01,2,BG2,spatial_EM-spatial_E,-37.17002312672636,-0.010670609772205353,0.028707558289170265,1.0
T01,2,BG2,spatial_all-spatial_EM,-126.5241052511195,-0.03632199391722679,0.028707558289170265,1.0
T01,2,BG2,spatial_EM-spatial_ML,87.46677921886598,0.025109585374593735,0.028707558289170265,1.0
T01,2,BG3,spatial_EM-spatial_E,-55.61628657018727,-0.01834297925233841,0.03298129886388779,1.0
T01,2,BG3,spatial_all-spatial_EM,-5.248260366054474,-0.001730944961309433,0.03298129886388779,1.0
T01,2,BG3,spatial_EM-spatial_ML,-7.9707883008779845,-0.0026288703083992004,0.03298129886388779,1.0
T01,2,BG4,spatial_EM-spatial_E,-39.36699271344077,-0.02916722744703293,0.07409055531024933,1.0
T01,2,BG4,spatial_all-spatial_EM,27.8629375564771,0.02064380794763565,0.07409055531024933,1.0
T01,2,BG4,spatial_EM-spatial_ML,-28.65071806663832,-0.021227478981018066,0.07409055531024933,1.0
T01,2,BG5,spatial_EM-spatial_E,-18.366234533725418,-0.02298586070537567,0.1251528114080429,1.0
T01,2,BG5,spatial_all-spatial_EM,16.299955013111344,0.020399853587150574,0.1251528114080429,1.0
T01,2,BG5,spatial_EM-spatial_ML,-20.927801293531076,-0.02619173377752304,0.1251528114080429,1.0
T01,2,BG6,spatial_EM-spatial_E,-27.749662746862377,-0.018719278275966644,0.0674576684832573,1.0
T01,2,BG6,spatial_all-spatial_EM,-9.894459719790717,-0.006674572825431824,0.0674576684832573,1.0
T01,2,BG6,spatial_EM-spatial_ML,20.034158670005233,0.013514578342437744,0.0674576684832573,1.0
T01,2,BG7,spatial_EM-spatial_E,-188.29745114495793,-0.17247843742370605,0.09159891307353973,1.0
T01,2,BG7,spatial_all-spatial_EM,35.732200834983445,0.032730311155319214,0.09159891307353973,1.0
T01,2,BG7,spatial_EM-spatial_ML,-37.353746040583616,-0.03421562910079956,0.09159891307353973,1.0
T01,2,BG8,spatial_EM-spatial_E,22.43826738074751,0.1263483166694641,0.5630930066108704,1.0
T01,2,BG8,spatial_all-spatial_EM,7.683436732703267,0.04326489567756653,0.5630930066108704,1.0
T01,2,BG8,spatial_EM-spatial_ML,-5.133006928009198,-0.028903603553771973,0.5630930066108704,1.0
T01,2,BG9,spatial_EM-spatial_E,-71.5175479541246,-0.040619395673274994,0.056796394288539886,1.0
T01,2,BG9,spatial_all-spatial_EM,-49.339582656719486,-0.02802310883998871,0.056796394288539886,1.0
T01,2,BG9,spatial_EM-spatial_ML,42.279658145294164,0.024013325572013855,0.056796394288539886,1.0
T01,2,BG10,spatial_EM-spatial_E,73.74211102541622,0.34332792460918427,0.46557918190956116,1.0
T01,2,BG10,spatial_all-spatial_EM,-19.540648187456185,-0.09097719192504883,0.46557918190956116,1.0
T01,2,BG10,spatial_EM-spatial_ML,25.32101125694024,0.11788935959339142,0.46557918190956116,1.0
T01,2,BG11,spatial_EM-spatial_E,9.6766785853015,0.005287136882543564,0.05463792011141777,1.0
T01,2,BG11,spatial_all-spatial_EM,-144.86660553930756,-0.07915211468935013,0.05463792011141777,1.0
T01,2,BG11,spatial_EM-spatial_ML,136.93432749232625,0.07481808215379715,0.05463792011141777,1.0
T01,2,BG12,spatial_EM-spatial_E,-19.456840175897813,-0.04186798632144928,0.21518388390541077,1.0
T01,2,BG12,spatial_all-spatial_EM,21.587554099548438,0.04645293951034546,0.21518388390541077,1.0
T01,2,BG12,spatial_EM-spatial_ML,-27.75162594620798,-0.059717029333114624,0.21518388390541077,1.0
T01,2,BG13,spatial_EM-spatial_E,-21.553817454619598,-0.02642260491847992,0.12258896976709366,1.0
T01,2,BG13,spatial_all-spatial_EM,-14.589134946761817,-0.017884671688079834,0.12258896976709366,1.0
T01,2,BG13,spatial_EM-spatial_ML,14.910875805026002,0.018279090523719788,0.12258896976709366,1.0
T01,2,BG14,spatial_EM-spatial_E,-23.67225848292566,-0.029721468687057495,0.12555399537086487,1.0
T01,2,BG14,spatial_all-spatial_EM,8.977096495872614,0.011271104216575623,0.12555399537086487,1.0
T01,2,BG14,spatial_EM-spatial_ML,-5.773478714684188,-0.007248833775520325,0.12555399537086487,1.0
T01,2,BG15,spatial_EM-spatial_E,34.96877421099486,0.031200900673866272,0.08922502398490906,1.0
T01,2,BG15,spatial_all-spatial_EM,-29.820556497098817,-0.02660740166902542,0.08922502398490906,1.0
T01,2,BG15,spatial_EM-spatial_ML,26.941138870953687,0.024038240313529968,0.08922502398490906,1.0
T02,0,BG1,spatial_EM-spatial_E,-0.31540864502749955,-0.00011778250336647034,0.03734281659126282,1.0
T02,0,BG1,spatial_all-spatial_EM,-3.9567888323318687,-0.0014775767922401428,0.03734281659126282,1.0
T02,0,BG1,spatial_EM-spatial_ML,20.054171867529753,0.0074887946248054504,0.03734281659126282,1.0
T02,0,BG2,spatial_EM-spatial_E,-26.726046564665985,-0.014470063149929047,0.054142165929079056,1.0
T02,0,BG2,spatial_all-spatial_EM,52.74356643659873,0.028556514531373978,0.054142165929079056,1.0
T02,0,BG2,spatial_EM-spatial_ML,-41.24943668913837,-0.02233334258198738,0.054142165929079056,1.0
T02,0,BG3,spatial_EM-spatial_E,52.20651104994205,0.08416330441832542,0.1612122654914856,1.0
T02,0,BG3,spatial_all-spatial_EM,4.675169867943097,0.007536947727203369,0.1612122654914856,1.0
T02,0,BG3,spatial_EM-spatial_ML,20.387102280965657,0.03286651149392128,0.1612122654914856,1.0
T02,0,BG4,spatial_EM-spatial_E,32.116605670891,0.02301069162786007,0.07164732366800308,1.0
T02,0,BG4,spatial_all-spatial_EM,-5.9559209689109665,-0.004267258569598198,0.07164732366800308,1.0
T02,0,BG4,spatial_EM-spatial_ML,52.19223246646219,0.03739434294402599,0.07164732366800308,1.0
T02,0,BG5,spatial_EM-spatial_E,-28.610459049684515,-0.028414033353328705,0.09931343793869019,1.0
T02,0,BG5,spatial_all-spatial_EM,18.473707525809395,0.0183468759059906,0.09931343793869019,1.0
T02,0,BG5,spatial_EM-spatial_ML,4.348966944822701,0.00431910902261734,0.09931343793869019,1.0
T02,0,BG6,spatial_EM-spatial_E,56.297024849231654,0.5342762544751167,0.9490310549736023,1.0
T02,0,BG6,spatial_all-spatial_EM,2.6257804991331284,0.024919472634792328,0.9490310549736023,1.0
T02,0,BG6,spatial_EM-spatial_ML,21.41350263601616,0.20322079211473465,0.9490310549736023,1.0
T02,0,BG7,spatial_EM-spatial_E,-73.00570653440522,-0.0659695416688919,0.09036216139793396,1.0
T02,0,BG7,spatial_all-spatial_EM,50.798925530840044,0.04590301215648651,0.09036216139793396,1.0
T02,0,BG7,spatial_EM-spatial_ML,-39.343875415811304,-0.03555198013782501,0.09036216139793396,1.0
T02,0,BG8,spatial_EM-spatial_E,73.49698926525224,1.6347288116812706,2.2242119312286377,1.0
T02,0,BG8,spatial_all-spatial_EM,1.2150455965891211,0.027025189250707626,2.2242119312286377,1.0
T02,0,BG8,spatial_EM-spatial_ML,20.617488534996298,0.45857664197683334,2.2242119312286377,1.0
T02,0,BG9,spatial_EM-spatial_E,30.51130679316332,0.09930894523859024,0.32548242807388306,1.0
T02,0,BG9,spatial_all-spatial_EM,11.304071126096275,0.03679276630282402,0.32548242807388306,1.0
T02,0,BG9,spatial_EM-spatial_ML,9.895596204031115,0.03220842778682709,0.32548242807388306,1.0
T02,0,BG10,spatial_EM-spatial_E,72.9092991979275,2.334051765501499,3.2013087272644043,1.0
T02,0,BG10,spatial_all-spatial_EM,1.8427877308648561,0.058993324637413025,3.2013087272644043,1.0
T02,0,BG10,spatial_EM-spatial_ML,14.202479629078866,0.4546652212738991,3.2013087272644043,1.0
T02,0,BG11,spatial_EM-spatial_E,59.58325247443876,0.4986897110939026,0.836962878704071,1.0
T02,0,BG11,spatial_all-spatial_EM,-1.2920030935426183,-0.010813586413860321,0.836962878704071,1.0
T02,0,BG11,spatial_EM-spatial_ML,24.246357416562873,0.20293301343917847,0.836962878704071,1.0
T02,0,BG12,spatial_EM-spatial_E,-29.389853481705835,-0.01697215437889099,0.05774833634495735,1.0
T02,0,BG12,spatial_all-spatial_EM,37.507245128599465,0.021659813821315765,0.05774833634495735,1.0
T02,0,BG12,spatial_EM-spatial_ML,-1.6336655967407978,-0.0009434148669242859,0.05774833634495735,1.0
T02,0,BG13,spatial_EM-spatial_E,-67.95691973404443,-0.03734502196311951,0.05495395511388779,1.0
T02,0,BG13,spatial_all-spatial_EM,44.164492196898365,0.024270139634609222,0.05495395511388779,1.0
T02,0,BG13,spatial_EM-spatial_ML,-30.32491538859032,-0.016664743423461914,0.05495395511388779,1.0
T02,0,BG14,spatial_EM-spatial_E,51.18609812559796,0.3839879706501961,0.750180184841156,1.0
T02,0,BG14,spatial_all-spatial_EM,4.295844868043318,0.032226577401161194,0.750180184841156,1.0
T02,0,BG14,spatial_EM-spatial_ML,20.342772236393174,0.15260744839906693,0.750180184841156,1.0
T02,0,BG15,spatial_EM-spatial_E,37.82648165379928,0.06633804365992546,0.1753745973110199,1.0
T02,0,BG15,spatial_all-spatial_EM,3.7446882484675825,0.006567232310771942,0.1753745973110199,1.0
T02,0,BG15,spatial_EM-spatial_ML,25.234545288620836,0.044254984706640244,0.1753745973110199,1.0
T02,1,BG1,spatial_EM-spatial_E,19.785318086557222,0.015271909534931183,0.07718808203935623,1.0
T02,1,BG1,spatial_all-spatial_EM,38.83716682810189,0.029977668076753616,0.07718808203935623,1.0
T02,1,BG1,spatial_EM-spatial_ML,-37.110986118880554,-0.028645262122154236,0.07718808203935623,1.0
T02,1,BG2,spatial_EM-spatial_E,-30.238556646479623,-0.016253259032964706,0.05375010520219803,1.0
T02,1,BG2,spatial_all-spatial_EM,41.631537299626075,0.022376999258995056,0.05375010520219803,1.0
T02,1,BG2,spatial_EM-spatial_ML,-49.312729824120126,-0.026505649089813232,0.05375010520219803,1.0
T02,1,BG3,spatial_EM-spatial_E,54.769053611820254,0.08489138633012772,0.1549988090991974,1.0
T02,1,BG3,spatial_all-spatial_EM,4.079930564093559,0.0063238441944122314,0.1549988090991974,1.0
T02,1,BG3,spatial_EM-spatial_ML,6.7757826633414595,0.01050238311290741,0.1549988090991974,1.0
T02,1,BG4,spatial_EM-spatial_E,4.10991003101406,0.0030728988349437714,0.07476802170276642,1.0
T02,1,BG4,spatial_all-spatial_EM,24.735011779665562,0.018493881449103355,0.07476802170276642,1.0
T02,1,BG4,spatial_EM-spatial_ML,0.7440811808233221,0.0005563348531723022,0.07476802170276642,1.0
T02,1,BG5,spatial_EM-spatial_E,-21.66073778540993,-0.023972541093826294,0.11067277193069458,1.0
T02,1,BG5,spatial_all-spatial_EM,23.29855195155035,0.025785155594348907,0.11067277193069458,1.0
T02,1,BG5,spatial_EM-spatial_ML,-19.705559887760405,-0.021808691322803497,0.11067277193069458,1.0
T02,1,BG6,spatial_EM-spatial_E,45.066868856584776,0.23236863315105438,0.515608549118042,1.0
T02,1,BG6,spatial_all-spatial_EM,7.03446319830411,0.03627029433846474,0.515608549118042,1.0
T02,1,BG6,spatial_EM-spatial_ML,21.237394501407366,0.10950182378292084,0.515608549118042,1.0
T02,1,BG7,spatial_EM-spatial_E,-40.13285033923891,-0.06651748716831207,0.16574323177337646,1.0
T02,1,BG7,spatial_all-spatial_EM,51.621848858489706,0.08555972576141357,0.16574323177337646,1.0
T02,1,BG7,spatial_EM-spatial_ML,-50.6692684598924,-0.08398088812828064,0.16574323177337646,1.0
T02,1,BG8,spatial_EM-spatial_E,36.879507994761624,0.6183151006698608,1.6765817403793335,1.0
T02,1,BG8,spatial_all-spatial_EM,2.9520342876815704,0.04949326813220978,1.6765817403793335,1.0
T02,1,BG8,spatial_EM-spatial_ML,26.56152806926255,0.44532573223114014,1.6765817403793335,1.0
T02,1,BG9,spatial_EM-spatial_E,29.05350857817566,0.0623510479927063,0.2146076261997223,1.0
T02,1,BG9,spatial_all-spatial_EM,4.746399498762827,0.01018613576889038,0.2146076261997223,1.0
T02,1,BG9,spatial_EM-spatial_ML,20.37458537755377,0.04372541606426239,0.2146076261997223,1.0
T02,1,BG10,spatial_EM-spatial_E,52.71692347089239,1.2772279232740402,2.422804355621338,1.0
T02,1,BG10,spatial_all-spatial_EM,3.5884756675312985,0.08694174513220787,2.422804355621338,1.0
T02,1,BG10,spatial_EM-spatial_ML,20.320019675078683,0.49231432378292084,2.422804355621338,1.0
T02,1,BG11,spatial_EM-spatial_E,55.958640905692164,0.28559572994709015,0.5103693008422852,1.0
T02,1,BG11,spatial_all-spatial_EM,3.377343679445957,0.017236925661563873,0.5103693008422852,1.0
T02,1,BG11,spatial_EM-spatial_ML,23.342268271115756,0.11913177371025085,0.5103693008422852,1.0
T02,1,BG12,spatial_EM-spatial_E,-67.62064087121401,-0.05303318053483963,0.07842749357223511,1.0
T02,1,BG12,spatial_all-spatial_EM,56.81577712933577,0.04455919563770294,0.07842749357223511,1.0
T02,1,BG12,spatial_EM-spatial_ML,-60.01384328968258,-0.04706735908985138,0.07842749357223511,1.0
T02,1,BG13,spatial_EM-spatial_E,-50.729691974982906,-0.04257214814424515,0.08391957730054855,1.0
T02,1,BG13,spatial_all-spatial_EM,19.103632962906975,0.016031689941883087,0.08391957730054855,1.0
T02,1,BG13,spatial_EM-spatial_ML,-35.15103907100541,-0.02949860692024231,0.08391957730054855,1.0
T02,1,BG14,spatial_EM-spatial_E,29.607096303514112,0.1313159316778183,0.44352856278419495,1.0
T02,1,BG14,spatial_all-spatial_EM,12.192025829325402,0.05407511815428734,0.44352856278419495,1.0
T02,1,BG14,spatial_EM-spatial_ML,15.340141858835757,0.06803791224956512,0.44352856278419495,1.0
T02,1,BG15,spatial_EM-spatial_E,24.824299245507273,0.036714956164360046,0.14789925515651703,1.0
T02,1,BG15,spatial_all-spatial_EM,15.931392684109944,0.023562412708997726,0.14789925515651703,1.0
T02,1,BG15,spatial_EM-spatial_ML,2.175716359038738,0.0032178685069084167,0.14789925515651703,1.0
T02,2,BG1,spatial_EM-spatial_E,-20.61281220383236,-0.0125851109623909,0.061054788529872894,1.0
T02,2,BG1,spatial_all-spatial_EM,58.17028115653355,0.03551574796438217,0.061054788529872894,1.0
T02,2,BG1,spatial_EM-spatial_ML,-65.184045721555,-0.039797987788915634,0.061054788529872894,1.0
T02,2,BG2,spatial_EM-spatial_E,-20.93537979358696,-0.010590765625238419,0.05058787390589714,1.0
T02,2,BG2,spatial_all-spatial_EM,13.400633703588884,0.006779097020626068,0.05058787390589714,1.0
T02,2,BG2,spatial_EM-spatial_ML,-34.96310203332796,-0.01768709346652031,0.05058787390589714,1.0
T02,2,BG3,spatial_EM-spatial_E,59.31613671086963,0.07057319954037666,0.11897806823253632,1.0
T02,2,BG3,spatial_all-spatial_EM,-2.9444828204895686,-0.0035032890737056732,0.11897806823253632,1.0
T02,2,BG3,spatial_EM-spatial_ML,7.752188813927475,0.00922340527176857,0.11897806823253632,1.0
T02,2,BG4,spatial_EM-spatial_E,-9.46791527171041,-0.005936224013566971,0.06269831210374832,1.0
T02,2,BG4,spatial_all-spatial_EM,30.466738454198893,0.019102133810520172,0.06269831210374832,1.0
T02,2,BG4,spatial_EM-spatial_ML,-32.25528214726204,-0.020223520696163177,0.06269831210374832,1.0
T02,2,BG5,spatial_EM-spatial_E,-47.040270646761286,-0.03457528352737427,0.07350144535303116,1.0
T02,2,BG5,spatial_all-spatial_EM,20.978513844489406,0.01541951298713684,0.07350144535303116,1.0
T02,2,BG5,spatial_EM-spatial_ML,-27.958677609225454,-0.020550034940242767,0.07350144535303116,1.0
T02,2,BG6,spatial_EM-spatial_E,20.376830591419477,0.0497809499502182,0.2443017214536667,1.0
T02,2,BG6,spatial_all-spatial_EM,7.575036694017328,0.018505945801734924,0.2443017214536667,1.0
T02,2,BG6,spatial_EM-spatial_ML,35.82959730094871,0.08753232657909393,0.2443017214536667,1.0
T02,2,BG7,spatial_EM-spatial_E,9.24010764790037,0.011101990938186646,0.12015000730752945,1.0
T02,2,BG7,spatial_all-spatial_EM,27.68108260476994,0.0332588255405426,0.12015000730752945,1.0
T02,2,BG7,spatial_EM-spatial_ML,-36.12204041084403,-0.043400637805461884,0.12015000730752945,1.0
T02,2,BG8,spatial_EM-spatial_E,75.73601192536016,0.9213102981448174,1.2164758443832397,1.0
T02,2,BG8,spatial_all-spatial_EM,1.4707257232910536,0.01789102330803871,1.2164758443832397,1.0
T02,2,BG8,spatial_EM-spatial_ML,25.871621107012388,0.3147220239043236,1.2164758443832397,1.0
T02,2,BG9,spatial_EM-spatial_E,40.186988130735834,0.09518148750066757,0.23684652149677277,1.0
T02,2,BG9,spatial_all-spatial_EM,10.761181982265,0.025487486273050308,0.23684652149677277,1.0
T02,2,BG9,spatial_EM-spatial_ML,16.5251107228963,0.03913915157318115,0.23684652149677277,1.0
T02,2,BG10,spatial_EM-spatial_E,82.0570179465067,1.436949998140335,1.7511603832244873,1.0
T02,2,BG10,spatial_all-spatial_EM,3.663240659790219,0.06414921954274178,1.7511603832244873,1.0
T02,2,BG10,spatial_EM-spatial_ML,18.776146440199014,0.3288004398345947,1.7511603832244873,1.0
T02,2,BG11,spatial_EM-spatial_E,52.28029333098349,0.24918998777866364,0.47664228081703186,1.0
T02,2,BG11,spatial_all-spatial_EM,1.0090561174605597,0.004809588193893433,0.47664228081703186,1.0
T02,2,BG11,spatial_EM-spatial_ML,17.546151774934046,0.08363237977027893,0.47664228081703186,1.0
T02,2,BG12,spatial_EM-spatial_E,-3.573640368929688,-0.0036353394389152527,0.10172649472951889,1.0
T02,2,BG12,spatial_all-spatial_EM,12.042340489939189,0.012250252068042755,0.10172649472951889,1.0
T02,2,BG12,spatial_EM-spatial_ML,-12.418375929301199,-0.012632779777050018,0.10172649472951889,1.0
T02,2,BG13,spatial_EM-spatial_E,-47.3026442329318,-0.03435579687356949,0.07262974977493286,1.0
T02,2,BG13,spatial_all-spatial_EM,30.4722470918572,0.022131919860839844,0.07262974977493286,1.0
T02,2,BG13,spatial_EM-spatial_ML,-34.68452159857443,-0.025191284716129303,0.07262974977493286,1.0
T02,2,BG14,spatial_EM-spatial_E,63.40610810280853,0.2910055033862591,0.45895498991012573,1.0
T02,2,BG14,spatial_all-spatial_EM,3.3908173391870946,0.015562325716018677,0.45895498991012573,1.0
T02,2,BG14,spatial_EM-spatial_ML,21.21014167835982,0.0973450057208538,0.45895498991012573,1.0
T02,2,BG15,spatial_EM-spatial_E,46.53127366545696,0.07017753645777702,0.15081799030303955,1.0
T02,2,BG15,spatial_all-spatial_EM,12.568629699859954,0.018955755978822708,0.15081799030303955,1.0
T02,2,BG15,spatial_EM-spatial_ML,-1.2355570008955112,-0.0018634423613548279,0.15081799030303955,1.0
T03,0,BG1,spatial_EM-spatial_E,61.03213316069986,0.06812901236116886,0.11162809282541275,1.0
T03,0,BG1,spatial_all-spatial_EM,-9.602206559688966,-0.010718761011958122,0.11162809282541275,1.0
T03,0,BG1,spatial_EM-spatial_ML,7.616939823250519,0.008502645418047905,0.11162809282541275,1.0
T03,0,BG2,spatial_EM-spatial_E,33.72697094605969,0.024486646056175232,0.07260255515575409,1.0
T03,0,BG2,spatial_all-spatial_EM,-21.51026174932813,-0.015617001801729202,0.07260255515575409,1.0
T03,0,BG2,spatial_EM-spatial_ML,16.332352759140978,0.011857707053422928,0.07260255515575409,1.0
T03,0,BG3,spatial_EM-spatial_E,60.9582882724027,0.08641001954674721,0.141752690076828,1.0
T03,0,BG3,spatial_all-spatial_EM,-2.975053459566155,-0.004217218607664108,0.141752690076828,1.0
T03,0,BG3,spatial_EM-spatial_ML,6.478691234270386,0.009183719754219055,0.141752690076828,1.0
T03,0,BG4,spatial_EM-spatial_E,27.129333180992976,0.020544253289699554,0.07572707533836365,1.0
T03,0,BG4,spatial_all-spatial_EM,9.515322364800198,0.007205676287412643,0.07572707533836365,1.0
T03,0,BG4,spatial_EM-spatial_ML,-1.3623536608803022,-0.001031670719385147,0.07572707533836365,1.0
T03,0,BG5,spatial_EM-spatial_E,73.9701839710313,0.3348250389099121,0.4526486396789551,1.0
T03,0,BG5,spatial_all-spatial_EM,-2.5440586603086928,-0.011515647172927856,0.4526486396789551,1.0
T03,0,BG5,spatial_EM-spatial_ML,2.032069825945115,0.009198136627674103,0.4526486396789551,1.0
T03,0,BG6,spatial_EM-spatial_E,72.33623805560664,0.6598038971424103,0.9121346473693848,1.0
T03,0,BG6,spatial_all-spatial_EM,10.228192513140769,0.0932948887348175,0.9121346473693848,1.0
T03,0,BG6,spatial_EM-spatial_ML,-2.5603930431284,-0.02335423231124878,0.9121346473693848,1.0
T03,0,BG7,spatial_EM-spatial_E,41.81129122705891,0.11376196146011353,0.2720842957496643,1.0
T03,0,BG7,spatial_all-spatial_EM,17.27804961320996,0.047010861337184906,0.2720842957496643,1.0
T03,0,BG7,spatial_EM-spatial_ML,-9.455129507643463,-0.025725923478603363,0.2720842957496643,1.0
T03,0,BG8,spatial_EM-spatial_E,85.36362073896947,1.4303255081176758,1.6755679845809937,1.0
T03,0,BG8,spatial_all-spatial_EM,4.45558165876669,0.07465630024671555,1.6755679845809937,1.0
T03,0,BG8,spatial_EM-spatial_ML,9.467327144886738,0.15863150358200073,1.6755679845809937,1.0
T03,0,BG9,spatial_EM-spatial_E,77.85500354023644,0.45757317543029785,0.5877248048782349,1.0
T03,0,BG9,spatial_all-spatial_EM,4.291427387327218,0.02522178366780281,0.5877248048782349,1.0
T03,0,BG9,spatial_EM-spatial_ML,7.348450787538596,0.0431886687874794,0.5877248048782349,1.0
T03,0,BG10,spatial_EM-spatial_E,84.93855079265008,1.2877583801746368,1.5161058902740479,1.0
T03,0,BG10,spatial_all-spatial_EM,4.15559343849047,0.06300319731235504,1.5161058902740479,1.0
T03,0,BG10,spatial_EM-spatial_ML,12.708800139605756,0.19267886877059937,1.5161058902740479,1.0
T03,0,BG11,spatial_EM-spatial_E,74.29994082662827,0.5115155428647995,0.6884467601776123,1.0
T03,0,BG11,spatial_all-spatial_EM,7.631815560187931,0.052540987730026245,0.6884467601776123,1.0
T03,0,BG11,spatial_EM-spatial_ML,3.849822718018089,0.02650398015975952,0.6884467601776123,1.0
T03,0,BG12,spatial_EM-spatial_E,49.54280573226927,0.13668744266033173,0.27589765191078186,1.0
T03,0,BG12,spatial_all-spatial_EM,7.0996236296255475,0.019587695598602295,0.27589765191078186,1.0
T03,0,BG12,spatial_EM-spatial_ML,1.7701854560646737,0.004883900284767151,0.27589765191078186,1.0
T03,0,BG13,spatial_EM-spatial_E,25.116424222028805,0.03474587947130203,0.13833926618099213,1.0
T03,0,BG13,spatial_all-spatial_EM,6.045207818996545,0.008362896740436554,0.13833926618099213,1.0
T03,0,BG13,spatial_EM-spatial_ML,-2.2616082678143457,-0.0031286925077438354,0.13833926618099213,1.0
T03,0,BG14,spatial_EM-spatial_E,82.62529499480786,0.7350491434335709,0.8896175622940063,1.0
T03,0,BG14,spatial_all-spatial_EM,2.0508448641471944,0.018244676291942596,0.8896175622940063,1.0
T03,0,BG14,spatial_EM-spatial_ML,10.11826312321081,0.09001384675502777,0.8896175622940063,1.0
T03,0,BG15,spatial_EM-spatial_E,66.3639947160589,0.1515260487794876,0.22832567989826202,1.0
T03,0,BG15,spatial_all-spatial_EM,4.727600590116268,0.010794326663017273,0.22832567989826202,1.0
T03,0,BG15,spatial_EM-spatial_ML,6.3187095674982885,0.014427237212657928,0.22832567989826202,1.0
T03,1,BG1,spatial_EM-spatial_E,26.43820650176241,0.016396183520555496,0.06201699376106262,1.0
T03,1,BG1,spatial_all-spatial_EM,-15.018697015327902,-0.009314145892858505,0.06201699376106262,1.0
T03,1,BG1,spatial_EM-spatial_ML,16.614834570345025,0.010304022580385208,0.06201699376106262,1.0
T03,1,BG2,spatial_EM-spatial_E,-6.2154835123072285,-0.004365414381027222,0.0702344998717308,1.0
T03,1,BG2,spatial_all-spatial_EM,26.744344568001512,0.01878375932574272,0.0702344998717308,1.0
T03,1,BG2,spatial_EM-spatial_ML,-22.591753296653394,-0.0158672071993351,0.0702344998717308,1.0
T03,1,BG3,spatial_EM-spatial_E,60.062211537841804,0.05624697729945183,0.09364785254001617,1.0
T03,1,BG3,spatial_all-spatial_EM,-5.127902560357107,-0.004802171140909195,0.09364785254001617,1.0
T03,1,BG3,spatial_EM-spatial_ML,14.318532774156274,0.013408999890089035,0.09364785254001617,1.0
T03,1,BG4,spatial_EM-spatial_E,-7.846529142959125,-0.003197077661752701,0.04074510931968689,1.0
T03,1,BG4,spatial_all-spatial_EM,-13.111639441846211,-0.005342353135347366,0.04074510931968689,1.0
T03,1,BG4,spatial_EM-spatial_ML,8.703457688864596,0.003546234220266342,0.04074510931968689,1.0
T03,1,BG5,spatial_EM-spatial_E,-2.834765153761418,-0.003354310989379883,0.11832763999700546,1.0
T03,1,BG5,spatial_all-spatial_EM,32.35662582345241,0.038286834955215454,0.11832763999700546,1.0
T03,1,BG5,spatial_EM-spatial_ML,-26.059699213140775,-0.0308358296751976,0.11832763999700546,1.0
T03,1,BG6,spatial_EM-spatial_E,42.049071864212394,0.13040691614151,0.3101302981376648,1.0
T03,1,BG6,spatial_all-spatial_EM,21.82819267156225,0.06769584119319916,0.3101302981376648,1.0
T03,1,BG6,spatial_EM-spatial_ML,-13.235762018197079,-0.04104810953140259,0.3101302981376648,1.0
T03,1,BG7,spatial_EM-spatial_E,-7.915994520529677,-0.011659190058708191,0.14728647470474243,1.0
T03,1,BG7,spatial_all-spatial_EM,31.7644765664269,0.04678478091955185,0.14728647470474243,1.0
T03,1,BG7,spatial_EM-spatial_ML,-27.883627460598277,-0.04106881469488144,0.14728647470474243,1.0
T03,1,BG8,spatial_EM-spatial_E,62.209955695453054,0.4579767435789108,0.7361791729927063,1.0
T03,1,BG8,spatial_all-spatial_EM,14.12523429248725,0.10398703441023827,0.7361791729927063,1.0
T03,1,BG8,spatial_EM-spatial_ML,-1.8949319544652923,-0.01395009458065033,0.7361791729927063,1.0
T03,1,BG9,spatial_EM-spatial_E,55.3696002114684,0.10439553111791611,0.18854303658008575,1.0
T03,1,BG9,spatial_all-spatial_EM,18.019294053838244,0.03397412598133087,0.18854303658008575,1.0
T03,1,BG9,spatial_EM-spatial_ML,-0.3905070160494404,-0.0007362738251686096,0.18854303658008575,1.0
T03,1,BG10,spatial_EM-spatial_E,67.47875357745971,0.5908365994691849,0.8755890727043152,1.0
T03,1,BG10,spatial_all-spatial_EM,12.627722406447063,0.11056695878505707,0.8755890727043152,1.0
T03,1,BG10,spatial_EM-spatial_ML,-0.5242717970351976,-0.004590466618537903,0.8755890727043152,1.0
T03,1,BG11,spatial_EM-spatial_E,46.01981377705612,0.11688561737537384,0.2539897561073303,1.0
T03,1,BG11,spatial_all-spatial_EM,17.761912731536555,0.04511344060301781,0.2539897561073303,1.0
T03,1,BG11,spatial_EM-spatial_ML,-13.25612897181611,-0.033669210970401764,0.2539897561073303,1.0
T03,1,BG12,spatial_EM-spatial_E,-15.055937971415553,-0.017453402280807495,0.11592370271682739,1.0
T03,1,BG12,spatial_all-spatial_EM,26.64814177409867,0.03089151531457901,0.11592370271682739,1.0
T03,1,BG12,spatial_EM-spatial_ML,-19.341497819674526,-0.02242138236761093,0.11592370271682739,1.0
T03,1,BG13,spatial_EM-spatial_E,-12.295450368875393,-0.013908609747886658,0.11311995983123779,1.0
T03,1,BG13,spatial_all-spatial_EM,34.400008972650035,0.03891327977180481,0.11311995983123779,1.0
T03,1,BG13,spatial_EM-spatial_ML,-32.462403036356385,-0.03672146052122116,0.11311995983123779,1.0
T03,1,BG14,spatial_EM-spatial_E,53.9861547972846,0.17939622700214386,0.33230042457580566,1.0
T03,1,BG14,spatial_all-spatial_EM,14.42135678159326,0.04792223125696182,0.33230042457580566,1.0
T03,1,BG14,spatial_EM-spatial_ML,-3.680147029847433,-0.01222914457321167,0.33230042457580566,1.0
T03,1,BG15,spatial_EM-spatial_E,10.600744521024234,0.007571816444396973,0.07142720371484756,1.0
T03,1,BG15,spatial_all-spatial_EM,26.60072642584477,0.019000157713890076,0.07142720371484756,1.0
T03,1,BG15,spatial_EM-spatial_ML,-12.61482151637019,-0.009010415524244308,0.07142720371484756,1.0
T03,2,BG1,spatial_EM-spatial_E,-9.059990109234597,-0.0033673495054244995,0.03716724365949631,1.0
T03,2,BG1,spatial_all-spatial_EM,-46.03959107706397,-0.017111651599407196,0.03716724365949631,1.0
T03,2,BG1,spatial_EM-spatial_ML,38.41826865411781,0.014279015362262726,0.03716724365949631,1.0
T03,2,BG2,spatial_EM-spatial_E,-7.046638369104205,-0.002184435725212097,0.030999675393104553,1.0
T03,2,BG2,spatial_all-spatial_EM,-111.4767783107965,-0.03455745056271553,0.030999675393104553,1.0
T03,2,BG2,spatial_EM-spatial_ML,103.13182704541126,0.031970541924238205,0.030999675393104553,1.0
T03,2,BG3,spatial_EM-spatial_E,20.1254306380137,0.006718171760439873,0.033381495624780655,1.0
T03,2,BG3,spatial_all-spatial_EM,-34.84781023521975,-0.011632723733782768,0.033381495624780655,1.0
T03,2,BG3,spatial_EM-spatial_ML,64.40533863449961,0.021499471738934517,0.033381495624780655,1.0
T03,2,BG4,spatial_EM-spatial_E,49.101273836304586,0.024424929171800613,0.04974397271871567,1.0
T03,2,BG4,spatial_all-spatial_EM,-54.27612952906956,-0.026999108493328094,0.04974397271871567,1.0
T03,2,BG4,spatial_EM-spatial_ML,61.97863271251927,0.030830640345811844,0.04974397271871567,1.0
T03,2,BG5,spatial_EM-spatial_E,-8.853237457625461,-0.013882696628570557,0.1568092554807663,1.0
T03,2,BG5,spatial_all-spatial_EM,41.711254778381665,0.06540711224079132,0.1568092554807663,1.0
T03,2,BG5,spatial_EM-spatial_ML,-37.33696758396068,-0.05854782462120056,0.1568092554807663,1.0
T03,2,BG6,spatial_EM-spatial_E,-48.6066447158543,-0.07443283498287201,0.15313303470611572,1.0
T03,2,BG6,spatial_all-spatial_EM,68.23649319727883,0.10449261963367462,0.15313303470611572,1.0
T03,2,BG6,spatial_EM-spatial_ML,-63.9462935432989,-0.0979229062795639,0.15313303470611572,1.0
T03,2,BG7,spatial_EM-spatial_E,-22.35362267436253,-0.035675808787345886,0.15959742665290833,1.0
T03,2,BG7,spatial_all-spatial_EM,52.133119281055556,0.08320312201976776,0.15959742665290833,1.0
T03,2,BG7,spatial_EM-spatial_ML,-46.2221090282949,-0.07376930117607117,0.15959742665290833,1.0
T03,2,BG8,spatial_EM-spatial_E,58.52358150127621,0.5080463141202927,0.8681052923202515,1.0
T03,2,BG8,spatial_all-spatial_EM,21.47743933296786,0.18644678965210915,0.8681052923202515,1.0
T03,2,BG8,spatial_EM-spatial_ML,-13.907879778462743,-0.1207350417971611,0.8681052923202515,1.0
T03,2,BG9,spatial_EM-spatial_E,39.53559075949555,0.08073794841766357,0.2042158544063568,1.0
T03,2,BG9,spatial_all-spatial_EM,14.31497050524338,0.02923344075679779,0.2042158544063568,1.0
T03,2,BG9,spatial_EM-spatial_ML,1.1807523179729884,0.002411283552646637,0.2042158544063568,1.0
T03,2,BG10,spatial_EM-spatial_E,55.62732506449629,0.3816726803779602,0.6861244440078735,1.0
T03,2,BG10,spatial_all-spatial_EM,20.164475865015135,0.1383533999323845,0.6861244440078735,1.0
T03,2,BG10,spatial_EM-spatial_ML,-8.93496814170625,-0.06130500137805939,0.6861244440078735,1.0
T03,2,BG11,spatial_EM-spatial_E,-4.580145172823402,-0.007018819451332092,0.15324446558952332,1.0
T03,2,BG11,spatial_all-spatial_EM,47.730689290717685,0.07314464449882507,0.15324446558952332,1.0
T03,2,BG11,spatial_EM-spatial_ML,-32.91741900325903,-0.05044412612915039,0.15324446558952332,1.0
T03,2,BG12,spatial_EM-spatial_E,-85.00225158831722,-0.06344421207904816,0.0746382623910904,1.0
T03,2,BG12,spatial_all-spatial_EM,5.699486687594657,0.004253998398780823,0.0746382623910904,1.0
T03,2,BG12,spatial_EM-spatial_ML,16.790148220957235,0.012531876564025879,0.0746382623910904,1.0
T03,2,BG13,spatial_EM-spatial_E,-71.92346139550455,-0.04393643140792847,0.061087749898433685,1.0
T03,2,BG13,spatial_all-spatial_EM,0.5453307834556824,0.0003331303596496582,0.061087749898433685,1.0
T03,2,BG13,spatial_EM-spatial_ML,11.521588579370587,0.007038280367851257,0.061087749898433685,1.0
T03,2,BG14,spatial_EM-spatial_E,37.76576877146619,0.06697726249694824,0.17734912037849426,1.0
T03,2,BG14,spatial_all-spatial_EM,-1.8546512233266768,-0.0032892078161239624,0.17734912037849426,1.0
T03,2,BG14,spatial_EM-spatial_ML,19.15852571145151,0.03397747874259949,0.17734912037849426,1.0
T03,2,BG15,spatial_EM-spatial_E,16.220850110682605,0.00974353402853012,0.060067951679229736,1.0
T03,2,BG15,spatial_all-spatial_EM,-7.442188123126957,-0.004470370709896088,0.060067951679229736,1.0
T03,2,BG15,spatial_EM-spatial_ML,26.295351818685383,0.015795081853866577,0.060067951679229736,1.0
T04,0,BG1,spatial_EM-spatial_E,77.83544873343007,0.20708350092172623,0.2660529315471649,1.0
T04,0,BG1,spatial_all-spatial_EM,12.117254512627227,0.03223831206560135,0.2660529315471649,1.0
T04,0,BG1,spatial_EM-spatial_ML,-12.710453351571061,-0.03381653502583504,0.2660529315471649,1.0
T04,0,BG2,spatial_EM-spatial_E,93.82441826405024,0.27594980224967003,0.2941129803657532,1.0
T04,0,BG2,spatial_all-spatial_EM,4.47812491043895,0.013170747086405754,0.2941129803657532,1.0
T04,0,BG2,spatial_EM-spatial_ML,-1.1326358235819356,-0.003331229090690613,0.2941129803657532,1.0
T04,0,BG3,spatial_EM-spatial_E,64.12394664904745,0.08329934999346733,0.129903644323349,1.0
T04,0,BG3,spatial_all-spatial_EM,14.90047817740377,0.019356265664100647,0.129903644323349,1.0
T04,0,BG3,spatial_EM-spatial_ML,-9.362348989976695,-0.012162033468484879,0.129903644323349,1.0
T04,0,BG4,spatial_EM-spatial_E,35.11087291267289,0.030967768281698227,0.0881999284029007,1.0
T04,0,BG4,spatial_all-spatial_EM,32.47030547735484,0.028638789430260658,0.0881999284029007,1.0
T04,0,BG4,spatial_EM-spatial_ML,-22.118793548354375,-0.019508762285113335,0.0881999284029007,1.0
T04,0,BG5,spatial_EM-spatial_E,101.01919923167523,0.7566131725907326,0.7489795684814453,1.0
T04,0,BG5,spatial_all-spatial_EM,-0.13599470906282818,-0.001018572598695755,0.7489795684814453,1.0
T04,0,BG5,spatial_EM-spatial_ML,0.9521415236108624,0.007131345570087433,0.7489795684814453,1.0
T04,0,BG6,spatial_EM-spatial_E,72.523924940514,0.3045325502753258,0.4199063181877136,1.0
T04,0,BG6,spatial_all-spatial_EM,3.336193377366328,0.014008887112140656,0.4199063181877136,1.0
T04,0,BG6,spatial_EM-spatial_ML,9.414510413978093,0.0395321249961853,0.4199063181877136,1.0
T04,0,BG7,spatial_EM-spatial_E,138.42606760772367,0.17412154376506805,0.1257866621017456,1.0
T04,0,BG7,spatial_all-spatial_EM,14.10743366416252,0.01774527132511139,0.1257866621017456,1.0
T04,0,BG7,spatial_EM-spatial_ML,17.6281882353547,0.022173911333084106,0.1257866621017456,1.0
T04,0,BG8,spatial_EM-spatial_E,66.42384531513476,0.4976643919944763,0.7492254972457886,1.0
T04,0,BG8,spatial_all-spatial_EM,4.310562569048386,0.0322958342730999,0.7492254972457886,1.0
T04,0,BG8,spatial_EM-spatial_ML,0.07641060086314155,0.0005724877119064331,0.7492254972457886,1.0
T04,0,BG9,spatial_EM-spatial_E,57.29367986566574,0.10268337279558182,0.17922285199165344,1.0
T04,0,BG9,spatial_all-spatial_EM,5.977854309198065,0.01071368157863617,0.17922285199165344,1.0
T04,0,BG9,spatial_EM-spatial_ML,34.77462844245202,0.06232408434152603,0.17922285199165344,1.0
T04,0,BG10,spatial_EM-spatial_E,51.93974937610722,0.14441939443349838,0.2780517637729645,1.0
T04,0,BG10,spatial_all-spatial_EM,3.9901523441676545,0.01109468936920166,0.2780517637729645,1.0
T04,0,BG10,spatial_EM-spatial_ML,-0.7056355521420556,-0.0019620321691036224,0.2780517637729645,1.0
T04,0,BG11,spatial_EM-spatial_E,49.57397486115151,0.06523469090461731,0.1315905898809433,1.0
T04,0,BG11,spatial_all-spatial_EM,16.763112770615614,0.022058680653572083,0.1315905898809433,1.0
T04,0,BG11,spatial_EM-spatial_ML,-14.416397242331577,-0.01897062361240387,0.1315905898809433,1.0
T04,0,BG12,spatial_EM-spatial_E,61.18452868895022,0.07031207531690598,0.114918053150177,1.0
T04,0,BG12,spatial_all-spatial_EM,-11.985701146590927,-0.013773735612630844,0.114918053150177,1.0
T04,0,BG12,spatial_EM-spatial_ML,6.652575529567109,0.007645010948181152,0.114918053150177,1.0
T04,0,BG13,spatial_EM-spatial_E,123.20981842861094,0.21319861337542534,0.17303702235221863,1.0
T04,0,BG13,spatial_all-spatial_EM,-8.540419687836774,-0.01477808877825737,0.17303702235221863,1.0
T04,0,BG13,spatial_EM-spatial_ML,5.388519017807312,0.009324133396148682,0.17303702235221863,1.0
T04,0,BG14,spatial_EM-spatial_E,60.89418637920977,0.1845661774277687,0.3030932545661926,1.0
T04,0,BG14,spatial_all-spatial_EM,3.6469313029177926,0.011053603142499924,0.3030932545661926,1.0
T04,0,BG14,spatial_EM-spatial_ML,12.295756715035353,0.03726761043071747,0.3030932545661926,1.0
T04,0,BG15,spatial_EM-spatial_E,70.68349157684386,0.18317699059844017,0.25915101170539856,1.0
T04,0,BG15,spatial_all-spatial_EM,10.82620795733591,0.028056228533387184,0.25915101170539856,1.0
T04,0,BG15,spatial_EM-spatial_ML,0.7495889904314055,0.001942567527294159,0.25915101170539856,1.0
T04,1,BG1,spatial_EM-spatial_E,43.61989325825529,0.014420043677091599,0.03305840119719505,1.0
T04,1,BG1,spatial_all-spatial_EM,18.875035182111752,0.006239786744117737,0.03305840119719505,1.0
T04,1,BG1,spatial_EM-spatial_ML,4.320806324490263,0.001428389921784401,0.03305840119719505,1.0
T04,1,BG2,spatial_EM-spatial_E,28.048413053433098,0.011738162487745285,0.041849639266729355,1.0
T04,1,BG2,spatial_all-spatial_EM,-10.845528094205811,-0.004538815468549728,0.041849639266729355,1.0
T04,1,BG2,spatial_EM-spatial_ML,19.491078024544382,0.008156947791576385,0.041849639266729355,1.0
T04,1,BG3,spatial_EM-spatial_E,53.96436739994664,0.033453600481152534,0.06199200823903084,1.0
T04,1,BG3,spatial_all-spatial_EM,-0.6238982055328464,-0.00038676708936691284,0.06199200823903084,1.0
T04,1,BG3,spatial_EM-spatial_ML,6.168228482175024,0.003823809325695038,0.06199200823903084,1.0
T04,1,BG4,spatial_EM-spatial_E,22.1711246237658,0.013085857033729553,0.05902206152677536,1.0
T04,1,BG4,spatial_all-spatial_EM,24.30482936262019,0.014345213770866394,0.05902206152677536,1.0
T04,1,BG4,spatial_EM-spatial_ML,-9.779673611581835,-0.005772165954113007,0.05902206152677536,1.0
T04,1,BG5,spatial_EM-spatial_E,98.77308361132077,0.14170158840715885,0.14346173405647278,1.0
T04,1,BG5,spatial_all-spatial_EM,-5.4680045243562745,-0.00784449465572834,0.14346173405647278,1.0
T04,1,BG5,spatial_EM-spatial_ML,11.600418415216467,0.016642162576317787,0.14346173405647278,1.0
T04,1,BG6,spatial_EM-spatial_E,65.96935531708752,0.19249148294329643,0.2917892336845398,1.0
T04,1,BG6,spatial_all-spatial_EM,10.054572320510516,0.029338160529732704,0.2917892336845398,1.0
T04,1,BG6,spatial_EM-spatial_ML,6.732352017123532,0.019644279032945633,0.2917892336845398,1.0
T04,1,BG7,spatial_EM-spatial_E,78.4581493619841,0.1050507128238678,0.1338939368724823,1.0
T04,1,BG7,spatial_all-spatial_EM,18.1083613709338,0.02424599975347519,0.1338939368724823,1.0
T04,1,BG7,spatial_EM-spatial_ML,-1.3915436884382189,-0.001863192766904831,0.1338939368724823,1.0
T04,1,BG8,spatial_EM-spatial_E,63.185776308284204,0.3143122047185898,0.4974413812160492,1.0
T04,1,BG8,spatial_all-spatial_EM,11.148154662941565,0.055455535650253296,0.4974413812160492,1.0
T04,1,BG8,spatial_EM-spatial_ML,-2.647336176901888,-0.013168945908546448,0.4974413812160492,1.0
T04,1,BG9,spatial_EM-spatial_E,72.94791195172783,0.20460046082735062,0.2804747223854065,1.0
T04,1,BG9,spatial_all-spatial_EM,3.3756853682706804,0.009467944502830505,0.2804747223854065,1.0
T04,1,BG9,spatial_EM-spatial_ML,5.5589685591397995,0.01559150218963623,0.2804747223854065,1.0
T04,1,BG10,spatial_EM-spatial_E,33.14492476069301,0.05440989136695862,0.16415752470493317,1.0
T04,1,BG10,spatial_all-spatial_EM,29.69839853398377,0.048752158880233765,0.16415752470493317,1.0
T04,1,BG10,spatial_EM-spatial_ML,-26.187080420930364,-0.042988065630197525,0.16415752470493317,1.0
T04,1,BG11,spatial_EM-spatial_E,61.99309781970482,0.0887095108628273,0.14309577643871307,1.0
T04,1,BG11,spatial_all-spatial_EM,19.000414688233988,0.027188792824745178,0.14309577643871307,1.0
T04,1,BG11,spatial_EM-spatial_ML,-22.36762176689075,-0.0320071242749691,0.14309577643871307,1.0
T04,1,BG12,spatial_EM-spatial_E,62.23063822952666,0.12455610185861588,0.20015236735343933,1.0
T04,1,BG12,spatial_all-spatial_EM,-2.085845575633101,-0.004174869507551193,0.20015236735343933,1.0
T04,1,BG12,spatial_EM-spatial_ML,9.258456469897865,0.01853102073073387,0.20015236735343933,1.0
T04,1,BG13,spatial_EM-spatial_E,68.2010913091186,0.10233473777770996,0.15004852414131165,1.0
T04,1,BG13,spatial_all-spatial_EM,-0.3106731291148037,-0.00046616047620773315,0.15004852414131165,1.0
T04,1,BG13,spatial_EM-spatial_ML,1.5956091868329736,0.0023941881954669952,0.15004852414131165,1.0
T04,1,BG14,spatial_EM-spatial_E,56.29548117375601,0.14493981003761292,0.25746259093284607,1.0
T04,1,BG14,spatial_all-spatial_EM,9.468311456364845,0.024377360939979553,0.25746259093284607,1.0
T04,1,BG14,spatial_EM-spatial_ML,8.322789750740597,0.021428070962429047,0.25746259093284607,1.0
T04,1,BG15,spatial_EM-spatial_E,25.948242709787365,0.019158657640218735,0.07383411377668381,1.0
T04,1,BG15,spatial_all-spatial_EM,23.50664883624441,0.01735592819750309,0.07383411377668381,1.0
T04,1,BG15,spatial_EM-spatial_ML,-32.59968405621649,-0.024069691076874733,0.07383411377668381,1.0
T04,2,BG1,spatial_EM-spatial_E,82.3881547373557,0.15172088518738747,0.184153750538826,1.0
T04,2,BG1,spatial_all-spatial_EM,3.908047092484125,0.007196815684437752,0.184153750538826,1.0
T04,2,BG1,spatial_EM-spatial_ML,-1.4001566115644408,-0.0025784410536289215,0.184153750538826,1.0
T04,2,BG2,spatial_EM-spatial_E,84.91641950417858,0.18877307511866093,0.2223045527935028,1.0
T04,2,BG2,spatial_all-spatial_EM,0.2157448460812077,0.0004796106368303299,0.2223045527935028,1.0
T04,2,BG2,spatial_EM-spatial_ML,4.608549512417895,0.01024501584470272,0.2223045527935028,1.0
T04,2,BG3,spatial_EM-spatial_E,69.10382907115323,0.09569624066352844,0.13848181068897247,1.0
T04,2,BG3,spatial_all-spatial_EM,7.305407249223748,0.010116660967469215,0.13848181068897247,1.0
T04,2,BG3,spatial_EM-spatial_ML,-7.147212272549851,-0.009897589683532715,0.13848181068897247,1.0
T04,2,BG4,spatial_EM-spatial_E,60.79162756167766,0.046533772721886635,0.07654634118080139,1.0
T04,2,BG4,spatial_all-spatial_EM,0.9560217309270058,0.0007317997515201569,0.07654634118080139,1.0
T04,2,BG4,spatial_EM-spatial_ML,-1.9087024642095116,-0.0014610420912504196,0.07654634118080139,1.0
T04,2,BG5,spatial_EM-spatial_E,102.2679207860938,0.5040363632142544,0.4928587079048157,1.0
T04,2,BG5,spatial_all-spatial_EM,3.4050319748725855,0.016781996935606003,0.4928587079048157,1.0
T04,2,BG5,spatial_EM-spatial_ML,-1.3189320077297708,-0.006500471383333206,0.4928587079048157,1.0
T04,2,BG6,spatial_EM-spatial_E,60.86542975537591,0.2599864602088928,0.42714962363243103,1.0
T04,2,BG6,spatial_all-spatial_EM,10.525313330604206,0.04495883733034134,0.42714962363243103,1.0
T04,2,BG6,spatial_EM-spatial_ML,2.6720580046852263,0.011413685977458954,0.42714962363243103,1.0
T04,2,BG7,spatial_EM-spatial_E,20.955315889868743,0.018248260021209717,0.08708176016807556,1.0
T04,2,BG7,spatial_all-spatial_EM,84.5450879802271,0.07362335920333862,0.08708176016807556,1.0
T04,2,BG7,spatial_EM-spatial_ML,-82.51413590338959,-0.07185477018356323,0.08708176016807556,1.0
T04,2,BG8,spatial_EM-spatial_E,96.5927588028096,0.13594511151313782,0.14074046909809113,1.0
T04,2,BG8,spatial_all-spatial_EM,46.170927736090334,0.06498118489980698,0.14074046909809113,1.0
T04,2,BG8,spatial_EM-spatial_ML,-40.77612277774837,-0.057388510555028915,0.14074046909809113,1.0
T04,2,BG9,spatial_EM-spatial_E,79.79993970483292,0.29194794595241547,0.3658498227596283,1.0
T04,2,BG9,spatial_all-spatial_EM,4.877306859591869,0.017843618988990784,0.3658498227596283,1.0
T04,2,BG9,spatial_EM-spatial_ML,25.139205185051253,0.0919717401266098,0.3658498227596283,1.0
T04,2,BG10,spatial_EM-spatial_E,54.176888803684754,0.09366916120052338,0.17289504408836365,1.0
T04,2,BG10,spatial_all-spatial_EM,26.253164745875722,0.04539042338728905,0.17289504408836365,1.0
T04,2,BG10,spatial_EM-spatial_ML,-26.412367824890396,-0.0456656776368618,0.17289504408836365,1.0
T04,2,BG11,spatial_EM-spatial_E,67.74354826445558,0.17715120315551758,0.2615026831626892,1.0
T04,2,BG11,spatial_all-spatial_EM,8.441631715392504,0.022075094282627106,0.2615026831626892,1.0
T04,2,BG11,spatial_EM-spatial_ML,-11.210162024788204,-0.029314875602722168,0.2615026831626892,1.0
T04,2,BG12,spatial_EM-spatial_E,93.83414193797856,0.12941370159387589,0.13791748881340027,1.0
T04,2,BG12,spatial_all-spatial_EM,14.755258675548056,0.020350083708763123,0.13791748881340027,1.0
T04,2,BG12,spatial_EM-spatial_ML,-10.841029063704333,-0.0149516761302948,0.13791748881340027,1.0
T04,2,BG13,spatial_EM-spatial_E,81.90710776436538,0.14453976973891258,0.1764679104089737,1.0
T04,2,BG13,spatial_all-spatial_EM,2.9619921748547995,0.005226965993642807,0.1764679104089737,1.0
T04,2,BG13,spatial_EM-spatial_ML,9.734091170614363,0.01717754825949669,0.1764679104089737,1.0
T04,2,BG14,spatial_EM-spatial_E,109.90756540016997,0.1582484245300293,0.14398318529129028,1.0
T04,2,BG14,spatial_all-spatial_EM,17.695608148562712,0.025478702038526535,0.14398318529129028,1.0
T04,2,BG14,spatial_EM-spatial_ML,-5.256697971620909,-0.007568761706352234,0.14398318529129028,1.0
T04,2,BG15,spatial_EM-spatial_E,62.77059393311488,0.1440921239554882,0.22955353558063507,1.0
T04,2,BG15,spatial_all-spatial_EM,4.038509336227406,0.009270541369915009,0.22955353558063507,1.0
T04,2,BG15,spatial_EM-spatial_ML,3.1301708455840753,0.0071854181587696075,0.22955353558063507,1.0
T05,0,BG1,spatial_EM-spatial_E,14.135469585295816,0.007604688405990601,0.0537986159324646,1.0
T05,0,BG1,spatial_all-spatial_EM,-7.975309317249042,-0.004290606826543808,0.0537986159324646,1.0
T05,0,BG1,spatial_EM-spatial_ML,24.54225073426788,0.013203393667936325,0.0537986159324646,1.0
T05,0,BG2,spatial_EM-spatial_E,56.80924967379031,0.06352417916059494,0.11182012408971786,1.0
T05,0,BG2,spatial_all-spatial_EM,-3.743865619384536,-0.004186395555734634,0.11182012408971786,1.0
T05,0,BG2,spatial_EM-spatial_ML,4.64954450427588,0.005199126899242401,0.11182012408971786,1.0
T05,0,BG3,spatial_EM-spatial_E,46.751883578931974,0.05430399253964424,0.11615358293056488,1.0
T05,0,BG3,spatial_all-spatial_EM,9.767771436831666,0.011345617473125458,0.11615358293056488,1.0
T05,0,BG3,spatial_EM-spatial_ML,-1.3184425675400888,-0.0015314184129238129,0.11615358293056488,1.0
T05,0,BG4,spatial_EM-spatial_E,39.22290486766416,0.043669044971466064,0.11133556067943573,1.0
T05,0,BG4,spatial_all-spatial_EM,0.79045948634203,0.0008800625801086426,0.11133556067943573,1.0
T05,0,BG4,spatial_EM-spatial_ML,16.6524323929874,0.01854008063673973,0.11133556067943573,1.0
T05,0,BG5,spatial_EM-spatial_E,6.76944423450826,0.0075269415974617004,0.11118993908166885,1.0
T05,0,BG5,spatial_all-spatial_EM,-3.616712758734625,-0.0040214210748672485,0.11118993908166885,1.0
T05,0,BG5,spatial_EM-spatial_ML,13.00936027286684,0.014465101063251495,0.11118993908166885,1.0
T05,0,BG6,spatial_EM-spatial_E,6.634842908696651,0.007265985012054443,0.10951253026723862,1.0
T05,0,BG6,spatial_all-spatial_EM,28.64747441290603,0.03137257695198059,0.10951253026723862,1.0
T05,0,BG6,spatial_EM-spatial_ML,-63.93565967049956,-0.07001756504178047,0.10951253026723862,1.0
T05,0,BG7,spatial_EM-spatial_E,20.93435535067635,0.06790204346179962,0.32435697317123413,1.0
T05,0,BG7,spatial_all-spatial_EM,2.9540002988714917,0.009581506252288818,0.32435697317123413,1.0
T05,0,BG7,spatial_EM-spatial_ML,0.8194382605853363,0.0026579052209854126,0.32435697317123413,1.0
T05,0,BG8,spatial_EM-spatial_E,30.082458793102504,0.1537926346063614,0.5112369060516357,1.0
T05,0,BG8,spatial_all-spatial_EM,6.844083937585808,0.034989483654499054,0.5112369060516357,1.0
T05,0,BG8,spatial_EM-spatial_ML,50.81406774138652,0.25978027284145355,0.5112369060516357,1.0
T05,0,BG9,spatial_EM-spatial_E,38.00398130305531,0.08822694420814514,0.2321518361568451,1.0
T05,0,BG9,spatial_all-spatial_EM,1.967033916350168,0.004566505551338196,0.2321518361568451,1.0
T05,0,BG9,spatial_EM-spatial_ML,22.11522702146933,0.05134090781211853,0.2321518361568451,1.0
T05,0,BG10,spatial_EM-spatial_E,16.29617166365007,0.06814663112163544,0.41817569732666016,1.0
T05,0,BG10,spatial_all-spatial_EM,8.674608078059293,0.03627510368824005,0.41817569732666016,1.0
T05,0,BG10,spatial_EM-spatial_ML,43.84796321052701,0.18336153030395508,0.41817569732666016,1.0
T05,0,BG11,spatial_EM-spatial_E,17.37721064555594,0.03381127119064331,0.19457247853279114,1.0
T05,0,BG11,spatial_all-spatial_EM,10.812619710068908,0.02103838324546814,0.19457247853279114,1.0
T05,0,BG11,spatial_EM-spatial_ML,11.435325122230793,0.022249996662139893,0.19457247853279114,1.0
T05,0,BG12,spatial_EM-spatial_E,33.43406183165968,0.08877027034759521,0.2655084729194641,1.0
T05,0,BG12,spatial_all-spatial_EM,-1.7136012364382225,-0.004549756646156311,0.2655084729194641,1.0
T05,0,BG12,spatial_EM-spatial_ML,34.621941080927094,0.09192419052124023,0.2655084729194641,1.0
T05,0,BG13,spatial_EM-spatial_E,13.16921826250708,0.01909521222114563,0.14499881863594055,1.0
T05,0,BG13,spatial_all-spatial_EM,-13.367564596975726,-0.019382812082767487,0.14499881863594055,1.0
T05,0,BG13,spatial_EM-spatial_ML,53.40688169586548,0.07743935286998749,0.14499881863594055,1.0
T05,0,BG14,spatial_EM-spatial_E,31.325494141008292,0.1432405486702919,0.45726507902145386,1.0
T05,0,BG14,spatial_all-spatial_EM,1.7943518166541708,0.008204944431781769,0.45726507902145386,1.0
T05,0,BG14,spatial_EM-spatial_ML,57.087296635246716,0.2610402777791023,0.45726507902145386,1.0
T05,0,BG15,spatial_EM-spatial_E,49.588662411609,0.07954224571585655,0.16040408611297607,1.0
T05,0,BG15,spatial_all-spatial_EM,-18.806580458193217,-0.03016652539372444,0.16040408611297607,1.0
T05,0,BG15,spatial_EM-spatial_ML,45.37793310806751,0.0727880634367466,0.16040408611297607,1.0
T05,1,BG1,spatial_EM-spatial_E,45.33094244219177,0.028064284473657608,0.061909765005111694,1.0
T05,1,BG1,spatial_all-spatial_EM,-10.935550888050003,-0.006770174950361252,0.061909765005111694,1.0
T05,1,BG1,spatial_EM-spatial_ML,19.08710658134139,0.011816784739494324,0.061909765005111694,1.0
T05,1,BG2,spatial_EM-spatial_E,70.10155887959533,0.11123451218008995,0.15867622196674347,1.0
T05,1,BG2,spatial_all-spatial_EM,-6.3648828636040236,-0.010099556297063828,0.15867622196674347,1.0
T05,1,BG2,spatial_EM-spatial_ML,7.536219609216339,0.011958189308643341,0.15867622196674347,1.0
T05,1,BG3,spatial_EM-spatial_E,53.473434897489675,0.09383061155676842,0.1754714399576187,1.0
T05,1,BG3,spatial_all-spatial_EM,4.816042761320247,0.008450780063867569,0.1754714399576187,1.0
T05,1,BG3,spatial_EM-spatial_ML,9.006294150259762,0.015803474932909012,0.1754714399576187,1.0
T05,1,BG4,spatial_EM-spatial_E,41.020677528183754,0.061714790761470795,0.1504479944705963,1.0
T05,1,BG4,spatial_all-spatial_EM,-8.650877649435458,-0.013015072792768478,0.1504479944705963,1.0
T05,1,BG4,spatial_EM-spatial_ML,25.22469240720949,0.037950046360492706,0.1504479944705963,1.0
T05,1,BG5,spatial_EM-spatial_E,25.072495509766007,0.03350108116865158,0.1336168497800827,1.0
T05,1,BG5,spatial_all-spatial_EM,4.987584487671427,0.006664253771305084,0.1336168497800827,1.0
T05,1,BG5,spatial_EM-spatial_ML,5.105836378173134,0.006822258234024048,0.1336168497800827,1.0
T05,1,BG6,spatial_EM-spatial_E,1.0449809814969484,0.0016441047191619873,0.15733344852924347,1.0
T05,1,BG6,spatial_all-spatial_EM,23.432732934534272,0.03686752915382385,0.15733344852924347,1.0
T05,1,BG6,spatial_EM-spatial_ML,-44.49095509421162,-0.06999915838241577,0.15733344852924347,1.0
T05,1,BG7,spatial_EM-spatial_E,-10.169981406422373,-0.026653744280338287,0.2620825171470642,1.0
T05,1,BG7,spatial_all-spatial_EM,7.787387851415822,0.02040938287973404,0.2620825171470642,1.0
T05,1,BG7,spatial_EM-spatial_ML,-2.205382431035197,-0.005779922008514404,0.2620825171470642,1.0
T05,1,BG8,spatial_EM-spatial_E,20.58114185178715,0.41521304100751877,2.017444133758545,1.0
T05,1,BG8,spatial_all-spatial_EM,1.2475359345657893,0.025168340653181076,2.017444133758545,1.0
T05,1,BG8,spatial_EM-spatial_ML,32.46738160499433,0.6550112888216972,2.017444133758545,1.0
T05,1,BG9,spatial_EM-spatial_E,38.2516204927773,0.3583020158112049,0.9366976022720337,1.0
T05,1,BG9,spatial_all-spatial_EM,-0.14708829421611824,-0.0013777725398540497,0.9366976022720337,1.0
T05,1,BG9,spatial_EM-spatial_ML,16.21678599690533,0.1519022472202778,0.9366976022720337,1.0
T05,1,BG10,spatial_EM-spatial_E,18.002616099775423,0.25950274616479874,1.4414724111557007,1.0
T05,1,BG10,spatial_all-spatial_EM,2.302141132183465,0.033184729516506195,1.4414724111557007,1.0
T05,1,BG10,spatial_EM-spatial_ML,33.13310738713901,0.47760460525751114,1.4414724111557007,1.0
T05,1,BG11,spatial_EM-spatial_E,43.73549582783619,0.23293238133192062,0.5325934290885925,1.0
T05,1,BG11,spatial_all-spatial_EM,1.308368006760972,0.006968282163143158,0.5325934290885925,1.0
T05,1,BG11,spatial_EM-spatial_ML,15.926436130752165,0.08482315391302109,0.5325934290885925,1.0
T05,1,BG12,spatial_EM-spatial_E,18.229712790090517,0.14096350222826004,0.7732623219490051,1.0
T05,1,BG12,spatial_all-spatial_EM,-0.6839808149905906,-0.005288966000080109,0.7732623219490051,1.0
T05,1,BG12,spatial_EM-spatial_ML,20.675435625830886,0.15987535566091537,0.7732623219490051,1.0
T05,1,BG13,spatial_EM-spatial_E,30.85360191805357,0.17961300909519196,0.5821459889411926,1.0
T05,1,BG13,spatial_all-spatial_EM,0.309450470168116,0.0018014535307884216,0.5821459889411926,1.0
T05,1,BG13,spatial_EM-spatial_ML,17.912744607745708,0.1042783260345459,0.5821459889411926,1.0
T05,1,BG14,spatial_EM-spatial_E,20.495609359890864,0.4054061695933342,1.9780147075653076,1.0
T05,1,BG14,spatial_all-spatial_EM,0.36644605694765175,0.007248356938362122,1.9780147075653076,1.0
T05,1,BG14,spatial_EM-spatial_ML,33.37072854840327,0.6600779220461845,1.9780147075653076,1.0
T05,1,BG15,spatial_EM-spatial_E,35.52414358119102,0.08956701681017876,0.2521299719810486,1.0
T05,1,BG15,spatial_all-spatial_EM,-4.430805604069889,-0.011171389371156693,0.2521299719810486,1.0
T05,1,BG15,spatial_EM-spatial_ML,17.671324256169683,0.044554706662893295,0.2521299719810486,1.0
T05,2,BG1,spatial_EM-spatial_E,57.35707702626188,0.052413441240787506,0.09138093888759613,1.0
T05,2,BG1,spatial_all-spatial_EM,32.48888836116406,0.029688654467463493,0.09138093888759613,1.0
T05,2,BG1,spatial_EM-spatial_ML,-23.351351246369283,-0.02133868634700775,0.09138093888759613,1.0
T05,2,BG2,spatial_EM-spatial_E,50.38827430376726,0.04834380000829697,0.09594254940748215,1.0
T05,2,BG2,spatial_all-spatial_EM,1.0803325469042306,0.0010364986956119537,0.09594254940748215,1.0
T05,2,BG2,spatial_EM-spatial_ML,6.739963005423682,0.006466493010520935,0.09594254940748215,1.0
T05,2,BG3,spatial_EM-spatial_E,54.78248312478695,0.11351284012198448,0.20720644295215607,1.0
T05,2,BG3,spatial_all-spatial_EM,8.193125305713238,0.01697668433189392,0.20720644295215607,1.0
T05,2,BG3,spatial_EM-spatial_ML,2.0069646130107515,0.004158560186624527,0.20720644295215607,1.0
T05,2,BG4,spatial_EM-spatial_E,66.35714117854737,0.16975168511271477,0.2558152377605438,1.0
T05,2,BG4,spatial_all-spatial_EM,-0.14450148466994506,-0.00036965683102607727,0.2558152377605438,1.0
T05,2,BG4,spatial_EM-spatial_ML,14.355998022181076,0.03672483190894127,0.2558152377605438,1.0
T05,2,BG5,spatial_EM-spatial_E,19.32039496998896,0.03598988056182861,0.18627920746803284,1.0
T05,2,BG5,spatial_all-spatial_EM,0.8635278385637974,0.0016085729002952576,0.18627920746803284,1.0
T05,2,BG5,spatial_EM-spatial_ML,20.441338489783917,0.03807796537876129,0.18627920746803284,1.0
T05,2,BG6,spatial_EM-spatial_E,-19.793655415512045,-0.025892585515975952,0.13081254065036774,1.0
T05,2,BG6,spatial_all-spatial_EM,46.88363417430543,0.0613296777009964,0.13081254065036774,1.0
T05,2,BG6,spatial_EM-spatial_ML,-56.59270020419717,-0.07403035461902618,0.13081254065036774,1.0
T05,2,BG7,spatial_EM-spatial_E,37.4800279666855,0.24139142036437988,0.6440534591674805,1.0
T05,2,BG7,spatial_all-spatial_EM,3.40866998167958,0.021953657269477844,0.6440534591674805,1.0
T05,2,BG7,spatial_EM-spatial_ML,5.700891426708395,0.03671678900718689,0.6440534591674805,1.0
T05,2,BG8,spatial_EM-spatial_E,49.31133049762078,1.0352284610271454,2.099372386932373,1.0
T05,2,BG8,spatial_all-spatial_EM,3.698700814575176,0.07764950394630432,2.099372386932373,1.0
T05,2,BG8,spatial_EM-spatial_ML,24.097655064317436,0.5058995187282562,2.099372386932373,1.0
T05,2,BG9,spatial_EM-spatial_E,54.57723334673678,0.4319130480289459,0.7913795113563538,1.0
T05,2,BG9,spatial_all-spatial_EM,-0.4204810167739339,-0.003327600657939911,0.7913795113563538,1.0
T05,2,BG9,spatial_EM-spatial_ML,27.557791631903527,0.21808671951293945,0.7913795113563538,1.0
T05,2,BG10,spatial_EM-spatial_E,42.08003597585718,0.5618576407432556,1.3352118730545044,1.0
T05,2,BG10,spatial_all-spatial_EM,3.4139085669326903,0.04558291286230087,1.3352118730545044,1.0
T05,2,BG10,spatial_EM-spatial_ML,33.10230017985494,0.4419858455657959,1.3352118730545044,1.0
T05,2,BG11,spatial_EM-spatial_E,42.17001539410405,0.1975509375333786,0.4684630334377289,1.0
T05,2,BG11,spatial_all-spatial_EM,0.25875037005685897,0.0012121498584747314,0.4684630334377289,1.0
T05,2,BG11,spatial_EM-spatial_ML,29.00124188912382,0.13586010038852692,0.4684630334377289,1.0
T05,2,BG12,spatial_EM-spatial_E,55.35245023142992,0.5314134731888771,0.9600540995597839,1.0
T05,2,BG12,spatial_all-spatial_EM,-0.03017470285111301,-0.0002896934747695923,0.9600540995597839,1.0
T05,2,BG12,spatial_EM-spatial_ML,28.379543953229287,0.272458977997303,0.9600540995597839,1.0
T05,2,BG13,spatial_EM-spatial_E,44.627841902026226,0.28680524975061417,0.6426599025726318,1.0
T05,2,BG13,spatial_all-spatial_EM,-2.387630499321105,-0.015344344079494476,0.6426599025726318,1.0
T05,2,BG13,spatial_EM-spatial_ML,32.928506596292245,0.2116183117032051,0.6426599025726318,1.0
T05,2,BG14,spatial_EM-spatial_E,45.36456464649612,0.6906389072537422,1.5224193334579468,1.0
T05,2,BG14,spatial_all-spatial_EM,1.6690468569395023,0.025409892201423645,1.5224193334579468,1.0
T05,2,BG14,spatial_EM-spatial_ML,38.38992711753886,0.5844556763768196,1.5224193334579468,1.0
T05,2,BG15,spatial_EM-spatial_E,64.92342839929759,0.2900225818157196,0.4467148184776306,1.0
T05,2,BG15,spatial_all-spatial_EM,-8.174351562948374,-0.036516040563583374,0.4467148184776306,1.0
T05,2,BG15,spatial_EM-spatial_ML,28.500054935124112,0.12731397151947021,0.4467148184776306,1.0
