rank,task,background,background_name,mean_D_norm,early_D_norm,late_D_norm,D_raw_mean,cosine_mean,direction_energy_fraction
1,Original,BG10,WARM_MATCHED_CHECKER,0.3064653033156036,0.44120069228843833,0.12080147735554553,0.3387269577527256,0.9407596611845077,0.999038979065582
2,Original,BG8,HIGH_CONTRAST_CHECKER,0.300420638581209,0.4357722857721792,0.11997073034202566,0.3308764437809741,0.9422894132611184,0.9990526608343133
3,Original,BG6,BURNT_ORANGE,0.2606660769437971,0.3717869093853446,0.14549520574053643,0.2860890391079043,0.9586511892689373,0.9962894897513999
4,Original,BG11,WARM_MATCHED_NOISE,0.20737245365643303,0.30476545757746654,0.11203657349176341,0.22691656077177383,0.9731602267498992,0.9979946697206791
5,Original,BG14,MATCHED_GRAY_MATCHED_CHECKER,0.2049977740656542,0.3097188601768831,0.09427229468149283,0.22551856327002537,0.9725510478002806,0.9984448242920374
6,Original,BG9,HIGH_CONTRAST_NOISE,0.19536254654129498,0.3003711357483676,0.10320841610491521,0.21359685836653186,0.9753830144076336,0.9983013231581365
7,Original,BG5,SATURATED_BLUE,0.16684844355103856,0.20402668051674513,0.13394318821679005,0.17857900368027274,0.9848879197702997,0.9977364241945398
8,Original,BG7,FOREST_GREEN,0.15296726058045979,0.1750150827985881,0.14967040417021543,0.1615603633963806,0.987918640823206,0.9968862362345724
9,Original,BG12,COOL_MATCHED_CHECKER,0.10654790319177,0.11951861717149409,0.11664520491944125,0.11117436966391091,0.9939830722285298,0.9987814261071938
10,Original,BG15,MATCHED_GRAY_MATCHED_NOISE,0.10636699650558873,0.14316053529563647,0.08730544458002659,0.11360925854863427,0.9935869219119441,0.9989156905032871
11,Original,BG13,COOL_MATCHED_NOISE,0.08892910769984952,0.08064843351286802,0.11576749104047912,0.09117187520779287,0.995779857950287,0.9994403429395095
12,Original,BG3,LOW_CONTRAST_CHECKER,0.0648098032275084,0.07777695654438993,0.07003585726843922,0.06775616694867144,0.9977198717748951,0.9988211962339671
13,Original,BG1,LIGHT_GRAY,0.058737338240471205,0.06631087477503789,0.06427583769384522,0.06123188491947781,0.9980886161070563,0.9994771718711405
14,Original,BG4,LOW_CONTRAST_NOISE,0.057719320469516645,0.06317581528547601,0.06725016484159356,0.0599584163457249,0.9982080109458881,0.999345462431279
15,Original,BG2,PALE_BLUE,0.04721043974747123,0.037808896193855204,0.071385389920993,0.04744573228504194,0.9986940971321427,0.9981385598179143
1,T01,BG7,FOREST_GREEN,0.1431198967072895,0.1410999310356669,0.15466677308474475,0.15254398045072845,0.9895157104767771,0.9979185130310271
2,T01,BG6,BURNT_ORANGE,0.12561436349038735,0.10945694280452238,0.1515197995878691,0.13266129536013482,0.9918132510959048,0.9953140403946185
3,T01,BG5,SATURATED_BLUE,0.11167671402237626,0.09655924963933578,0.14309892667469834,0.11716422712455775,0.993411201790135,0.997083425099388
4,T01,BG8,HIGH_CONTRAST_CHECKER,0.10838354352313488,0.10881651028516925,0.1340707296871395,0.11363194719016607,0.9937274022836052,0.9958348535414328
5,T01,BG10,WARM_MATCHED_CHECKER,0.09969221824607215,0.08167706246427546,0.12827792365313362,0.10460083452978,0.9947439008707295,0.9982017671960994
6,T01,BG12,COOL_MATCHED_CHECKER,0.08714764000535216,0.06539428838986913,0.13021810279776636,0.08985756580603196,0.9956876818547304,0.9973701834112392
7,T01,BG11,WARM_MATCHED_NOISE,0.08406469766586702,0.06294754361380638,0.1206841835935688,0.08724463072747574,0.996066105896512,0.9974615342774094
8,T01,BG9,HIGH_CONTRAST_NOISE,0.0836816068056943,0.06795638456672097,0.12084652415974685,0.0866287503211762,0.9960856879888099,0.998884407324871
9,T01,BG13,COOL_MATCHED_NOISE,0.08229657669590157,0.05829495518737663,0.12764142932794814,0.0845163063395375,0.9960484824758254,0.997735870994293
10,T01,BG14,MATCHED_GRAY_MATCHED_CHECKER,0.06420316403993431,0.044496118919363684,0.10077767161751754,0.06595659183593289,0.9975805612482617,0.9983424308297832
11,T01,BG15,MATCHED_GRAY_MATCHED_NOISE,0.05869925516022701,0.0384166372710151,0.09560111644633709,0.060103307695516646,0.9979141115046869,0.9989321515545965
12,T01,BG3,LOW_CONTRAST_CHECKER,0.04298862370400663,0.026311807047569486,0.07534293666253214,0.04361100442061802,0.9988070618124105,0.997978417230217
13,T01,BG2,PALE_BLUE,0.04131378982255806,0.02270856881953882,0.07976460689009432,0.04113038094350633,0.9987751685723807,0.9896010368006969
14,T01,BG4,LOW_CONTRAST_NOISE,0.04049427642497748,0.02376171666663146,0.07321066414646722,0.04095237734732317,0.9989096635909481,0.9984932092726895
15,T01,BG1,LIGHT_GRAY,0.038396703909874194,0.021842043192247175,0.07209000677058744,0.03850870514425977,0.9989781409086512,0.9945466100418054
1,T02,BG10,WARM_MATCHED_CHECKER,0.15384944906151127,0.1947396841609521,0.11702957992521673,0.1661661635301602,0.9873459516773787,0.999081167880352
2,T02,BG7,FOREST_GREEN,0.13868750548279776,0.13783121529090311,0.14234723903757548,0.1469582200733765,0.9902432456892263,0.9930239465181918
3,T02,BG8,HIGH_CONTRAST_CHECKER,0.1372509173760377,0.17341118755364912,0.1177532676336505,0.14680527223894474,0.9897746212736268,0.9981135406032156
4,T02,BG6,BURNT_ORANGE,0.12130902591359781,0.1121047952342365,0.14023080391682946,0.12749090474631067,0.9925202221657324,0.99351428213021
5,T02,BG5,SATURATED_BLUE,0.11430367903888725,0.1076734759506621,0.12629203270679376,0.11995721382761193,0.9933010492123581,0.996561843934654
6,T02,BG11,WARM_MATCHED_NOISE,0.08381978852215735,0.07301534565839017,0.10878489704092825,0.08697996905715152,0.9962920476104102,0.9966537252704407
7,T02,BG12,COOL_MATCHED_CHECKER,0.08153649040250746,0.06514731188633913,0.11365893540909479,0.08345381069162186,0.9963231305510851,0.997930113104238
8,T02,BG13,COOL_MATCHED_NOISE,0.08021590820795498,0.06111753150547927,0.11439553917116603,0.08187598606507158,0.9963858285714351,0.997686770508148
9,T02,BG9,HIGH_CONTRAST_NOISE,0.07847893234579822,0.07224044280933595,0.10076406966537305,0.08126066421829102,0.9967170437458462,0.9980452498402125
10,T02,BG14,MATCHED_GRAY_MATCHED_CHECKER,0.07052464702901279,0.06387411495191819,0.09127351627491488,0.0731169486209036,0.997363973096579,0.9990227826231748
11,T02,BG15,MATCHED_GRAY_MATCHED_NOISE,0.05641651035990934,0.04062408428357931,0.08540283843893333,0.057513020800225564,0.9981697134767704,0.9996067290408587
12,T02,BG3,LOW_CONTRAST_CHECKER,0.043037015258181786,0.027933490228601462,0.07319415413965683,0.043317806766308496,0.9988414346192311,0.9998024044058951
13,T02,BG4,LOW_CONTRAST_NOISE,0.04040134767258174,0.025560556234581658,0.07033398979218525,0.04055428107921085,0.9989573041352112,0.9995963048038772
14,T02,BG2,PALE_BLUE,0.03934550189045764,0.022907945347510884,0.07328981038707517,0.03880889510339515,0.9989244567026082,0.9945569345176727
15,T02,BG1,LIGHT_GRAY,0.03640331125781594,0.0215466339175959,0.06675946194148819,0.03616311630575401,0.9991039060131396,0.9972685973544219
1,T03,BG8,HIGH_CONTRAST_CHECKER,0.16254032824710477,0.18835795017317258,0.12645011739652176,0.17425615429678262,0.9859000891702737,0.998575125121337
2,T03,BG10,WARM_MATCHED_CHECKER,0.1525511418034494,0.1726720753111221,0.12639430641501007,0.1636320696856424,0.9879590635510613,0.9991271029543183
3,T03,BG7,FOREST_GREEN,0.1390216381229843,0.13115222948748329,0.15335541785431436,0.1459792339524743,0.9901569704982262,0.9975379707507839
4,T03,BG6,BURNT_ORANGE,0.1319396616506903,0.11866267520041597,0.15160204911277045,0.13823856362106923,0.9910928579115491,0.9966113138137987
5,T03,BG5,SATURATED_BLUE,0.12214709536067621,0.10991809584072669,0.14194155874815062,0.12756274182699906,0.9923350821676923,0.9976257689962668
6,T03,BG11,WARM_MATCHED_NOISE,0.08768555781303483,0.07175209553890173,0.11760480459228385,0.09047291316895713,0.9958651148937768,0.9988090969814188
7,T03,BG12,COOL_MATCHED_CHECKER,0.0849012544280183,0.0626231043026911,0.12650353862741628,0.08640788159544313,0.99592261599623,0.9980516627029886
8,T03,BG13,COOL_MATCHED_NOISE,0.08208107888254891,0.05750800677949392,0.12661732472997286,0.0831792121578052,0.9960796685508149,0.9987338086525737
9,T03,BG14,MATCHED_GRAY_MATCHED_CHECKER,0.07998576953506918,0.07107581866076153,0.1005005580373074,0.08332280713260583,0.996642632339434,0.9995835249879887
10,T03,BG9,HIGH_CONTRAST_NOISE,0.07622672553596906,0.06248608842181421,0.1035470030088817,0.07841928979102598,0.9968577324909388,0.9990255941073322
11,T03,BG15,MATCHED_GRAY_MATCHED_NOISE,0.057688816361135424,0.03889230549538592,0.0927758036164841,0.05855405076769436,0.9980263396376821,0.999385782830979
12,T03,BG3,LOW_CONTRAST_CHECKER,0.044370090145929166,0.027939570206651578,0.07742980603841085,0.04449922441484768,0.9987465251120572,0.9989017280077894
13,T03,BG2,PALE_BLUE,0.04350571305252258,0.025417132049625812,0.08055599695400457,0.04297702108438764,0.9987028886078532,0.9968840850680031
14,T03,BG4,LOW_CONTRAST_NOISE,0.04207382579742112,0.025467584622991243,0.07542675383819929,0.042017542409500716,0.9988383346368371,0.9990198104837452
15,T03,BG1,LIGHT_GRAY,0.039947799671668484,0.024295019608889135,0.07150746714089284,0.03978200932666771,0.9989505058195434,0.9983236798690991
1,T04,BG7,FOREST_GREEN,0.07086778669104984,0.07766576459956637,0.07778800059534499,0.07610329037176448,0.9973096286083077,0.996016341650168
2,T04,BG8,HIGH_CONTRAST_CHECKER,0.06154801780037719,0.07572763451985097,0.06451567675323884,0.06622011276251477,0.9978861430531693,0.9986130071430614
3,T04,BG5,SATURATED_BLUE,0.056010213944910715,0.05306867771447591,0.07208442687605565,0.05913384747359115,0.9982623573943189,0.9985208158391983
4,T04,BG6,BURNT_ORANGE,0.05356053544296017,0.04650062254731581,0.07163306345499452,0.056356448695069686,0.9984100145074675,0.9994248143450013
5,T04,BG9,HIGH_CONTRAST_NOISE,0.05143826649758498,0.05161229835711283,0.05922468375762101,0.0549126022000362,0.9985691359180293,0.9996065384568308
6,T04,BG12,COOL_MATCHED_CHECKER,0.04778675681540082,0.0459267951539508,0.06335320054532481,0.05028511499758583,0.9987122544691177,0.999626460603608
7,T04,BG13,COOL_MATCHED_NOISE,0.04656915163617625,0.04173003670651688,0.062450149982620745,0.04892985919795358,0.99877852659247,0.9998870559137676
8,T04,BG10,WARM_MATCHED_CHECKER,0.046521347206579834,0.04534922618527935,0.0582752104718921,0.04923237750153143,0.9988078970080744,0.9991306449575241
9,T04,BG11,WARM_MATCHED_NOISE,0.043377290179010895,0.0385973329759874,0.05596425359429754,0.04579007050684358,0.9989637727811441,0.9990806730498567
10,T04,BG14,MATCHED_GRAY_MATCHED_CHECKER,0.04025338718238232,0.04048280317377452,0.04995342793921284,0.04265631302335158,0.9991168704651654,0.9975598660592143
11,T04,BG15,MATCHED_GRAY_MATCHED_NOISE,0.03244830329703469,0.02705646412814037,0.04825416308071337,0.033756936081560385,0.9993870311556583,0.9958224267117516
12,T04,BG2,PALE_BLUE,0.023270115105138038,0.01302978166972288,0.04347516540862125,0.023482833388115344,0.999615590868428,0.9941335695041849
13,T04,BG4,LOW_CONTRAST_NOISE,0.02313949741671924,0.015498913452618826,0.039824419843230534,0.023684652347398038,0.9996511912653777,0.9977986009523147
14,T04,BG3,LOW_CONTRAST_CHECKER,0.022492431771670533,0.014038340998556796,0.040357589288191734,0.022846947012978715,0.9996561552371035,0.9958373736941791
15,T04,BG1,LIGHT_GRAY,0.021911667521987588,0.012051941734854374,0.04066559461897004,0.02221663906298843,0.9996653424023757,0.9952662714696933
1,T05,BG8,HIGH_CONTRAST_CHECKER,0.12249656919109633,0.21921171576332418,0.08858826474377776,0.13369259417935286,0.9897684213069948,0.9997978693113085
2,T05,BG10,WARM_MATCHED_CHECKER,0.0894424072653342,0.14850923069392838,0.07426379990548194,0.09696659062346849,0.9950114829901472,0.9996236922948201
3,T05,BG14,MATCHED_GRAY_MATCHED_CHECKER,0.08751908957550439,0.1643492558335484,0.05818733029782816,0.09601832034453947,0.9946546644315054,0.9998482163939095
4,T05,BG7,FOREST_GREEN,0.08727670029700858,0.1001628863330044,0.10023862654335308,0.0923452173870618,0.9958238684106205,0.9983623375390553
5,T05,BG9,HIGH_CONTRAST_NOISE,0.08092323189740762,0.11118696842802828,0.07850902994197749,0.08656016992346292,0.9962504118857963,0.9999443909646838
6,T05,BG12,COOL_MATCHED_CHECKER,0.07280571969095341,0.10589079228037789,0.0719776904670772,0.07791831510140462,0.9969041529981886,0.9996006062018142
7,T05,BG6,BURNT_ORANGE,0.06876101826675365,0.059610598774564504,0.09413969734469305,0.07159720560136065,0.997355162685023,0.9987248164830502
8,T05,BG13,COOL_MATCHED_NOISE,0.0648714361850188,0.08753118560417689,0.06925200423875008,0.06903101226135425,0.9976173044063081,0.9996270864220981
9,T05,BG5,SATURATED_BLUE,0.06274111724269418,0.0684401404580744,0.08182968125634421,0.06564408968827608,0.9978054092740967,0.9991598211705183
10,T05,BG11,WARM_MATCHED_NOISE,0.060274371488801576,0.07089282036821833,0.06844794240864581,0.06376356128865222,0.9980152821051388,0.999339020752834
11,T05,BG15,MATCHED_GRAY_MATCHED_NOISE,0.045404152244020904,0.05503252838804652,0.05344563528382941,0.04790829097631664,0.9988557551507247,0.9983686740053949
12,T05,BG3,LOW_CONTRAST_CHECKER,0.02717242193652792,0.02455817077097354,0.04153934234127537,0.027875788616783036,0.9995561785634307,0.9982669316683628
13,T05,BG4,LOW_CONTRAST_NOISE,0.026498769928628055,0.024519171571056958,0.039353788984311106,0.027307661489292485,0.9995868816873146,0.9987718315754552
14,T05,BG2,PALE_BLUE,0.024702828240018054,0.016688280832987405,0.044165933026759724,0.024857528726147517,0.9995869243310374,0.9958577465082782
15,T05,BG1,LIGHT_GRAY,0.02249459102607921,0.01384708387603207,0.04147237923910312,0.02257596005391587,0.9996474286197887,0.9979269661227118
1,ALL_TASKS,BG8,HIGH_CONTRAST_CHECKER,0.1487733357864933,0.2002162140112242,0.10855813109272566,0.16091375407478917,0.9832243483914648,0.9987915186701819
2,ALL_TASKS,BG10,WARM_MATCHED_CHECKER,0.1414203111497584,0.18069132851733263,0.10417371628771332,0.1532208322705514,0.9841046595469833,0.999046932796656
3,ALL_TASKS,BG6,BURNT_ORANGE,0.1269751136180311,0.13635375732439994,0.12577010319294885,0.13540557618864155,0.9883071162724357,0.9960900784246781
4,ALL_TASKS,BG7,FOREST_GREEN,0.12199013131359829,0.12715451825753535,0.12967774354759135,0.12924838427196433,0.9918280107510605,0.9965356601654989
5,ALL_TASKS,BG5,SATURATED_BLUE,0.10562121052676388,0.10661438668667002,0.11653163574647209,0.11134018727021812,0.9933338366014836,0.9975266290609913
6,ALL_TASKS,BG11,WARM_MATCHED_NOISE,0.09443235988755079,0.10366176595546175,0.09725377578691462,0.10019461758680899,0.9930604250061469,0.9979997052876358
7,ALL_TASKS,BG9,HIGH_CONTRAST_NOISE,0.0943518849372915,0.11097555305522998,0.09434995443975255,0.10022972247008735,0.9933105044061755,0.9985727633725715
8,ALL_TASKS,BG14,MATCHED_GRAY_MATCHED_CHECKER,0.09124730523792618,0.11566616195270825,0.08249413314137893,0.09776492403789311,0.9929849582302044,0.998718950853575
9,ALL_TASKS,BG12,COOL_MATCHED_CHECKER,0.080120960755667,0.0774168181974537,0.10372611212768679,0.0831828429759997,0.9962554846829802,0.9984455487358996
10,ALL_TASKS,BG13,COOL_MATCHED_NOISE,0.07416054321790834,0.06447169154931862,0.10268732308182285,0.0764507085382525,0.9967816114245235,0.9987023727442443
11,ALL_TASKS,BG15,MATCHED_GRAY_MATCHED_NOISE,0.05950400565465268,0.05719709247696728,0.07713083357438731,0.06190747747832465,0.9976566454729111,0.998888173869836
12,ALL_TASKS,BG3,LOW_CONTRAST_CHECKER,0.04081173100730407,0.0330930559661238,0.06298328095641768,0.04165115636336789,0.9988878711865213,0.9986768512771816
13,ALL_TASKS,BG4,LOW_CONTRAST_NOISE,0.03838783961830738,0.029663959638892696,0.06089996357433116,0.0390791551697417,0.9990252310435964,0.9990475640272878
14,ALL_TASKS,BG2,PALE_BLUE,0.0365580646430276,0.023093434152206833,0.06543948376459136,0.036450398588432326,0.999049854369075,0.9949509044781408
15,ALL_TASKS,BG1,LIGHT_GRAY,0.03631523527131611,0.026648932850776096,0.059461791234147805,0.03674638580217726,0.9990723233117592,0.9977821431213384
