task,seed,D_norm_largest,nD_traj_BG_largest,nADE_GT_largest,rho_BG,rho_GT
Original,0,BG10,BG8,BG8,0.9607142857142855,0.9607142857142855
Original,1,BG10,BG8,BG8,0.8999999999999999,0.8999999999999999
Original,2,BG10,BG8,BG8,0.8999999999999999,0.8964285714285712
T01,0,BG7,BG10,BG4,0.7749999999999999,-0.5499999999999999
T01,1,BG7,BG10,BG10,0.7392857142857142,0.41785714285714276
T01,2,BG7,BG8,BG8,0.5892857142857142,0.6
T02,0,BG10,BG10,BG10,0.7607142857142856,0.16785714285714282
T02,1,BG10,BG10,BG10,0.7464285714285712,0.0035714285714285704
T02,2,BG10,BG10,BG10,0.7178571428571427,0.15714285714285714
T03,0,BG8,BG8,BG8,0.907142857142857,0.8642857142857141
T03,1,BG8,BG10,BG10,0.8785714285714284,0.557142857142857
T03,2,BG8,BG8,BG8,0.8428571428571429,0.38214285714285706
T04,0,BG7,BG8,BG8,0.2821428571428571,0.47857142857142854
T04,1,BG8,BG8,BG8,0.7285714285714285,0.2178571428571428
T04,2,BG7,BG5,BG9,0.10714285714285714,0.47857142857142854
T05,0,BG8,BG8,BG8,0.9107142857142855,0.7464285714285712
T05,1,BG8,BG8,BG2,0.9249999999999998,-0.914285714285714
T05,2,BG8,BG8,BG8,0.9535714285714283,0.9607142857142855
