task,step,probe,prediction_max_abs_difference,macro_R2_difference
Original,0,linear,8.326672684688674e-16,0.0
Original,0,mlp,4.172325134277344e-07,3.591537067748618e-10
Original,4,linear,6.661338147750939e-16,0.0
Original,4,mlp,4.76837158203125e-07,-4.599880698563652e-09
Original,8,linear,4.440892098500626e-16,0.0
Original,8,mlp,0.00046944618225097656,4.6457339927474806e-05
Original,12,linear,7.147060721024445e-16,1.1102230246251565e-16
Original,12,mlp,4.76837158203125e-07,-9.818319990362312e-09
Original,16,linear,4.440892098500626e-16,0.0
Original,16,mlp,3.5762786865234375e-07,-7.017645353712965e-10
Original,19,linear,5.551115123125783e-16,0.0
Original,19,mlp,4.76837158203125e-07,2.304165303002037e-09
Original,23,linear,4.440892098500626e-16,0.0
Original,23,mlp,0.019444018602371216,0.0009350893692464668
Original,27,linear,1.3322676295501878e-15,0.0
Original,27,mlp,2.980232238769531e-07,4.888244475864667e-09
Original,31,linear,9.992007221626409e-16,0.0
Original,31,mlp,0.01044030487537384,-0.000988945441979583
Original,35,linear,8.881784197001252e-16,0.0
Original,35,mlp,5.513429641723633e-07,-5.2252299154176285e-09
T01,0,linear,6.106226635438361e-16,0.0
T01,0,mlp,4.76837158203125e-07,-9.393863562023874e-09
T01,4,linear,1.1102230246251565e-15,0.0
T01,4,mlp,0.006261870265007019,0.0020256875492634663
T01,8,linear,7.771561172376096e-16,0.0
T01,8,mlp,7.152557373046875e-07,-6.791575715703324e-08
T01,12,linear,8.881784197001252e-16,0.0
T01,12,mlp,4.76837158203125e-07,5.373390016272239e-08
T01,16,linear,6.661338147750939e-16,0.0
T01,16,mlp,4.76837158203125e-07,1.712931096964354e-08
T01,19,linear,6.661338147750939e-16,0.0
T01,19,mlp,4.76837158203125e-07,-2.0063913030998748e-08
T01,23,linear,4.440892098500626e-16,0.0
T01,23,mlp,5.960464477539062e-07,-2.6553897219949718e-08
T01,27,linear,8.881784197001252e-16,0.0
T01,27,mlp,4.76837158203125e-07,-4.513793949723066e-08
T01,31,linear,6.661338147750939e-16,0.0
T01,31,mlp,0.0038263797760009766,0.002115557374270799
T01,35,linear,2.1094237467877974e-15,0.0
T01,35,mlp,8.344650268554688e-07,-5.5456306019552315e-08
T02,0,linear,1.7763568394002505e-15,-1.1102230246251565e-16
T02,0,mlp,3.5762786865234375e-07,1.7184454581542496e-08
T02,4,linear,1.3322676295501878e-15,0.0
T02,4,mlp,5.960464477539062e-07,4.636329598017852e-09
T02,8,linear,1.3322676295501878e-15,0.0
T02,8,mlp,3.5762786865234375e-07,1.2326588416655682e-08
T02,12,linear,1.4432899320127035e-15,0.0
T02,12,mlp,3.5762786865234375e-07,-1.1112908981925074e-08
T02,16,linear,1.7763568394002505e-15,0.0
T02,16,mlp,4.76837158203125e-07,-7.310042793307048e-09
T02,19,linear,6.661338147750939e-16,0.0
T02,19,mlp,4.76837158203125e-07,-2.6566004951433797e-10
T02,23,linear,2.220446049250313e-16,0.0
T02,23,mlp,0.0003764033317565918,1.673631966492284e-05
T02,27,linear,3.3306690738754696e-16,0.0
T02,27,mlp,4.76837158203125e-07,9.193786509875679e-09
T02,31,linear,2.220446049250313e-16,0.0
T02,31,mlp,0.00046503543853759766,-1.7760986895654085e-05
T02,35,linear,7.771561172376096e-16,0.0
T02,35,mlp,5.960464477539062e-07,-7.1317923233671365e-09
T03,0,linear,5.551115123125783e-16,0.0
T03,0,mlp,4.76837158203125e-07,1.1877530181614304e-08
T03,4,linear,6.661338147750939e-16,-1.1102230246251565e-16
T03,4,mlp,4.76837158203125e-07,1.4870674691636054e-09
T03,8,linear,5.551115123125783e-16,0.0
T03,8,mlp,4.76837158203125e-07,9.5246927012127e-09
T03,12,linear,6.661338147750939e-16,0.0
T03,12,mlp,4.76837158203125e-07,3.462294451139769e-09
T03,16,linear,9.992007221626409e-16,0.0
T03,16,mlp,5.960464477539062e-07,4.553145860342056e-09
T03,19,linear,2.7755575615628914e-16,0.0
T03,19,mlp,3.5762786865234375e-07,6.052456757998925e-09
T03,23,linear,2.220446049250313e-16,0.0
T03,23,mlp,3.5762786865234375e-07,2.1519499515676443e-09
T03,27,linear,5.551115123125783e-16,-1.1102230246251565e-16
T03,27,mlp,4.172325134277344e-07,-1.9167174514223007e-09
T03,31,linear,2.220446049250313e-16,0.0
T03,31,mlp,3.5762786865234375e-07,-3.6190132002289488e-09
T03,35,linear,4.440892098500626e-16,-1.1102230246251565e-16
T03,35,mlp,3.5762786865234375e-07,-1.5656521079598917e-08
T04,0,linear,2.220446049250313e-16,0.0
T04,0,mlp,0.005493879318237305,-0.002496343931601086
T04,4,linear,2.220446049250313e-16,0.0
T04,4,mlp,0.016579151153564453,-0.007869222824100297
T04,8,linear,2.220446049250313e-16,0.0
T04,8,mlp,5.960464477539062e-07,4.965415451030353e-08
T04,12,linear,2.220446049250313e-16,0.0
T04,12,mlp,4.76837158203125e-07,7.985378469577142e-10
T04,16,linear,2.220446049250313e-16,0.0
T04,16,mlp,2.980232238769531e-07,3.988570418389514e-09
T04,19,linear,2.220446049250313e-16,0.0
T04,19,mlp,4.76837158203125e-07,-1.074571653880696e-08
T04,23,linear,2.220446049250313e-16,0.0
T04,23,mlp,0.0014939308166503906,4.257560037163044e-05
T04,27,linear,2.220446049250313e-16,-2.7755575615628914e-17
T04,27,mlp,4.76837158203125e-07,1.6682220771446765e-08
T04,31,linear,2.220446049250313e-16,0.0
T04,31,mlp,4.76837158203125e-07,-5.053134854993147e-10
T04,35,linear,1.1102230246251565e-16,0.0
T04,35,mlp,4.76837158203125e-07,2.267305607150938e-08
T05,0,linear,8.881784197001252e-16,0.0
T05,0,mlp,3.5762786865234375e-07,1.7645832829649155e-08
T05,4,linear,9.992007221626409e-16,0.0
T05,4,mlp,8.344650268554688e-07,-8.974211596068926e-09
T05,8,linear,6.661338147750939e-16,0.0
T05,8,mlp,7.152557373046875e-07,5.214074241810529e-10
T05,12,linear,1.1102230246251565e-15,-2.7755575615628914e-17
T05,12,mlp,4.76837158203125e-07,7.3224250829451165e-09
T05,16,linear,6.661338147750939e-16,0.0
T05,16,mlp,4.76837158203125e-07,-2.044996685879319e-08
T05,19,linear,6.661338147750939e-16,5.551115123125783e-17
T05,19,mlp,4.76837158203125e-07,1.874899224763027e-08
T05,23,linear,2.220446049250313e-16,0.0
T05,23,mlp,4.76837158203125e-07,-4.099861339312838e-08
T05,27,linear,2.220446049250313e-16,0.0
T05,27,mlp,4.172325134277344e-07,1.0987667387052369e-08
T05,31,linear,7.771561172376096e-16,0.0
T05,31,mlp,5.960464477539062e-07,-2.996112363762293e-08
T05,35,linear,6.661338147750939e-16,0.0
T05,35,mlp,3.5762786865234375e-07,1.4617469124011961e-08
