grouping,step,progress,tau,feature,target,n,rho,pearson,rho_ci_low,rho_ci_high,pearson_ci_low,pearson_ci_high
pooled,0,0.0,0.9950248599052429,D_norm,nD_traj_BG,270,0.7313836037988632,0.8564165545871107,0.5129031548995064,0.8573290349132314,0.6166711050743404,0.9217306234363294
pooled,0,0.0,0.9950248599052429,D_raw,nD_traj_BG,270,0.7287260456247684,0.8557625393786525,0.5119987220083791,0.8542244171601469,0.613087605196504,0.921622914837537
pooled,0,0.0,0.9950248599052429,D_norm,nADE_GT,270,0.39417001604960283,0.8401351514112907,-0.020920702511121513,0.7361398438524129,0.13092034889368304,0.9239498024205705
pooled,0,0.0,0.9950248599052429,D_raw,nADE_GT,270,0.3934359715344365,0.8393512016123275,-0.02225488106569526,0.7317797227633428,0.13267500468455012,0.9233854773935033
task_demeaned,0,0.0,0.9950248599052429,D_norm,nD_traj_BG,270,0.7788050742960959,0.7886915605856551,0.5618886480521184,0.9127286584204068,0.6307607598214784,0.8918985733991713
task_demeaned,0,0.0,0.9950248599052429,D_raw,nD_traj_BG,270,0.7777905808797864,0.7879846877038583,0.5569268008645736,0.911033068873799,0.6262647646852895,0.8922340127176009
task_demeaned,0,0.0,0.9950248599052429,D_norm,nADE_GT,270,0.5539569968190388,0.7620886255237111,0.2186566136772519,0.8522605574227773,0.2708458479858134,0.8913848687554736
task_demeaned,0,0.0,0.9950248599052429,D_raw,nADE_GT,270,0.5546477546559851,0.7613452929202525,0.22579673533037448,0.8493034882746112,0.27177558497892124,0.891732419982516
Original,0,0.0,0.9950248599052429,D_norm,nD_traj_BG,45,0.9022397891963109,0.9275139148201204,,,,
Original,0,0.0,0.9950248599052429,D_raw,nD_traj_BG,45,0.9002635046113306,0.9280501547436555,,,,
Original,0,0.0,0.9950248599052429,D_norm,nADE_GT,45,0.9044795783926218,0.9308594602025626,,,,
Original,0,0.0,0.9950248599052429,D_raw,nADE_GT,45,0.9018445322793148,0.9311763363457478,,,,
T01,0,0.0,0.9950248599052429,D_norm,nD_traj_BG,45,0.6134387351778656,0.44329435275345136,,,,
T01,0,0.0,0.9950248599052429,D_raw,nD_traj_BG,45,0.5853754940711462,0.4418109524314457,,,,
T01,0,0.0,0.9950248599052429,D_norm,nADE_GT,45,0.16719367588932801,0.07671288542303707,,,,
T01,0,0.0,0.9950248599052429,D_raw,nADE_GT,45,0.1590250329380764,0.07204248260892313,,,,
T02,0,0.0,0.9950248599052429,D_norm,nD_traj_BG,45,0.714756258234519,0.7791549097262299,,,,
T02,0,0.0,0.9950248599052429,D_raw,nD_traj_BG,45,0.7142292490118576,0.774534107901526,,,,
T02,0,0.0,0.9950248599052429,D_norm,nADE_GT,45,0.17496706192358366,0.5091811149957467,,,,
T02,0,0.0,0.9950248599052429,D_raw,nADE_GT,45,0.19868247694334648,0.5131007521325698,,,,
T03,0,0.0,0.9950248599052429,D_norm,nD_traj_BG,45,0.8354413702239789,0.7606547955826927,,,,
T03,0,0.0,0.9950248599052429,D_raw,nD_traj_BG,45,0.8332015810276678,0.7606865235836904,,,,
T03,0,0.0,0.9950248599052429,D_norm,nADE_GT,45,0.4462450592885375,0.5298569264075582,,,,
T03,0,0.0,0.9950248599052429,D_raw,nADE_GT,45,0.470223978919631,0.5317949674110382,,,,
T04,0,0.0,0.9950248599052429,D_norm,nD_traj_BG,45,0.3748353096179182,0.413178579909081,,,,
T04,0,0.0,0.9950248599052429,D_raw,nD_traj_BG,45,0.3696969696969697,0.4080706413080907,,,,
T04,0,0.0,0.9950248599052429,D_norm,nADE_GT,45,0.2600790513833992,0.3084249528948761,,,,
T04,0,0.0,0.9950248599052429,D_raw,nADE_GT,45,0.24532279314888011,0.301539835032734,,,,
T05,0,0.0,0.9950248599052429,D_norm,nD_traj_BG,45,0.8621870882740447,0.8467465978501956,,,,
T05,0,0.0,0.9950248599052429,D_raw,nD_traj_BG,45,0.8629776021080369,0.8476649222178435,,,,
T05,0,0.0,0.9950248599052429,D_norm,nADE_GT,45,0.31040843214756253,0.2486623225864128,,,,
T05,0,0.0,0.9950248599052429,D_raw,nADE_GT,45,0.3057971014492753,0.25002587033998547,,,,
pooled,4,0.11428571428571428,0.9906675815582275,D_norm,nD_traj_BG,270,0.7269854334231073,0.8589614027797169,0.5138502687212654,0.8499150071259272,0.6161957730870018,0.9222929049974058
pooled,4,0.11428571428571428,0.9906675815582275,D_raw,nD_traj_BG,270,0.7243205591907219,0.8584128676752181,0.5121941504695292,0.8471085503501995,0.6141047895931451,0.9221503642737834
pooled,4,0.11428571428571428,0.9906675815582275,D_norm,nADE_GT,270,0.3884512971523767,0.8424942474714179,-0.023761365364227318,0.7246290656447871,0.13052748329763614,0.9249640162420405
pooled,4,0.11428571428571428,0.9906675815582275,D_raw,nADE_GT,270,0.3878129710665136,0.8418208667133386,-0.022886682724159453,0.7235135036262701,0.13238168271107167,0.924586601980605
task_demeaned,4,0.11428571428571428,0.9906675815582275,D_norm,nD_traj_BG,270,0.7766834173917946,0.7919802642273801,0.5623471524862587,0.9093600384114139,0.6307232524907757,0.8930607815083739
task_demeaned,4,0.11428571428571428,0.9906675815582275,D_raw,nD_traj_BG,270,0.7759298633878531,0.7913496284844865,0.5559134572880561,0.9087350908079355,0.6263112777252862,0.8930952587587095
task_demeaned,4,0.11428571428571428,0.9906675815582275,D_norm,nADE_GT,270,0.5538240884267578,0.765592965467019,0.221495099996292,0.8494998132778504,0.28384328618719495,0.8922791555840531
task_demeaned,4,0.11428571428571428,0.9906675815582275,D_raw,nADE_GT,270,0.5552104814728444,0.764928226552116,0.23196518816743966,0.8475499767549979,0.2848203422875257,0.8925495737774305
Original,4,0.11428571428571428,0.9906675815582275,D_norm,nD_traj_BG,45,0.897364953886693,0.9280821620579296,,,,
Original,4,0.11428571428571428,0.9906675815582275,D_raw,nD_traj_BG,45,0.8956521739130434,0.9284924134815568,,,,
Original,4,0.11428571428571428,0.9906675815582275,D_norm,nADE_GT,45,0.8999999999999999,0.9311435254450537,,,,
Original,4,0.11428571428571428,0.9906675815582275,D_raw,nADE_GT,45,0.8981554677206851,0.9313302975624463,,,,
T01,4,0.11428571428571428,0.9906675815582275,D_norm,nD_traj_BG,45,0.6135704874835309,0.4434273311504713,,,,
T01,4,0.11428571428571428,0.9906675815582275,D_raw,nD_traj_BG,45,0.592490118577075,0.4419950262569507,,,,
T01,4,0.11428571428571428,0.9906675815582275,D_norm,nADE_GT,45,0.1702239789196311,0.0782946201239945,,,,
T01,4,0.11428571428571428,0.9906675815582275,D_raw,nADE_GT,45,0.1702239789196311,0.07374408276499153,,,,
T02,4,0.11428571428571428,0.9906675815582275,D_norm,nD_traj_BG,45,0.7148880105401844,0.7781366914307897,,,,
T02,4,0.11428571428571428,0.9906675815582275,D_raw,nD_traj_BG,45,0.7129117259552042,0.773543885921346,,,,
T02,4,0.11428571428571428,0.9906675815582275,D_norm,nADE_GT,45,0.17615283267457177,0.5090820286704326,,,,
T02,4,0.11428571428571428,0.9906675815582275,D_raw,nADE_GT,45,0.20553359683794462,0.5130612144279106,,,,
T03,4,0.11428571428571428,0.9906675815582275,D_norm,nD_traj_BG,45,0.8404479578392621,0.764393364751688,,,,
T03,4,0.11428571428571428,0.9906675815582275,D_raw,nD_traj_BG,45,0.8372859025032937,0.7643930913396317,,,,
T03,4,0.11428571428571428,0.9906675815582275,D_norm,nADE_GT,45,0.45177865612648216,0.5370887913142759,,,,
T03,4,0.11428571428571428,0.9906675815582275,D_raw,nADE_GT,45,0.4608695652173912,0.5390198190078189,,,,
T04,4,0.11428571428571428,0.9906675815582275,D_norm,nD_traj_BG,45,0.37075098814229246,0.41454529670491125,,,,
T04,4,0.11428571428571428,0.9906675815582275,D_raw,nD_traj_BG,45,0.3714097496706191,0.4095163924636497,,,,
T04,4,0.11428571428571428,0.9906675815582275,D_norm,nADE_GT,45,0.2581027667984189,0.3066744497573311,,,,
T04,4,0.11428571428571428,0.9906675815582275,D_raw,nADE_GT,45,0.24505928853754938,0.2997577234374827,,,,
T05,4,0.11428571428571428,0.9906675815582275,D_norm,nD_traj_BG,45,0.8649538866930171,0.8606949206183442,,,,
T05,4,0.11428571428571428,0.9906675815582275,D_raw,nD_traj_BG,45,0.8641633728590249,0.8617426990984546,,,,
T05,4,0.11428571428571428,0.9906675815582275,D_norm,nADE_GT,45,0.3138339920948616,0.26333318932078614,,,,
T05,4,0.11428571428571428,0.9906675815582275,D_raw,nADE_GT,45,0.3100131752305665,0.26471673414511476,,,,
pooled,8,0.22857142857142856,0.9814466834068298,D_norm,nD_traj_BG,270,0.7269019084242887,0.862320739582856,0.5103363203937361,0.8612945433704343,0.6261827042594128,0.921921663318081
pooled,8,0.22857142857142856,0.9814466834068298,D_raw,nD_traj_BG,270,0.7261629865369285,0.8617054493593903,0.5092296448675284,0.8569283251479317,0.6242108302605758,0.9214960356812458
pooled,8,0.22857142857142856,0.9814466834068298,D_norm,nADE_GT,270,0.3841732320668931,0.8459857904524568,-0.03278333344778787,0.7298622352700879,0.1356905396220778,0.9253174470398472
pooled,8,0.22857142857142856,0.9814466834068298,D_raw,nADE_GT,270,0.3864113362323214,0.8452351732233265,-0.030457502197758307,0.7312054947366495,0.1374360245117656,0.9245650201095702
task_demeaned,8,0.22857142857142856,0.9814466834068298,D_norm,nD_traj_BG,270,0.7766334243268082,0.7926764138973044,0.5643835950527859,0.9053682999138792,0.6387212566462388,0.8929287551320854
task_demeaned,8,0.22857142857142856,0.9814466834068298,D_raw,nD_traj_BG,270,0.7754939482480325,0.7918170951532428,0.560383875520924,0.903258720686528,0.6343223329796369,0.8924078182677907
task_demeaned,8,0.22857142857142856,0.9814466834068298,D_norm,nADE_GT,270,0.5541716011955659,0.7656191393094481,0.22442171297605157,0.8429256485063548,0.2944621957333564,0.8899833098109283
task_demeaned,8,0.22857142857142856,0.9814466834068298,D_raw,nADE_GT,270,0.5557354086552017,0.7647200645464306,0.2398072547081855,0.840405703258613,0.294525826259,0.889816292267589
Original,8,0.22857142857142856,0.9814466834068298,D_norm,nD_traj_BG,45,0.892885375494071,0.9270123195279847,,,,
Original,8,0.22857142857142856,0.9814466834068298,D_raw,nD_traj_BG,45,0.8893280632411066,0.9269498422818231,,,,
Original,8,0.22857142857142856,0.9814466834068298,D_norm,nADE_GT,45,0.8927536231884058,0.9291631080348551,,,,
Original,8,0.22857142857142856,0.9814466834068298,D_raw,nADE_GT,45,0.8891963109354413,0.9288597806349954,,,,
T01,8,0.22857142857142856,0.9814466834068298,D_norm,nD_traj_BG,45,0.6131752305665348,0.44463027971559993,,,,
T01,8,0.22857142857142856,0.9814466834068298,D_raw,nD_traj_BG,45,0.5928853754940712,0.44317636099172425,,,,
T01,8,0.22857142857142856,0.9814466834068298,D_norm,nADE_GT,45,0.16139657444005268,0.0776715683574955,,,,
T01,8,0.22857142857142856,0.9814466834068298,D_raw,nADE_GT,45,0.1636363636363636,0.07294521410861231,,,,
T02,8,0.22857142857142856,0.9814466834068298,D_norm,nD_traj_BG,45,0.7102766798418971,0.7834195636783334,,,,
T02,8,0.22857142857142856,0.9814466834068298,D_raw,nD_traj_BG,45,0.711725955204216,0.7788998908074102,,,,
T02,8,0.22857142857142856,0.9814466834068298,D_norm,nADE_GT,45,0.18326745718050064,0.5117142501365817,,,,
T02,8,0.22857142857142856,0.9814466834068298,D_raw,nADE_GT,45,0.2176548089591568,0.515638542262694,,,,
T03,8,0.22857142857142856,0.9814466834068298,D_norm,nD_traj_BG,45,0.8459815546772068,0.7777349028667435,,,,
T03,8,0.22857142857142856,0.9814466834068298,D_raw,nD_traj_BG,45,0.8513833992094861,0.7776396603334856,,,,
T03,8,0.22857142857142856,0.9814466834068298,D_norm,nADE_GT,45,0.4545454545454545,0.5583235766016185,,,,
T03,8,0.22857142857142856,0.9814466834068298,D_raw,nADE_GT,45,0.47826086956521735,0.5600641463614249,,,,
T04,8,0.22857142857142856,0.9814466834068298,D_norm,nD_traj_BG,45,0.36732542819499336,0.4238298215165939,,,,
T04,8,0.22857142857142856,0.9814466834068298,D_raw,nD_traj_BG,45,0.36877470355731223,0.41890291326352047,,,,
T04,8,0.22857142857142856,0.9814466834068298,D_norm,nADE_GT,45,0.26310935441370226,0.3284420388978551,,,,
T04,8,0.22857142857142856,0.9814466834068298,D_raw,nADE_GT,45,0.25862977602108034,0.3216877248896834,,,,
T05,8,0.22857142857142856,0.9814466834068298,D_norm,nD_traj_BG,45,0.8628458498023714,0.8853778124083993,,,,
T05,8,0.22857142857142856,0.9814466834068298,D_raw,nD_traj_BG,45,0.8635046113306982,0.8864393416743621,,,,
T05,8,0.22857142857142856,0.9814466834068298,D_norm,nADE_GT,45,0.3159420289855072,0.27967765228015423,,,,
T05,8,0.22857142857142856,0.9814466834068298,D_raw,nADE_GT,45,0.3130434782608695,0.2810726903059987,,,,
pooled,12,0.34285714285714286,0.9606394171714783,D_norm,nD_traj_BG,270,0.6971865183335847,0.8805342954869453,0.46657338436423984,0.8571544983126183,0.5431209273124017,0.9267588716344344
pooled,12,0.34285714285714286,0.9606394171714783,D_raw,nD_traj_BG,270,0.6959238886069156,0.880287818896534,0.46389258512391146,0.8559236699865558,0.5443277688389739,0.9263320987961198
pooled,12,0.34285714285714286,0.9606394171714783,D_norm,nADE_GT,270,0.34199127864884593,0.866428512540046,-0.06868176926617951,0.7285717492383301,0.028167142230877837,0.929320216501342
pooled,12,0.34285714285714286,0.9606394171714783,D_raw,nADE_GT,270,0.3431185612971371,0.8660091723735815,-0.06917373914740026,0.7264544131978089,0.030443506182496277,0.9284617741349326
task_demeaned,12,0.34285714285714286,0.9606394171714783,D_norm,nD_traj_BG,270,0.7549675273704409,0.8167828638214308,0.5576956965943562,0.9094130827445871,0.6137556613497952,0.9001311733347473
task_demeaned,12,0.34285714285714286,0.9606394171714783,D_raw,nD_traj_BG,270,0.7538682896122639,0.815980142415644,0.5535267630014225,0.9094569588108151,0.6104165878329206,0.8994277705614329
task_demeaned,12,0.34285714285714286,0.9606394171714783,D_norm,nADE_GT,270,0.5519383744023313,0.7944655750795039,0.21563360528786937,0.855550982705481,0.26749735577409206,0.8945579728360651
task_demeaned,12,0.34285714285714286,0.9606394171714783,D_raw,nADE_GT,270,0.5526961961069424,0.7936350679411348,0.21481115668530784,0.8554657764973974,0.26849075881479223,0.893500528437433
Original,12,0.34285714285714286,0.9606394171714783,D_norm,nD_traj_BG,45,0.8940711462450591,0.9207415976548762,,,,
Original,12,0.34285714285714286,0.9606394171714783,D_raw,nD_traj_BG,45,0.8961791831357048,0.9200121187786678,,,,
Original,12,0.34285714285714286,0.9606394171714783,D_norm,nADE_GT,45,0.8934123847167326,0.9216901865016754,,,,
Original,12,0.34285714285714286,0.9606394171714783,D_raw,nADE_GT,45,0.895520421607378,0.9207114553568679,,,,
T01,12,0.34285714285714286,0.9606394171714783,D_norm,nD_traj_BG,45,0.6220026350461133,0.45403743267151386,,,,
T01,12,0.34285714285714286,0.9606394171714783,D_raw,nD_traj_BG,45,0.6057971014492753,0.4527690217138464,,,,
T01,12,0.34285714285714286,0.9606394171714783,D_norm,nADE_GT,45,0.18115942028985504,0.08501194618781323,,,,
T01,12,0.34285714285714286,0.9606394171714783,D_raw,nADE_GT,45,0.17312252964426875,0.08034016263474751,,,,
T02,12,0.34285714285714286,0.9606394171714783,D_norm,nD_traj_BG,45,0.7030303030303029,0.7769240853755596,,,,
T02,12,0.34285714285714286,0.9606394171714783,D_raw,nD_traj_BG,45,0.7043478260869565,0.7724567472484647,,,,
T02,12,0.34285714285714286,0.9606394171714783,D_norm,nADE_GT,45,0.2188405797101449,0.5166845280884281,,,,
T02,12,0.34285714285714286,0.9606394171714783,D_raw,nADE_GT,45,0.23689064558629774,0.5206487754418037,,,,
T03,12,0.34285714285714286,0.9606394171714783,D_norm,nD_traj_BG,45,0.8563899868247693,0.800938537703327,,,,
T03,12,0.34285714285714286,0.9606394171714783,D_raw,nD_traj_BG,45,0.8549407114624504,0.8007594540688415,,,,
T03,12,0.34285714285714286,0.9606394171714783,D_norm,nADE_GT,45,0.4913043478260869,0.5930451926940113,,,,
T03,12,0.34285714285714286,0.9606394171714783,D_raw,nADE_GT,45,0.4932806324110671,0.5946673115122477,,,,
T04,12,0.34285714285714286,0.9606394171714783,D_norm,nD_traj_BG,45,0.38537549407114624,0.44086512990625093,,,,
T04,12,0.34285714285714286,0.9606394171714783,D_raw,nD_traj_BG,45,0.3753623188405797,0.43629267703842906,,,,
T04,12,0.34285714285714286,0.9606394171714783,D_norm,nADE_GT,45,0.25520421607378124,0.3285758343591487,,,,
T04,12,0.34285714285714286,0.9606394171714783,D_raw,nADE_GT,45,0.23254281949934125,0.3222186647304332,,,,
T05,12,0.34285714285714286,0.9606394171714783,D_norm,nD_traj_BG,45,0.8237154150197628,0.8267388145460918,,,,
T05,12,0.34285714285714286,0.9606394171714783,D_raw,nD_traj_BG,45,0.8234519104084321,0.8273291884071815,,,,
T05,12,0.34285714285714286,0.9606394171714783,D_norm,nADE_GT,45,0.24413702239789195,0.23504651602019,,,,
T05,12,0.34285714285714286,0.9606394171714783,D_raw,nADE_GT,45,0.23978919631093545,0.2359130177638686,,,,
pooled,16,0.45714285714285713,0.9109315872192383,D_norm,nD_traj_BG,270,0.6130939153257703,0.8944199002919249,0.3706761290283246,0.8127376515688473,0.2947814334314615,0.9557653953207553
pooled,16,0.45714285714285713,0.9109315872192383,D_raw,nD_traj_BG,270,0.6106534002142995,0.8939657735848676,0.36991706715563666,0.810220624773263,0.29739254884063354,0.9558792057535792
pooled,16,0.45714285714285713,0.9109315872192383,D_norm,nADE_GT,270,0.24243679611517296,0.8739670490541502,-0.16891199607360766,0.67830940208461,-0.11117431342684414,0.9525874032507353
pooled,16,0.45714285714285713,0.9109315872192383,D_raw,nADE_GT,270,0.24354334993164053,0.873231723666488,-0.16540689831771768,0.6781538133235782,-0.10924662576025371,0.9523685450892398
task_demeaned,16,0.45714285714285713,0.9109315872192383,D_norm,nD_traj_BG,270,0.6879658462012129,0.8622567370906282,0.4609313292880518,0.8864412282506803,0.43139956615481767,0.9430827724847406
task_demeaned,16,0.45714285714285713,0.9109315872192383,D_raw,nD_traj_BG,270,0.6859807557183377,0.8617020198281236,0.45808347546690686,0.885077927917629,0.43192122950872835,0.9430597105705589
task_demeaned,16,0.45714285714285713,0.9109315872192383,D_norm,nADE_GT,270,0.5125084782446336,0.8479920828639843,0.13032608130649984,0.8335647366005936,0.16536288650186215,0.9377487880554964
task_demeaned,16,0.45714285714285713,0.9109315872192383,D_raw,nADE_GT,270,0.5133632377215965,0.8474367803702295,0.12672559352459722,0.8337486691822216,0.16417870039959218,0.9376540858776701
Original,16,0.45714285714285713,0.9109315872192383,D_norm,nD_traj_BG,45,0.9148880105401842,0.957387269213864,,,,
Original,16,0.45714285714285713,0.9109315872192383,D_raw,nD_traj_BG,45,0.9130434782608695,0.9576779681666143,,,,
Original,16,0.45714285714285713,0.9109315872192383,D_norm,nADE_GT,45,0.9076416337285901,0.9580587611146109,,,,
Original,16,0.45714285714285713,0.9109315872192383,D_raw,nADE_GT,45,0.904216073781291,0.9582043022667047,,,,
T01,16,0.45714285714285713,0.9109315872192383,D_norm,nD_traj_BG,45,0.6088274044795784,0.4415075125842271,,,,
T01,16,0.45714285714285713,0.9109315872192383,D_raw,nD_traj_BG,45,0.6002635046113306,0.4395017558175823,,,,
T01,16,0.45714285714285713,0.9109315872192383,D_norm,nADE_GT,45,0.1753623188405797,0.08856691349555046,,,,
T01,16,0.45714285714285713,0.9109315872192383,D_raw,nADE_GT,45,0.1706192358366271,0.08436740361638412,,,,
T02,16,0.45714285714285713,0.9109315872192383,D_norm,nD_traj_BG,45,0.6434782608695652,0.6854326626769585,,,,
T02,16,0.45714285714285713,0.9109315872192383,D_raw,nD_traj_BG,45,0.6341238471673254,0.6806199014209706,,,,
T02,16,0.45714285714285713,0.9109315872192383,D_norm,nADE_GT,45,0.23847167325428192,0.4832022269928794,,,,
T02,16,0.45714285714285713,0.9109315872192383,D_raw,nADE_GT,45,0.2704874835309618,0.4876613541709469,,,,
T03,16,0.45714285714285713,0.9109315872192383,D_norm,nD_traj_BG,45,0.8471673254281951,0.8073796680186999,,,,
T03,16,0.45714285714285713,0.9109315872192383,D_raw,nD_traj_BG,45,0.8442687747035573,0.8072111396496524,,,,
T03,16,0.45714285714285713,0.9109315872192383,D_norm,nADE_GT,45,0.5046113306982871,0.6179322556329379,,,,
T03,16,0.45714285714285713,0.9109315872192383,D_raw,nADE_GT,45,0.5071146245059288,0.6197810645361606,,,,
T04,16,0.45714285714285713,0.9109315872192383,D_norm,nD_traj_BG,45,0.35032938076416337,0.3962629279037002,,,,
T04,16,0.45714285714285713,0.9109315872192383,D_raw,nD_traj_BG,45,0.3516469038208168,0.39201027740065836,,,,
T04,16,0.45714285714285713,0.9109315872192383,D_norm,nADE_GT,45,0.16271409749670618,0.15822710869143877,,,,
T04,16,0.45714285714285713,0.9109315872192383,D_raw,nADE_GT,45,0.1542819499341238,0.15233300495815122,,,,
T05,16,0.45714285714285713,0.9109315872192383,D_norm,nD_traj_BG,45,0.5151515151515151,0.43246727523976536,,,,
T05,16,0.45714285714285713,0.9109315872192383,D_raw,nD_traj_BG,45,0.5268774703557312,0.4326976342027399,,,,
T05,16,0.45714285714285713,0.9109315872192383,D_norm,nADE_GT,45,0.03992094861660079,0.05463240508278257,,,,
T05,16,0.45714285714285713,0.9109315872192383,D_raw,nADE_GT,45,0.047562582345191035,0.053831309147893996,,,,
pooled,19,0.5428571428571428,0.831115186214447,D_norm,nD_traj_BG,270,0.4743448698427504,0.687295670089525,0.27296017363921393,0.6749681048082861,0.1500552613226121,0.8742256734190481
pooled,19,0.5428571428571428,0.831115186214447,D_raw,nD_traj_BG,270,0.46989670640200815,0.6808671171293318,0.2731328947686121,0.6691478610787206,0.15137174893709318,0.8721313343847259
pooled,19,0.5428571428571428,0.831115186214447,D_norm,nADE_GT,270,0.08489584524098029,0.6516773494377958,-0.28925104371007493,0.5061157296896864,-0.23566959795948034,0.8640705867234466
pooled,19,0.5428571428571428,0.831115186214447,D_raw,nADE_GT,270,0.0820809918136356,0.6448984169358284,-0.28682692322348274,0.4954524530292083,-0.23423169263096044,0.8614148488219789
task_demeaned,19,0.5428571428571428,0.831115186214447,D_norm,nD_traj_BG,270,0.5369934963290153,0.6789780306570672,0.36055056359604004,0.7120439725263168,0.27676335774433214,0.851835030419762
task_demeaned,19,0.5428571428571428,0.831115186214447,D_raw,nD_traj_BG,270,0.5370690955980191,0.6733387160819928,0.36162477139482463,0.7119089100761371,0.27601208520506604,0.8508254079050099
task_demeaned,19,0.5428571428571428,0.831115186214447,D_norm,nADE_GT,270,0.3678962217131465,0.6631196965805464,0.04358935667219958,0.6448726421701707,0.06333500457974887,0.8455994272620715
task_demeaned,19,0.5428571428571428,0.831115186214447,D_raw,nADE_GT,270,0.3684229779100765,0.657495028438404,0.043309063143683185,0.6456958201762529,0.06261606348664989,0.8436620626490383
Original,19,0.5428571428571428,0.831115186214447,D_norm,nD_traj_BG,45,0.8202898550724637,0.889772708072004,,,,
Original,19,0.5428571428571428,0.831115186214447,D_raw,nD_traj_BG,45,0.8208168642951251,0.8907493446017895,,,,
Original,19,0.5428571428571428,0.831115186214447,D_norm,nADE_GT,45,0.8255599472990777,0.890474250771214,,,,
Original,19,0.5428571428571428,0.831115186214447,D_raw,nADE_GT,45,0.826086956521739,0.8913873686704463,,,,
T01,19,0.5428571428571428,0.831115186214447,D_norm,nD_traj_BG,45,0.5603425559947298,0.312801774205503,,,,
T01,19,0.5428571428571428,0.831115186214447,D_raw,nD_traj_BG,45,0.5420289855072463,0.30973899456882514,,,,
T01,19,0.5428571428571428,0.831115186214447,D_norm,nADE_GT,45,0.14690382081686426,0.04718344283010301,,,,
T01,19,0.5428571428571428,0.831115186214447,D_raw,nADE_GT,45,0.1458498023715415,0.04263753595592822,,,,
T02,19,0.5428571428571428,0.831115186214447,D_norm,nD_traj_BG,45,0.5314888010540184,0.5078224119545417,,,,
T02,19,0.5428571428571428,0.831115186214447,D_raw,nD_traj_BG,45,0.5320158102766798,0.5024783116214996,,,,
T02,19,0.5428571428571428,0.831115186214447,D_norm,nADE_GT,45,0.2002635046113307,0.35467258182548544,,,,
T02,19,0.5428571428571428,0.831115186214447,D_raw,nADE_GT,45,0.20658761528326747,0.3602811390827313,,,,
T03,19,0.5428571428571428,0.831115186214447,D_norm,nD_traj_BG,45,0.8189723320158102,0.7581220302612381,,,,
T03,19,0.5428571428571428,0.831115186214447,D_raw,nD_traj_BG,45,0.8155467720685111,0.7579241492807824,,,,
T03,19,0.5428571428571428,0.831115186214447,D_norm,nADE_GT,45,0.4802371541501976,0.5939849563445612,,,,
T03,19,0.5428571428571428,0.831115186214447,D_raw,nADE_GT,45,0.489459815546772,0.5962673185335968,,,,
T04,19,0.5428571428571428,0.831115186214447,D_norm,nD_traj_BG,45,0.3549407114624506,0.2798175219535422,,,,
T04,19,0.5428571428571428,0.831115186214447,D_raw,nD_traj_BG,45,0.3486166007905138,0.2771604277029437,,,,
T04,19,0.5428571428571428,0.831115186214447,D_norm,nADE_GT,45,-0.01963109354413702,-0.042361313095983184,,,,
T04,19,0.5428571428571428,0.831115186214447,D_raw,nADE_GT,45,-0.0300395256916996,-0.047804696855120336,,,,
T05,19,0.5428571428571428,0.831115186214447,D_norm,nD_traj_BG,45,0.3652173913043478,0.18597913154587908,,,,
T05,19,0.5428571428571428,0.831115186214447,D_raw,nD_traj_BG,45,0.3696969696969697,0.1868699536144125,,,,
T05,19,0.5428571428571428,0.831115186214447,D_norm,nADE_GT,45,-0.0681159420289855,-0.11433247500052583,,,,
T05,19,0.5428571428571428,0.831115186214447,D_raw,nADE_GT,45,-0.06758893280632411,-0.11536508217246477,,,,
pooled,23,0.6571428571428571,0.618124783039093,D_norm,nD_traj_BG,270,0.2732264274315605,0.3935023406427636,0.04495782307947919,0.6199510095328681,0.0036493627344593013,0.68043713388692
pooled,23,0.6571428571428571,0.618124783039093,D_raw,nD_traj_BG,270,0.2681307928320919,0.38703068066117763,0.04463284586751539,0.6131737256228983,0.003992077967255551,0.6750381322113785
pooled,23,0.6571428571428571,0.618124783039093,D_norm,nADE_GT,270,-0.09163210591213716,0.35145044101943,-0.5000594470509689,0.44266402712333797,-0.40256410779560353,0.6740782120811757
pooled,23,0.6571428571428571,0.618124783039093,D_raw,nADE_GT,270,-0.09680273010908547,0.34463734826826886,-0.5001783411529069,0.43448698167213556,-0.40204637474600996,0.6677436144594063
task_demeaned,23,0.6571428571428571,0.618124783039093,D_norm,nD_traj_BG,270,0.42248438097763874,0.43031669473466283,0.3229581197124022,0.5521221072912571,0.2171676330231876,0.6414349974975582
task_demeaned,23,0.6571428571428571,0.618124783039093,D_raw,nD_traj_BG,270,0.42021640290752343,0.4260492051551647,0.32016668232963025,0.5511610549327988,0.21458274448006953,0.6386222272651627
task_demeaned,23,0.6571428571428571,0.618124783039093,D_norm,nADE_GT,270,0.2624949892621602,0.41526641654893903,0.05036726096028948,0.45545419210279636,0.036357411632652006,0.6387226270569538
task_demeaned,23,0.6571428571428571,0.618124783039093,D_raw,nADE_GT,270,0.26353874691163265,0.4113015574696147,0.049152129288849516,0.45531152113770956,0.0346077426012673,0.6359286242040607
Original,23,0.6571428571428571,0.618124783039093,D_norm,nD_traj_BG,45,0.6047430830039525,0.7114590927783444,,,,
Original,23,0.6571428571428571,0.618124783039093,D_raw,nD_traj_BG,45,0.6028985507246376,0.710926652985293,,,,
Original,23,0.6571428571428571,0.618124783039093,D_norm,nADE_GT,45,0.617786561264822,0.7153907770938983,,,,
Original,23,0.6571428571428571,0.618124783039093,D_raw,nADE_GT,45,0.6156785243741765,0.7147587005391112,,,,
T01,23,0.6571428571428571,0.618124783039093,D_norm,nD_traj_BG,45,0.5662714097496705,0.4475215207648278,,,,
T01,23,0.6571428571428571,0.618124783039093,D_raw,nD_traj_BG,45,0.547562582345191,0.4442304930867466,,,,
T01,23,0.6571428571428571,0.618124783039093,D_norm,nADE_GT,45,0.09973649538866929,0.033767643259758014,,,,
T01,23,0.6571428571428571,0.618124783039093,D_raw,nADE_GT,45,0.0922266139657444,0.02874604280289248,,,,
T02,23,0.6571428571428571,0.618124783039093,D_norm,nD_traj_BG,45,0.46864295125164684,0.38206115253244866,,,,
T02,23,0.6571428571428571,0.618124783039093,D_raw,nD_traj_BG,45,0.47694334650856385,0.37632229187984684,,,,
T02,23,0.6571428571428571,0.618124783039093,D_norm,nADE_GT,45,0.15810276679841895,0.24352686521952513,,,,
T02,23,0.6571428571428571,0.618124783039093,D_raw,nADE_GT,45,0.1619235836627141,0.25290986919938835,,,,
T03,23,0.6571428571428571,0.618124783039093,D_norm,nD_traj_BG,45,0.7284584980237153,0.6040138187438432,,,,
T03,23,0.6571428571428571,0.618124783039093,D_raw,nD_traj_BG,45,0.7270092226613964,0.6058705093119217,,,,
T03,23,0.6571428571428571,0.618124783039093,D_norm,nADE_GT,45,0.3478260869565217,0.46167354983261194,,,,
T03,23,0.6571428571428571,0.618124783039093,D_raw,nADE_GT,45,0.36047430830039523,0.4675333629964361,,,,
T04,23,0.6571428571428571,0.618124783039093,D_norm,nD_traj_BG,45,0.43491436100131753,0.3970501955303957,,,,
T04,23,0.6571428571428571,0.618124783039093,D_raw,nD_traj_BG,45,0.43399209486166,0.3930430507538545,,,,
T04,23,0.6571428571428571,0.618124783039093,D_norm,nADE_GT,45,-0.00039525691699604737,0.0770148359994828,,,,
T04,23,0.6571428571428571,0.618124783039093,D_raw,nADE_GT,45,-0.011198945981554674,0.06880510113512454,,,,
T05,23,0.6571428571428571,0.618124783039093,D_norm,nD_traj_BG,45,0.27259552042160734,0.07137297940402773,,,,
T05,23,0.6571428571428571,0.618124783039093,D_raw,nD_traj_BG,45,0.2675889328063241,0.07108663369970819,,,,
T05,23,0.6571428571428571,0.618124783039093,D_norm,nADE_GT,45,-0.0036890645586297754,-0.1518923568712255,,,,
T05,23,0.6571428571428571,0.618124783039093,D_raw,nADE_GT,45,-0.011594202898550723,-0.15762484191234943,,,,
pooled,27,0.7714285714285715,0.30132922530174255,D_norm,nD_traj_BG,270,0.21891262035296927,0.2533692274157562,-0.023214225831725215,0.5756328678738427,-0.047606739992151335,0.5074448979132719
pooled,27,0.7714285714285715,0.30132922530174255,D_raw,nD_traj_BG,270,0.21394013940139398,0.2474534162286979,-0.024092477729545248,0.5704206211386755,-0.046804632295306604,0.5029463092717044
pooled,27,0.7714285714285715,0.30132922530174255,D_norm,nADE_GT,270,-0.15837711536966667,0.2135358190674116,-0.5833556183560299,0.4492716511729639,-0.5141020324978878,0.5118669750976808
pooled,27,0.7714285714285715,0.30132922530174255,D_raw,nADE_GT,270,-0.16182541751068066,0.20716637192155749,-0.5832082963694619,0.4451812526959652,-0.5147304602699054,0.5066839507216775
task_demeaned,27,0.7714285714285715,0.30132922530174255,D_norm,nD_traj_BG,270,0.37248399993293607,0.23413681884462637,0.3346990350159204,0.4585532112077507,0.20539212803644574,0.35184661130256306
task_demeaned,27,0.7714285714285715,0.30132922530174255,D_raw,nD_traj_BG,270,0.372318169278347,0.23223140400415454,0.33646469219126524,0.453569856382022,0.20406203957275992,0.35036454647485155
task_demeaned,27,0.7714285714285715,0.30132922530174255,D_norm,nADE_GT,270,0.21582707276886892,0.21782870212620262,0.08529481524270076,0.33783905231014216,0.06288542946190559,0.3353179583976441
task_demeaned,27,0.7714285714285715,0.30132922530174255,D_raw,nADE_GT,270,0.22040143821512564,0.21637240346069128,0.08551057552166684,0.3392005867978826,0.060830343692150735,0.3340254430908179
Original,27,0.7714285714285715,0.30132922530174255,D_norm,nD_traj_BG,45,0.4559947299077733,0.3857826582564812,,,,
Original,27,0.7714285714285715,0.30132922530174255,D_raw,nD_traj_BG,45,0.4529644268774703,0.38548697104899965,,,,
Original,27,0.7714285714285715,0.30132922530174255,D_norm,nADE_GT,45,0.47259552042160735,0.389226321560828,,,,
Original,27,0.7714285714285715,0.30132922530174255,D_raw,nADE_GT,45,0.47035573122529645,0.38863251043303204,,,,
T01,27,0.7714285714285715,0.30132922530174255,D_norm,nD_traj_BG,45,0.5656126482213438,0.454266615981272,,,,
T01,27,0.7714285714285715,0.30132922530174255,D_raw,nD_traj_BG,45,0.5525691699604742,0.45057387266910387,,,,
T01,27,0.7714285714285715,0.30132922530174255,D_norm,nADE_GT,45,0.13820816864295124,0.05641864104370104,,,,
T01,27,0.7714285714285715,0.30132922530174255,D_raw,nADE_GT,45,0.1542819499341238,0.05508752095727637,,,,
T02,27,0.7714285714285715,0.30132922530174255,D_norm,nD_traj_BG,45,0.5710144927536231,0.3948691851098969,,,,
T02,27,0.7714285714285715,0.30132922530174255,D_raw,nD_traj_BG,45,0.566798418972332,0.38634259599954945,,,,
T02,27,0.7714285714285715,0.30132922530174255,D_norm,nADE_GT,45,0.21172595520421605,0.23608045715834106,,,,
T02,27,0.7714285714285715,0.30132922530174255,D_raw,nADE_GT,45,0.22555994729907772,0.25200470869792396,,,,
T03,27,0.7714285714285715,0.30132922530174255,D_norm,nD_traj_BG,45,0.5791831357048747,0.35207655307138974,,,,
T03,27,0.7714285714285715,0.30132922530174255,D_raw,nD_traj_BG,45,0.5728590250329381,0.35518896828434,,,,
T03,27,0.7714285714285715,0.30132922530174255,D_norm,nADE_GT,45,0.2304347826086956,0.2226550869798936,,,,
T03,27,0.7714285714285715,0.30132922530174255,D_raw,nADE_GT,45,0.2403162055335968,0.23324258763565964,,,,
T04,27,0.7714285714285715,0.30132922530174255,D_norm,nD_traj_BG,45,0.3873517786561264,0.35808532803923354,,,,
T04,27,0.7714285714285715,0.30132922530174255,D_raw,nD_traj_BG,45,0.3840579710144927,0.35287722547464406,,,,
T04,27,0.7714285714285715,0.30132922530174255,D_norm,nADE_GT,45,-0.16047430830039525,-0.0974428777946081,,,,
T04,27,0.7714285714285715,0.30132922530174255,D_raw,nADE_GT,45,-0.1635046113306983,-0.10569977728929318,,,,
T05,27,0.7714285714285715,0.30132922530174255,D_norm,nD_traj_BG,45,0.3332015810276679,0.2068594190829089,,,,
T05,27,0.7714285714285715,0.30132922530174255,D_raw,nD_traj_BG,45,0.3425559947299077,0.20478082376413698,,,,
T05,27,0.7714285714285715,0.30132922530174255,D_norm,nADE_GT,45,0.09354413702239787,0.033337104099346426,,,,
T05,27,0.7714285714285715,0.30132922530174255,D_raw,nADE_GT,45,0.09736495388669301,0.02177297739570783,,,,
pooled,31,0.8857142857142857,0.07776966691017151,D_norm,nD_traj_BG,270,0.2070776767247226,0.20839823425494028,0.04271499638032982,0.5189181297822681,0.0009128416240453482,0.4399249884179448
pooled,31,0.8857142857142857,0.07776966691017151,D_raw,nD_traj_BG,270,0.18939110580696883,0.1872422837557971,0.02714423547379636,0.5049830557607703,-0.010139157997892095,0.4284525942763717
pooled,31,0.8857142857142857,0.07776966691017151,D_norm,nADE_GT,270,-0.14621112010376608,0.1707670981677834,-0.5201148090191925,0.41497101376369844,-0.4646175284146176,0.44507214633299286
pooled,31,0.8857142857142857,0.07776966691017151,D_raw,nADE_GT,270,-0.1707808825300149,0.14712393004413454,-0.530112180021842,0.39580579907652574,-0.4766389791523772,0.4341663671739774
task_demeaned,31,0.8857142857142857,0.07776966691017151,D_norm,nD_traj_BG,270,0.30541159686689795,0.18520439263475014,0.29485676309283193,0.3737534002026841,0.16995775778046124,0.29138414739951546
task_demeaned,31,0.8857142857142857,0.07776966691017151,D_raw,nD_traj_BG,270,0.3015444503887418,0.18244491605456276,0.2919147301709238,0.36921392707218703,0.16682323379027064,0.2905030152037064
task_demeaned,31,0.8857142857142857,0.07776966691017151,D_norm,nADE_GT,270,0.19979332135328787,0.17348294738046813,0.0787621488800209,0.2828192758229112,0.08285799438246393,0.2748010660047345
task_demeaned,31,0.8857142857142857,0.07776966691017151,D_raw,nADE_GT,270,0.1980874604285076,0.1706591013850171,0.07957424920377257,0.28104277842558933,0.07525302330371725,0.2723436114428616
Original,31,0.8857142857142857,0.07776966691017151,D_norm,nD_traj_BG,45,0.33425559947299077,0.3445875644689357,,,,
Original,31,0.8857142857142857,0.07776966691017151,D_raw,nD_traj_BG,45,0.3322793148880105,0.3476321402506384,,,,
Original,31,0.8857142857142857,0.07776966691017151,D_norm,nADE_GT,45,0.3527009222661396,0.3483407441023845,,,,
Original,31,0.8857142857142857,0.07776966691017151,D_raw,nADE_GT,45,0.35032938076416337,0.3507725132397213,,,,
T01,31,0.8857142857142857,0.07776966691017151,D_norm,nD_traj_BG,45,0.5163372859025033,0.4323353507241012,,,,
T01,31,0.8857142857142857,0.07776966691017151,D_raw,nD_traj_BG,45,0.49657444005270085,0.4273880768417822,,,,
T01,31,0.8857142857142857,0.07776966691017151,D_norm,nADE_GT,45,0.18339920948616598,0.06139254760021512,,,,
T01,31,0.8857142857142857,0.07776966691017151,D_raw,nADE_GT,45,0.18418972332015807,0.053818643884523364,,,,
T02,31,0.8857142857142857,0.07776966691017151,D_norm,nD_traj_BG,45,0.37299077733860336,0.2397073619462447,,,,
T02,31,0.8857142857142857,0.07776966691017151,D_raw,nD_traj_BG,45,0.37667984189723314,0.2332230411264331,,,,
T02,31,0.8857142857142857,0.07776966691017151,D_norm,nADE_GT,45,0.23254281949934125,0.21148238286892018,,,,
T02,31,0.8857142857142857,0.07776966691017151,D_raw,nADE_GT,45,0.25652173913043474,0.22604439294621517,,,,
T03,31,0.8857142857142857,0.07776966691017151,D_norm,nD_traj_BG,45,0.5090909090909091,0.2994444732555038,,,,
T03,31,0.8857142857142857,0.07776966691017151,D_raw,nD_traj_BG,45,0.5071146245059288,0.3029034344280465,,,,
T03,31,0.8857142857142857,0.07776966691017151,D_norm,nADE_GT,45,0.23530961791831356,0.19987575620918527,,,,
T03,31,0.8857142857142857,0.07776966691017151,D_raw,nADE_GT,45,0.2714097496706192,0.21303093158229344,,,,
T04,31,0.8857142857142857,0.07776966691017151,D_norm,nD_traj_BG,45,0.31897233201581027,0.3083747048269982,,,,
T04,31,0.8857142857142857,0.07776966691017151,D_raw,nD_traj_BG,45,0.3137022397891963,0.30204096077088727,,,,
T04,31,0.8857142857142857,0.07776966691017151,D_norm,nADE_GT,45,-0.20421607378129114,-0.14192743984877118,,,,
T04,31,0.8857142857142857,0.07776966691017151,D_raw,nADE_GT,45,-0.21515151515151515,-0.1596082920031444,,,,
T05,31,0.8857142857142857,0.07776966691017151,D_norm,nD_traj_BG,45,0.4055335968379446,0.30362355673272073,,,,
T05,31,0.8857142857142857,0.07776966691017151,D_raw,nD_traj_BG,45,0.40461133069828714,0.2985113824234166,,,,
T05,31,0.8857142857142857,0.07776966691017151,D_norm,nADE_GT,45,0.16482213438735177,0.1338641819467059,,,,
T05,31,0.8857142857142857,0.07776966691017151,D_raw,nADE_GT,45,0.1538866930171278,0.11517861824803378,,,,
pooled,35,1.0,0.009900989942252636,D_norm,nD_traj_BG,270,0.2290807220339861,0.17382513722207393,0.09731874349348318,0.49650233107133146,0.039155799943929356,0.4058685700655166
pooled,35,1.0,0.009900989942252636,D_raw,nD_traj_BG,270,0.21572281893822656,0.14074139935434782,0.08845700607457699,0.4748021332847596,0.02251510072475115,0.3705152200104712
pooled,35,1.0,0.009900989942252636,D_norm,nADE_GT,270,-0.1377580244203929,0.13447917311822521,-0.5005764839660635,0.3753856357742788,-0.42579006950336346,0.4026808576192167
pooled,35,1.0,0.009900989942252636,D_raw,nADE_GT,270,-0.1607383731829883,0.09861226342226644,-0.49687430454571785,0.32929079485566065,-0.4224824610538641,0.3695856805103021
task_demeaned,35,1.0,0.009900989942252636,D_norm,nD_traj_BG,270,0.2985729113796714,0.17479138214568782,0.27084109005340407,0.3897729818383179,0.15962743683652897,0.31451500493827134
task_demeaned,35,1.0,0.009900989942252636,D_raw,nD_traj_BG,270,0.29695972052657327,0.16997294992130677,0.2676046720410686,0.3857236062223464,0.1541566547227777,0.31253888027483545
task_demeaned,35,1.0,0.009900989942252636,D_norm,nADE_GT,270,0.1886948609263044,0.16267113446214437,0.07895262354782995,0.2611048615493426,0.08412264804372029,0.262511845408701
task_demeaned,35,1.0,0.009900989942252636,D_raw,nADE_GT,270,0.18485819802435938,0.15742348862432473,0.07597864508651583,0.2582376235812733,0.07528573208828682,0.25721035911137374
Original,35,1.0,0.009900989942252636,D_norm,nD_traj_BG,45,0.32252964426877473,0.34050572757744013,,,,
Original,35,1.0,0.009900989942252636,D_raw,nD_traj_BG,45,0.3329380764163372,0.3422157462243807,,,,
Original,35,1.0,0.009900989942252636,D_norm,nADE_GT,45,0.3368906455862977,0.34315025117400333,,,,
Original,35,1.0,0.009900989942252636,D_raw,nADE_GT,45,0.3467720685111989,0.34443490963901435,,,,
T01,35,1.0,0.009900989942252636,D_norm,nD_traj_BG,45,0.4997364953886692,0.4494730916245013,,,,
T01,35,1.0,0.009900989942252636,D_raw,nD_traj_BG,45,0.4931488801054018,0.4472056140421484,,,,
T01,35,1.0,0.009900989942252636,D_norm,nADE_GT,45,0.12134387351778655,0.03029401337769971,,,,
T01,35,1.0,0.009900989942252636,D_raw,nADE_GT,45,0.12239789196310934,0.025111780820517564,,,,
T02,35,1.0,0.009900989942252636,D_norm,nD_traj_BG,45,0.31357048748353095,0.19666724846008868,,,,
T02,35,1.0,0.009900989942252636,D_raw,nD_traj_BG,45,0.30869565217391304,0.19263281563949297,,,,
T02,35,1.0,0.009900989942252636,D_norm,nADE_GT,45,0.244532279314888,0.22817581573274182,,,,
T02,35,1.0,0.009900989942252636,D_raw,nADE_GT,45,0.2548089591567852,0.23520216408117725,,,,
T03,35,1.0,0.009900989942252636,D_norm,nD_traj_BG,45,0.5160737812911725,0.34139156472488014,,,,
T03,35,1.0,0.009900989942252636,D_raw,nD_traj_BG,45,0.5155467720685112,0.34262868485577913,,,,
T03,35,1.0,0.009900989942252636,D_norm,nADE_GT,45,0.23583662714097492,0.2246702093777211,,,,
T03,35,1.0,0.009900989942252636,D_raw,nADE_GT,45,0.250592885375494,0.23071786505405936,,,,
T04,35,1.0,0.009900989942252636,D_norm,nD_traj_BG,45,0.3245059288537549,0.31685360181420075,,,,
T04,35,1.0,0.009900989942252636,D_raw,nD_traj_BG,45,0.3326745718050066,0.3164052075255937,,,,
T04,35,1.0,0.009900989942252636,D_norm,nADE_GT,45,-0.19209486166007905,-0.12229623549018535,,,,
T04,35,1.0,0.009900989942252636,D_raw,nADE_GT,45,-0.19696969696969693,-0.13054230703573602,,,,
T05,35,1.0,0.009900989942252636,D_norm,nD_traj_BG,45,0.46007905138339916,0.33440681808144884,,,,
T05,35,1.0,0.009900989942252636,D_raw,nD_traj_BG,45,0.46007905138339916,0.3291170365662057,,,,
T05,35,1.0,0.009900989942252636,D_norm,nADE_GT,45,0.18511198945981552,0.13033998245682163,,,,
T05,35,1.0,0.009900989942252636,D_raw,nADE_GT,45,0.16324110671936756,0.11675611800850516,,,,
