task,seed,background,step,progress,tau,cosine_similarity,cosine_distance,nD_traj_BG,nADE_GT
Original,0,BG1,-1,,,0.9973775853923006,0.002622414607699408,0.0067146027799998105,0.010848920466636673
Original,0,BG2,-1,,,0.999177601521361,0.0008223984786390007,0.0015441890773600412,0.0058552334819333245
Original,0,BG3,-1,,,0.9967038360301476,0.003296163969852439,0.007596169971055958,0.011757832774807108
Original,0,BG4,-1,,,0.9979287462295315,0.002071253770468462,0.006045678293482268,0.010203124483477084
Original,0,BG5,-1,,,0.9770465636157818,0.022953436384218245,0.016651311055233216,0.020792962278960613
Original,0,BG6,-1,,,0.925438501298126,0.07456149870187401,0.04702402913701405,0.0512164377958162
Original,0,BG7,-1,,,0.9831271529936162,0.01687284700638388,0.010277275884625682,0.014462876217713238
Original,0,BG8,-1,,,0.9059452993599696,0.09405470064003045,0.0707143459481464,0.07490984572898761
Original,0,BG9,-1,,,0.9534516605741792,0.04654833942582082,0.03660036539370889,0.04074439717264463
Original,0,BG10,-1,,,0.9013393172803253,0.09866068271967472,0.06610782711480728,0.07024833776291825
Original,0,BG11,-1,,,0.9481335897480019,0.05186641025199804,0.038323194217754604,0.042460354528438604
Original,0,BG12,-1,,,0.9918166853247153,0.008183314675284659,0.01068136142890191,0.014877775612850051
Original,0,BG13,-1,,,0.9963945091649439,0.0036054908350560875,0.002146421444465158,0.006407508380182478
Original,0,BG14,-1,,,0.9486170166789204,0.051382983321079635,0.039905234128527714,0.04405993687304785
Original,0,BG15,-1,,,0.9881800422461587,0.011819957753841223,0.015026683071128862,0.01912255729118343
Original,1,BG1,-1,,,0.9980978819671331,0.0019021180328669212,0.003676515364448591,0.00950125630190031
Original,1,BG2,-1,,,0.9993066743005145,0.0006933256994855475,0.00028193897646930003,0.006270702701440102
Original,1,BG3,-1,,,0.9972626852286762,0.0027373147713237365,0.004312518881739824,0.010136149366259341
Original,1,BG4,-1,,,0.9981313562486059,0.0018686437513940983,0.0034540876763381255,0.00929843340849289
Original,1,BG5,-1,,,0.980583800802505,0.01941619919749508,0.008302331198232876,0.013978680697248733
Original,1,BG6,-1,,,0.9384541964869714,0.06154580351302852,0.023130851641464657,0.02880448171941188
Original,1,BG7,-1,,,0.9852146461663397,0.014785353833660345,0.001500972587932056,0.007352713597842902
Original,1,BG8,-1,,,0.9030092828178374,0.09699071718216264,0.056672153989226315,0.06231807632945716
Original,1,BG9,-1,,,0.9588837136439791,0.04111628635602097,0.02089086781530011,0.026588025011605673
Original,1,BG10,-1,,,0.90259842149112,0.09740157850887998,0.048343241300473225,0.05403760262261968
Original,1,BG11,-1,,,0.9569318758841443,0.0430681241158557,0.021726696456098826,0.027430743077846844
Original,1,BG12,-1,,,0.9933338136499635,0.006666186350036574,0.006132781999919618,0.011843813721625015
Original,1,BG13,-1,,,0.9968964487792805,0.0031035512207195173,0.0018872175029425247,0.007732682479738654
Original,1,BG14,-1,,,0.9557463546164708,0.04425364538352927,0.022134255164110155,0.02782749495494116
Original,1,BG15,-1,,,0.9916936512165054,0.008306348783494602,0.006942771988403124,0.012710502645592484
Original,2,BG1,-1,,,0.9978881752144236,0.0021118247855762182,0.0013776439121537829,0.0061665291216992605
Original,2,BG2,-1,,,0.9993620779083442,0.000637922091655807,0.00033812206320285365,0.004947934348678387
Original,2,BG3,-1,,,0.9969540134750844,0.0030459865249156115,0.001824670262663342,0.006536696496840581
Original,2,BG4,-1,,,0.997940825911085,0.0020591740889150576,0.0013572602309523843,0.006191469353375955
Original,2,BG5,-1,,,0.9799246109074878,0.020075389092512125,0.005436160448485338,0.009959840798370452
Original,2,BG6,-1,,,0.9291189222004265,0.0708810777995736,0.035134487465787866,0.03964961909497989
Original,2,BG7,-1,,,0.9858009604200988,0.014199039579901207,0.0009766871951530439,0.005861176680635556
Original,2,BG8,-1,,,0.9063368029626125,0.09366319703738739,0.07019983829494966,0.07481992041703714
Original,2,BG9,-1,,,0.9523008138159086,0.04769918618409141,0.031494222013053436,0.03602080581505697
Original,2,BG10,-1,,,0.9042492383301316,0.09575076166986844,0.06468580825111792,0.0691976176424685
Original,2,BG11,-1,,,0.955627666238719,0.0443723337612811,0.025700463335654875,0.030238846054096182
Original,2,BG12,-1,,,0.993350616296377,0.006649383703622965,0.0029933353649667462,0.007652328251307668
Original,2,BG13,-1,,,0.9969350849855324,0.003064915014467706,0.0010523817826257205,0.0058977302083097006
Original,2,BG14,-1,,,0.9517839652823382,0.04821603471766175,0.0321903641440859,0.036718477364521655
Original,2,BG15,-1,,,0.9892292803902755,0.010770719609724496,0.004964478932459477,0.009557290202741677
T01,0,BG1,-1,,,0.9997546868547255,0.0002453131452745394,0.00023943513509653175,0.0016991610270249272
T01,0,BG2,-1,,,0.9997369366173507,0.00026306338264925344,0.00020670812780733842,0.0017471863401541437
T01,0,BG3,-1,,,0.9996433293534994,0.00035667064650057867,0.00027441642255461346,0.0016736008215148437
T01,0,BG4,-1,,,0.9997105814650714,0.00028941853492855013,0.00027855784432918976,0.0017713975401379735
T01,0,BG5,-1,,,0.9951874088040903,0.004812591195909636,0.0005952808947559465,0.0014624685648113424
T01,0,BG6,-1,,,0.9939229238270487,0.006077076172951279,0.00034614095388140045,0.0016515147065774244
T01,0,BG7,-1,,,0.9898876556508674,0.010112344349132477,0.0003573939566386504,0.0016978722487499612
T01,0,BG8,-1,,,0.993991726076736,0.006008273923263936,0.0006588699112877261,0.0014584801978486312
T01,0,BG9,-1,,,0.9976453951767655,0.002354604823234352,0.0006579765956626476,0.0012806260047992092
T01,0,BG10,-1,,,0.9965832324167258,0.0034167675832742126,0.0009266204434349592,0.0015090197746350292
T01,0,BG11,-1,,,0.9980056990274461,0.001994300972553894,0.00045840694626523074,0.0015123619271453245
T01,0,BG12,-1,,,0.9978320094075852,0.0021679905924147556,0.00033254847175954186,0.0017353616446529802
T01,0,BG13,-1,,,0.9982700106108418,0.0017299893891583225,0.00047403540105158136,0.0015922905687595049
T01,0,BG14,-1,,,0.998990406753154,0.0010095932468459818,0.00033127801592654796,0.00167123415357651
T01,0,BG15,-1,,,0.9992535784618187,0.0007464215381813485,0.0003150910536588803,0.0016337154765662964
T01,1,BG1,-1,,,0.9997632956152187,0.00023670438478136843,0.0001148748370317197,0.0005988957524345672
T01,1,BG2,-1,,,0.9997424597481436,0.00025754025185631413,0.00016839521223458248,0.0006585688610702738
T01,1,BG3,-1,,,0.999651659610502,0.00034834038949801044,0.00017325379926810992,0.0006187202646834745
T01,1,BG4,-1,,,0.9997138877166615,0.00028611228333856137,0.0002310743775002784,0.0006067480883980995
T01,1,BG5,-1,,,0.9952989533370977,0.004701046662902238,0.000517862567033625,0.000652010018662401
T01,1,BG6,-1,,,0.9940082272234415,0.005991772776558417,0.0007408326077054459,0.0008003022088862174
T01,1,BG7,-1,,,0.9899422656205606,0.010057734379439354,0.00022089175652269084,0.0005248119083254435
T01,1,BG8,-1,,,0.9940633780085569,0.00593662199144307,0.0006516290086272974,0.0007381675758034545
T01,1,BG9,-1,,,0.9976616531709991,0.0023383468290008036,0.00026447764826062237,0.0006597044232531492
T01,1,BG10,-1,,,0.9966783446600864,0.003321655339913465,0.0009563035962697088,0.0009504339841799389
T01,1,BG11,-1,,,0.9980018408759032,0.0019981591240966954,0.000512552804983824,0.0007375297591522539
T01,1,BG12,-1,,,0.9978219262649306,0.0021780737350694337,0.00044824959693313705,0.0007255268478530186
T01,1,BG13,-1,,,0.9982714900725701,0.0017285099274298998,0.0004097762743238976,0.0007061354678971486
T01,1,BG14,-1,,,0.9989995408901543,0.0010004591098456972,0.0002556760568548222,0.0005929464029442514
T01,1,BG15,-1,,,0.9992507646053351,0.0007492353946647601,0.00019054472908534706,0.0006342384928095249
T01,2,BG1,-1,,,0.9997667052487044,0.00023329475129574284,0.0001227734610194962,0.0006843901708794712
T01,2,BG2,-1,,,0.9997496397469932,0.00025036025300687975,7.553187553041529e-05,0.0006966973393964501
T01,2,BG3,-1,,,0.9996703935639558,0.000329606436044146,0.00010048395201199558,0.0006550941853981046
T01,2,BG4,-1,,,0.9997313635976669,0.000268636402332989,0.00015569537690353653,0.0007374308686095807
T01,2,BG5,-1,,,0.9955346921448407,0.0044653078551593435,0.00032310568437764116,0.0009078793905325445
T01,2,BG6,-1,,,0.9941878616579003,0.005812138342099667,0.00018445905754853112,0.0007716267138960222
T01,2,BG7,-1,,,0.9903580800187921,0.009641919981207817,0.00018453217656843308,0.0007946027295664491
T01,2,BG8,-1,,,0.9941826984678553,0.005817301532144696,0.0015142962604175626,0.0016564560243942548
T01,2,BG9,-1,,,0.9977654723186781,0.0022345276813219295,0.0001848099794532224,0.000755768460031155
T01,2,BG10,-1,,,0.996744536021533,0.003255463978466988,0.0012246937397703199,0.0012130563292125046
T01,2,BG11,-1,,,0.9980667455376112,0.0019332544623888632,0.00017702542772193806,0.0007338362670807934
T01,2,BG12,-1,,,0.9979319927147063,0.0020680072852936235,0.0004942427981199993,0.0009875649679719108
T01,2,BG13,-1,,,0.9983602469921516,0.0016397530078483546,0.0002750165212375127,0.0008560869105607306
T01,2,BG14,-1,,,0.9990402415952794,0.0009597584047204751,0.00029540654092980064,0.0008164844285612365
T01,2,BG15,-1,,,0.9992832539983484,0.0007167460016515026,0.00024045201013492057,0.0008535849785887395
T02,0,BG1,-1,,,0.9997643765884586,0.00023562341154133767,9.50658696803892e-05,0.0015619810303813327
T02,0,BG2,-1,,,0.9997330067485466,0.0002669932514534438,0.00014192811295335618,0.0016947793352785356
T02,0,BG3,-1,,,0.9995916081347452,0.0004083918652547647,0.00042947387562507347,0.0012121360589055904
T02,0,BG4,-1,,,0.9996666690563583,0.00033333094364170385,0.00017938005361023028,0.0014547987038474128
T02,0,BG5,-1,,,0.9940719058043803,0.005928094195619719,0.0002575164418004434,0.001583031246997867
T02,0,BG6,-1,,,0.9930181500379772,0.0069818499620228165,0.0025341625725977634,0.0014669194623067694
T02,0,BG7,-1,,,0.9902975240051858,0.009702475994814256,0.0002293153022218772,0.001441704695710342
T02,0,BG8,-1,,,0.9822642285449107,0.01773577145508931,0.006096739858997724,0.005058801643646257
T02,0,BG9,-1,,,0.9972685978048604,0.002731402195139491,0.000833244676785518,0.0008494274439314222
T02,0,BG10,-1,,,0.9773867803554294,0.022613219644570564,0.008780859930780486,0.00751023819035084
T02,0,BG11,-1,,,0.996892860860369,0.003107139139631047,0.0022092102059426432,0.0010629465921250798
T02,0,BG12,-1,,,0.997859211392874,0.002140788607125891,0.0001465527623401807,0.0015829773266809383
T02,0,BG13,-1,,,0.9981168040149591,0.0018831959850410158,0.00014504658873236073,0.0016613967037617347
T02,0,BG14,-1,,,0.997525826299781,0.0024741737002188513,0.001969827466293528,0.0011178591444643878
T02,0,BG15,-1,,,0.9991477145266044,0.0008522854733955901,0.00043295494189427014,0.0012082468205209895
T02,1,BG1,-1,,,0.9997680216461005,0.00023197835389957935,0.00020961082736239926,0.0026821185460833793
T02,1,BG2,-1,,,0.9997365557471731,0.0002634442528268721,0.0001426160141407338,0.0026739487760130487
T02,1,BG3,-1,,,0.9996143490960737,0.0003856509039261713,0.0004237139160860026,0.002197236142656468
T02,1,BG4,-1,,,0.9996738282981722,0.0003261717018278783,0.00020369364032204752,0.0023919300772778274
T02,1,BG5,-1,,,0.9942459235725778,0.005754076427422279,0.00027490615329387797,0.0025758694389936094
T02,1,BG6,-1,,,0.994265925276173,0.005734074723826958,0.0013944579528496611,0.001386697880324009
T02,1,BG7,-1,,,0.9906428239354478,0.009357176064552294,0.0004762703364755477,0.002163955611903272
T02,1,BG8,-1,,,0.9871693261264448,0.012830673873555187,0.004594530689115804,0.0032026470687559487
T02,1,BG9,-1,,,0.9975505739044997,0.002449426095500177,0.0005917252071621891,0.0021118055362318506
T02,1,BG10,-1,,,0.9836389484998832,0.016361051500116724,0.006626124032629793,0.0046844356992717774
T02,1,BG11,-1,,,0.9976768218661158,0.002323178133884163,0.0014033092849453299,0.0012999418121858238
T02,1,BG12,-1,,,0.9978868899825666,0.002113110017433343,0.00020696411640530084,0.0024708566941602475
T02,1,BG13,-1,,,0.998137789293588,0.0018622107064121634,0.00025125520641370246,0.0024655863645517773
T02,1,BG14,-1,,,0.9982772146516509,0.0017227853483491689,0.001208074381294614,0.0014834479165093109
T02,1,BG15,-1,,,0.9991838195648434,0.0008161804351567067,0.00039567362600351116,0.0022193481588961696
T02,2,BG1,-1,,,0.9997733253603743,0.00022667463962566803,0.00017985595491482718,0.003662479417207049
T02,2,BG2,-1,,,0.9997470537848762,0.0002529462151238393,0.0001670019687201236,0.0036464726459891346
T02,2,BG3,-1,,,0.9996235244946688,0.00037647550533107904,0.00031424669670206714,0.003488433581411097
T02,2,BG4,-1,,,0.9996804043390056,0.0003195956609944132,0.00017859171409562735,0.0036087158414032446
T02,2,BG5,-1,,,0.9943290105566452,0.005670989443354794,0.00022114679846292303,0.00356548608432848
T02,2,BG6,-1,,,0.9939591517075012,0.006040848292498846,0.0006691534130521303,0.0036299694645716522
T02,2,BG7,-1,,,0.9908166205351367,0.009183379464863287,0.0003209821047140715,0.0034734305922777945
T02,2,BG8,-1,,,0.9852832171901085,0.014716782809891527,0.0033033731802412005,0.004514887553832257
T02,2,BG9,-1,,,0.9973590971292506,0.002640902870749325,0.0006648815583059417,0.0034556562908333063
T02,2,BG10,-1,,,0.9818379158303788,0.0181620841696211,0.004776714063798937,0.004704965577928988
T02,2,BG11,-1,,,0.99743357437097,0.002566425629029941,0.001304699571182569,0.003011508720157201
T02,2,BG12,-1,,,0.9978902077891604,0.0021097922108396596,0.00027719587138910214,0.00377031243431241
T02,2,BG13,-1,,,0.9981475068067892,0.0018524931932108284,0.0001738952833574327,0.00369656104566175
T02,2,BG14,-1,,,0.9980415102568351,0.001958489743165037,0.0012541389110834972,0.003186626395237637
T02,2,BG15,-1,,,0.9991933200778439,0.000806679922155995,0.00040742909822035194,0.003442166013805792
T03,0,BG1,-1,,,0.9996895541600743,0.0003104458399257511,0.00029806749291188416,0.0022094810887417727
T03,0,BG2,-1,,,0.9996670616572572,0.00033293834274280193,0.00017890330854548254,0.002074814186034128
T03,0,BG3,-1,,,0.9995916299034452,0.00040837009655481094,0.0003396143044784266,0.0022348085704024263
T03,0,BG4,-1,,,0.9996681470382867,0.00033185296171337847,0.0002013492424531449,0.002000484036549025
T03,0,BG5,-1,,,0.9937570517246823,0.0062429482753176835,0.001226117266042388,0.003087846558410217
T03,0,BG6,-1,,,0.9919839171864608,0.008016082813539197,0.002512147923604282,0.004420253904494683
T03,0,BG7,-1,,,0.9912703386589493,0.008729661341050798,0.0007800451465248959,0.002546468522425163
T03,0,BG8,-1,,,0.9798838240294064,0.020116175970593602,0.004663239601083926,0.006580247428937843
T03,0,BG9,-1,,,0.9978863239736991,0.0021136760263008223,0.0015963023384547455,0.0034752864610352705
T03,0,BG10,-1,,,0.9828437810626108,0.01715621893738924,0.004176709882036579,0.0060863730092822685
T03,0,BG11,-1,,,0.9969199054286833,0.0030800945713167494,0.0018830392026755014,0.003797945438434351
T03,0,BG12,-1,,,0.9979785342836335,0.0020214657163665586,0.0007595937175572386,0.0025953197513851303
T03,0,BG13,-1,,,0.9983100783629212,0.0016899216370788912,0.00038191407937178374,0.0021015703619781385
T03,0,BG14,-1,,,0.9968465742542927,0.00315342574570728,0.002440995811511543,0.004366225922726028
T03,0,BG15,-1,,,0.9991971326352194,0.0008028673647805981,0.0005953608667546347,0.0024794485044821422
T03,1,BG1,-1,,,0.9997075244965862,0.00029247550341367684,0.00017947634516500687,0.0016093562322267929
T03,1,BG2,-1,,,0.999677228136885,0.0003227718631151344,0.00019448054091682166,0.0016200835874962006
T03,1,BG3,-1,,,0.9996114718936671,0.0003885281063329045,0.00027715290135995626,0.0015114843418053863
T03,1,BG4,-1,,,0.9996748875239901,0.00032511247600985893,0.0001208036514985405,0.0016160939967005904
T03,1,BG5,-1,,,0.9939792350181834,0.006020764981816584,0.0003210418882076868,0.0018380531368327483
T03,1,BG6,-1,,,0.9935662692902306,0.00643373070976927,0.0008329690759089272,0.0017719557822913957
T03,1,BG7,-1,,,0.9913027463408861,0.00869725365911389,0.00040114831229353027,0.0013188907158720273
T03,1,BG8,-1,,,0.9838957934203744,0.016104206579625635,0.0019884053361359745,0.0026094692987128918
T03,1,BG9,-1,,,0.9981407765383162,0.0018592234616838048,0.0005370964706831176,0.0018733835127060857
T03,1,BG10,-1,,,0.9865072345842484,0.013492765415751654,0.0023549309590355353,0.0027421697064273906
T03,1,BG11,-1,,,0.9977276916477772,0.002272308352222844,0.0007135422763404516,0.0016803031306739605
T03,1,BG12,-1,,,0.9980387585947758,0.0019612414052241345,0.00034017912987111703,0.001806759104555784
T03,1,BG13,-1,,,0.9983275926428489,0.0016724073571510918,0.00030442203582359994,0.0018004889314587075
T03,1,BG14,-1,,,0.9978027908285783,0.0021972091714217803,0.0009091123791457306,0.0018652270014282344
T03,1,BG15,-1,,,0.9992523515471524,0.0007476484528475824,0.00021622516608251418,0.001652445519862691
T03,2,BG1,-1,,,0.9997191613904169,0.0002808386095829822,0.00011391154076291005,0.0021197012929681566
T03,2,BG2,-1,,,0.9996910026007905,0.0003089973992094948,8.846704791524361e-05,0.0020963020492236776
T03,2,BG3,-1,,,0.9996257669769943,0.0003742330230056175,9.43311295148813e-05,0.0021037797844280014
T03,2,BG4,-1,,,0.9996847788484048,0.000315221151595176,0.00014608221170971117,0.002164483660530296
T03,2,BG5,-1,,,0.9941517554383364,0.005848244561663589,0.000455186375507973,0.0024624590872858194
T03,2,BG6,-1,,,0.9933397480878813,0.00666025191211872,0.00043368987756517885,0.001851222380332855
T03,2,BG7,-1,,,0.9916824695629485,0.008317530437051524,0.00044479618953327565,0.002421656430258818
T03,2,BG8,-1,,,0.9829034866603686,0.01709651333963132,0.0023715517992363845,0.0025784545233254893
T03,2,BG9,-1,,,0.9981170034307295,0.0018829965692705268,0.0005571956194980359,0.0017330785211384868
T03,2,BG10,-1,,,0.9858323265874246,0.014167673412575485,0.0018911504953803245,0.002204770553445255
T03,2,BG11,-1,,,0.9976024545363763,0.002397545463623659,0.00044876424946612553,0.001852896318381009
T03,2,BG12,-1,,,0.9980993572822948,0.001900642717705107,0.000214065119516815,0.0021706738799114897
T03,2,BG13,-1,,,0.9984017479390791,0.0015982520609208646,0.00017562250154526025,0.0021477373694395803
T03,2,BG14,-1,,,0.997720788096789,0.0022792119032109723,0.0005019223737408081,0.0019481998638565684
T03,2,BG15,-1,,,0.9992807165888314,0.0007192834111685956,0.00016401023188963192,0.002169901511462168
T04,0,BG1,-1,,,0.9999262287360233,7.37712639766741e-05,0.0006712544993048491,0.0032439908208289348
T04,0,BG2,-1,,,0.9999149985863108,8.500141368913046e-05,0.0008121202153307022,0.0032526706587331974
T04,0,BG3,-1,,,0.9999012145536977,9.878544630230006e-05,0.00032371195691530277,0.003171271708569679
T04,0,BG4,-1,,,0.9998778115778343,0.00012218842216564033,0.0002293371165087041,0.003132390891530567
T04,0,BG5,-1,,,0.9985899298740466,0.0014100701259533628,0.0019085248751344326,0.00376129821511819
T04,0,BG6,-1,,,0.9988902228885063,0.0011097771114937371,0.0011856955571882184,0.003405859460368642
T04,0,BG7,-1,,,0.9969762283105535,0.0030237716894464897,0.00033134259444736203,0.0032824251091406183
T04,0,BG8,-1,,,0.9971862964193172,0.0028137035806827804,0.002132750225115564,0.0037876927001140657
T04,0,BG9,-1,,,0.998636099205613,0.001363900794386937,0.00048326560203449894,0.0032941737762343954
T04,0,BG10,-1,,,0.9989604396417722,0.0010395603582277941,0.0007952308536067235,0.003241706183869174
T04,0,BG11,-1,,,0.9992527273521002,0.0007472726478996439,0.000365726808411378,0.003050059371746457
T04,0,BG12,-1,,,0.9989612592441551,0.001038740755844721,0.0003396878556681619,0.0029964712163222953
T04,0,BG13,-1,,,0.9991379137200357,0.0008620862799643506,0.0004986411345707524,0.0029980428572896865
T04,0,BG14,-1,,,0.9991792550567412,0.0008207449432587888,0.0008473696333011122,0.0034294815703739333
T04,0,BG15,-1,,,0.9996213326896047,0.00037866731039526424,0.0006520209660866423,0.003116725936048354
T04,1,BG1,-1,,,0.9999269939751431,7.300602485693641e-05,7.75509421226165e-05,0.00319414254524435
T04,1,BG2,-1,,,0.9999138129936741,8.618700632578857e-05,0.00010573494925421724,0.0032329822896564405
T04,1,BG3,-1,,,0.9999021072192069,9.789278079304815e-05,0.00019169537097691987,0.003302219305764265
T04,1,BG4,-1,,,0.9998798004311632,0.00012019956883683551,0.0001741384714965212,0.0033047716602719593
T04,1,BG5,-1,,,0.9985581387687966,0.0014418612312033414,0.0003748050090900468,0.0029168271531761778
T04,1,BG6,-1,,,0.998902601524548,0.0010973984754519828,0.0008164329409954176,0.00251350985763717
T04,1,BG7,-1,,,0.9969353158988788,0.00306468410112104,0.00034687222639848353,0.0031336308858259097
T04,1,BG8,-1,,,0.9966094386411988,0.0033905613588011882,0.0014107618685060433,0.0044646623748987166
T04,1,BG9,-1,,,0.9986214698660123,0.0013785301339876617,0.0008111868108087002,0.003536957972974352
T04,1,BG10,-1,,,0.9988779777939735,0.0011220222060265295,0.0004915404195724605,0.00352769155447907
T04,1,BG11,-1,,,0.9992143755709121,0.0007856244290879536,0.0004007914223292354,0.0030777088179151793
T04,1,BG12,-1,,,0.9988499504778613,0.0011500495221385594,0.0005876529737199827,0.0036196012911105012
T04,1,BG13,-1,,,0.9990764135402839,0.0009235864597161303,0.0004217703454477869,0.0032387018146401484
T04,1,BG14,-1,,,0.9990849512400269,0.0009150487599731324,0.0007345976729399925,0.003759612179570998
T04,1,BG15,-1,,,0.9996374158014284,0.00036258419857163976,0.0002037800331296885,0.003024268532911135
T04,2,BG1,-1,,,0.9999309620725896,6.903792741045726e-05,0.0005184027793253297,0.0026868362805377594
T04,2,BG2,-1,,,0.9999198786698785,8.012133012147427e-05,0.0005618552746413629,0.0027174648970771397
T04,2,BG3,-1,,,0.9999042465541118,9.575344588822847e-05,0.00034632880370230254,0.0027280794176281734
T04,2,BG4,-1,,,0.999883818609626,0.00011618139037387436,0.00018412727459360309,0.0027004686518550644
T04,2,BG5,-1,,,0.9986315574078896,0.0013684425921105154,0.0013082506901238022,0.0030581122193419157
T04,2,BG6,-1,,,0.9989655337348179,0.001034466265182073,0.0011681099492831747,0.00288964711460115
T04,2,BG7,-1,,,0.9970930989510842,0.0029069010489158145,0.00023558995545296829,0.0027270624923838825
T04,2,BG8,-1,,,0.9975611337641513,0.002438866235848732,0.00040375429638871314,0.002860557216324868
T04,2,BG9,-1,,,0.9987449694726758,0.0012550305273242672,0.0009977770007031268,0.003112725908940477
T04,2,BG10,-1,,,0.999074070385233,0.000925929614767044,0.0004669265365650032,0.0026271067091212037
T04,2,BG11,-1,,,0.9992999504882688,0.0007000495117311193,0.0006898603984479167,0.0027558920518990946
T04,2,BG12,-1,,,0.9990215939408942,0.0009784060591058925,0.0003003215467060979,0.0028051348115393686
T04,2,BG13,-1,,,0.9991724015897003,0.0008275984102996311,0.00039117420297078275,0.002857982902494403
T04,2,BG14,-1,,,0.9992768153764939,0.0007231846235059939,0.00038371499280595773,0.0026421341758449133
T04,2,BG15,-1,,,0.9996512702301575,0.00034872976984238563,0.000578339837288091,0.0029255682329916016
T05,0,BG1,-1,,,0.9999060501080645,9.394989193541499e-05,0.00015212622001663925,0.0020549020580587912
T05,0,BG2,-1,,,0.9998729919371963,0.00012700806280370921,0.00033156135470110753,0.001977064441616221
T05,0,BG3,-1,,,0.9997179338190243,0.00028206618097574115,0.00029634881522314457,0.002251626184304848
T05,0,BG4,-1,,,0.9997396604188299,0.00026033958117003636,0.00025355891857972127,0.002173291615474429
T05,0,BG5,-1,,,0.9980171591039748,0.0019828408960252584,0.0003165796729396594,0.002250246813315139
T05,0,BG6,-1,,,0.9981641028576661,0.0018358971423338977,0.0002737557995155274,0.0022802773098215307
T05,0,BG7,-1,,,0.995347281572367,0.0046527184276330775,0.0008892966102644036,0.002732011154829186
T05,0,BG8,-1,,,0.9819030369419978,0.018096963058002274,0.0013985674352156004,0.0030979195065404972
T05,0,BG9,-1,,,0.995714277131822,0.0042857228681779285,0.0006288152570324108,0.0020779557833868283
T05,0,BG10,-1,,,0.9915866473794551,0.008413352620544953,0.0011443262851051248,0.0029041725295059343
T05,0,BG11,-1,,,0.9979610940977531,0.002038905902246905,0.0005347085882971723,0.002292873593181011
T05,0,BG12,-1,,,0.9962233897439162,0.0037766102560838157,0.0006893705648110728,0.002407149034355029
T05,0,BG13,-1,,,0.9973914984632724,0.0026085015367275735,0.00038376520682469143,0.002137871219337711
T05,0,BG14,-1,,,0.9904482585022517,0.009551741497748326,0.0012192784459631146,0.0028647270097465235
T05,0,BG15,-1,,,0.9988786939442319,0.001121306055768138,0.00040360834646213146,0.0020811780726320292
T05,1,BG1,-1,,,0.9998930623979819,0.00010693760201811268,0.00016958025278693942,0.0067864221895108726
T05,1,BG2,-1,,,0.9998448038873692,0.00015519611263066965,0.0004220095617403116,0.007143589859497095
T05,1,BG3,-1,,,0.9996612831417416,0.00033871685825840697,0.0004987816103461115,0.00633275351251134
T05,1,BG4,-1,,,0.9996578183555972,0.0003421816444028429,0.0004224810796080272,0.006378837414963418
T05,1,BG5,-1,,,0.9972663605061957,0.0027336394938043775,0.00038886686880997,0.006459313906522166
T05,1,BG6,-1,,,0.9982547873669455,0.0017452126330545676,0.00043155804551574354,0.0068053162568504875
T05,1,BG7,-1,,,0.9947041065580299,0.005295893441970049,0.0007249290047918537,0.0060968791104684525
T05,1,BG8,-1,,,0.9708477774027063,0.02915222259729359,0.005558311893637529,0.004433979138409708
T05,1,BG9,-1,,,0.9918267844646897,0.008173215535310177,0.002708495108928981,0.004901401639135866
T05,1,BG10,-1,,,0.9869118824361628,0.01308811756383721,0.004027328280023812,0.004273742553324489
T05,1,BG11,-1,,,0.9968981060461131,0.0031018939538868993,0.0015354167706053304,0.005482106536642511
T05,1,BG12,-1,,,0.9928358363797832,0.007164163620216731,0.002256810955432523,0.005118919732917454
T05,1,BG13,-1,,,0.99506207196585,0.004937928034150015,0.001665380858527974,0.005530832042011389
T05,1,BG14,-1,,,0.9837453064503427,0.016254693549657213,0.005449412668891728,0.003937101127122161
T05,1,BG15,-1,,,0.9981086649822402,0.0018913350177597692,0.0007224402827781235,0.0061140785925218365
T05,2,BG1,-1,,,0.9999136425945762,8.63574054237685e-05,0.0002737732921040207,0.0024294366052775916
T05,2,BG2,-1,,,0.9998671985062778,0.00013280149372218997,0.0002845621238807222,0.002410250802405852
T05,2,BG3,-1,,,0.9997153679057416,0.00028463209425840425,0.0005880955156293471,0.0029253228117595933
T05,2,BG4,-1,,,0.9996991702589065,0.0003008297410935408,0.0007034311486010118,0.0030817724807535793
T05,2,BG5,-1,,,0.997648116445537,0.002351883554463141,0.0004978055650672177,0.002975747672830233
T05,2,BG6,-1,,,0.9982585360910625,0.0017414639089374424,0.0003780685087174186,0.0025352027597198602
T05,2,BG7,-1,,,0.9949056080596441,0.005094391940355843,0.0018020805396782647,0.003997229197331265
T05,2,BG8,-1,,,0.9744125239657305,0.0255874760342694,0.005764365201829258,0.007888847430528177
T05,2,BG9,-1,,,0.9935764959002559,0.006423504099744126,0.0021899765904063733,0.0043362300583148425
T05,2,BG10,-1,,,0.9880500950991865,0.011949904900813602,0.003733521281965353,0.005837019728562435
T05,2,BG11,-1,,,0.9975243621709589,0.002475637829041107,0.0013020378165993663,0.003437666993815995
T05,2,BG12,-1,,,0.9938127505315757,0.006187249468424194,0.002684199426395974,0.004859350712026462
T05,2,BG13,-1,,,0.9958478478939051,0.004152152106094949,0.0017879822542152437,0.00399162854585615
T05,2,BG14,-1,,,0.9846254345939363,0.015374565406063856,0.0042362393421079315,0.006336716650086916
T05,2,BG15,-1,,,0.9984179028892705,0.001582097110729504,0.0012639693342264093,0.003430712630500222
