probe,step,tau,progress,grouping,n,rho,pearson,rho_ci_low,rho_ci_high,pearson_ci_low,pearson_ci_high
linear,0,0.9950248599052429,0.0,pooled,90,0.11901880890644935,0.128188248040676,-0.4091672844082037,0.2896951206379697,-0.42244069211453517,0.36260106001543196
linear,0,0.9950248599052429,0.0,task_demeaned,90,-0.6503436638268099,-0.6068800103659874,-0.7845292495162818,-0.5101832406835495,-0.7230284253056555,-0.4394468006953987
linear,0,0.9950248599052429,0.0,Original,15,-0.7928571428571427,-0.6053197219313271,,,,
linear,0,0.9950248599052429,0.0,T01,15,-0.36428571428571427,-0.3297467535357415,,,,
linear,0,0.9950248599052429,0.0,T02,15,-0.7357142857142855,-0.5704564146810315,,,,
linear,0,0.9950248599052429,0.0,T03,15,-0.8857142857142855,-0.807142530052903,,,,
linear,0,0.9950248599052429,0.0,T04,15,-0.6964285714285713,-0.745058700866322,,,,
linear,0,0.9950248599052429,0.0,T05,15,-0.5499999999999999,-0.39564245821488747,,,,
linear,4,0.9906675815582275,0.11428571428571428,pooled,90,0.11775116269498291,0.12294889067111206,-0.4237031546001153,0.2873795999012102,-0.4444022587126959,0.3605594458484504
linear,4,0.9906675815582275,0.11428571428571428,task_demeaned,90,-0.6837963534592747,-0.6242344750914277,-0.8230677372863906,-0.5271903436838274,-0.7657800592483458,-0.45015570369462354
linear,4,0.9906675815582275,0.11428571428571428,Original,15,-0.782142857142857,-0.6044315100173026,,,,
linear,4,0.9906675815582275,0.11428571428571428,T01,15,-0.38214285714285706,-0.35413849010839143,,,,
linear,4,0.9906675815582275,0.11428571428571428,T02,15,-0.7321428571428571,-0.5726660476818206,,,,
linear,4,0.9906675815582275,0.11428571428571428,T03,15,-0.914285714285714,-0.8613270919438869,,,,
linear,4,0.9906675815582275,0.11428571428571428,T04,15,-0.5785714285714285,-0.6825131462037404,,,,
linear,4,0.9906675815582275,0.11428571428571428,T05,15,-0.5821428571428571,-0.4249517728776567,,,,
linear,8,0.9814466834068298,0.22857142857142856,pooled,90,0.12161995308062723,0.13800756792176178,-0.43561691788155843,0.30555349718002556,-0.4371146934417953,0.3790600821878663
linear,8,0.9814466834068298,0.22857142857142856,task_demeaned,90,-0.7112894596040663,-0.6378983241778062,-0.855072463768116,-0.5552042160737812,-0.8070628402164637,-0.49620218976490155
linear,8,0.9814466834068298,0.22857142857142856,Original,15,-0.7892857142857141,-0.5901799230497842,,,,
linear,8,0.9814466834068298,0.22857142857142856,T01,15,-0.4535714285714285,-0.4554178737269529,,,,
linear,8,0.9814466834068298,0.22857142857142856,T02,15,-0.7714285714285712,-0.5749352637300628,,,,
linear,8,0.9814466834068298,0.22857142857142856,T03,15,-0.9249999999999998,-0.8990096807974516,,,,
linear,8,0.9814466834068298,0.22857142857142856,T04,15,-0.5107142857142856,-0.6641740277838984,,,,
linear,8,0.9814466834068298,0.22857142857142856,T05,15,-0.6321428571428571,-0.48861274792379245,,,,
linear,12,0.9606394171714783,0.34285714285714286,pooled,90,0.06159608182080092,-0.0012894555409187353,-0.4216829983438764,0.18137121680049414,-0.41115184233349283,0.21527295732566157
linear,12,0.9606394171714783,0.34285714285714286,task_demeaned,90,-0.5544305881384534,-0.5725581373740194,-0.7851163085689754,-0.19990733876945901,-0.7591903410825405,-0.2445257643814069
linear,12,0.9606394171714783,0.34285714285714286,Original,15,-0.7464285714285712,-0.5476942354686568,,,,
linear,12,0.9606394171714783,0.34285714285714286,T01,15,0.175,0.29405557513716174,,,,
linear,12,0.9606394171714783,0.34285714285714286,T02,15,-0.8035714285714284,-0.622646673794213,,,,
linear,12,0.9606394171714783,0.34285714285714286,T03,15,-0.8857142857142855,-0.8183346720306871,,,,
linear,12,0.9606394171714783,0.34285714285714286,T04,15,-0.5142857142857142,-0.597922917974512,,,,
linear,12,0.9606394171714783,0.34285714285714286,T05,15,-0.7571428571428571,-0.7418785546105477,,,,
linear,16,0.9109315872192383,0.45714285714285713,pooled,90,0.22028233938346298,0.14823665826274005,-0.37272053372868796,0.4002717055699642,-0.31369493652697245,0.4192570148330763
linear,16,0.9109315872192383,0.45714285714285713,task_demeaned,90,-0.5230028398567723,-0.42550924322664574,-0.7935095955852072,-0.10699563398458024,-0.6445616687015466,-0.22549307985155526
linear,16,0.9109315872192383,0.45714285714285713,Original,15,-0.8178571428571428,-0.48442370909725435,,,,
linear,16,0.9109315872192383,0.45714285714285713,T01,15,0.2785714285714285,-0.1006870275592568,,,,
linear,16,0.9109315872192383,0.45714285714285713,T02,15,-0.532142857142857,-0.4627525915838004,,,,
linear,16,0.9109315872192383,0.45714285714285713,T03,15,-0.7892857142857141,-0.8038637323023963,,,,
linear,16,0.9109315872192383,0.45714285714285713,T04,15,-0.4964285714285714,-0.6507731925097947,,,,
linear,16,0.9109315872192383,0.45714285714285713,T05,15,-0.7107142857142856,-0.5927665233696899,,,,
linear,19,0.831115186214447,0.5428571428571428,pooled,90,-0.21425690414454457,-0.2225020079296415,-0.5836751503171074,-0.03352325408767917,-0.5994242074429645,0.059201200289393935
linear,19,0.831115186214447,0.5428571428571428,task_demeaned,90,-0.6689303206157139,-0.6070881846369839,-0.8240439290162699,-0.43710210759650364,-0.7312085242170531,-0.4962430830470329
linear,19,0.831115186214447,0.5428571428571428,Original,15,-0.8285714285714284,-0.7775074526303377,,,,
linear,19,0.831115186214447,0.5428571428571428,T01,15,-0.21071428571428572,-0.48635154518933904,,,,
linear,19,0.831115186214447,0.5428571428571428,T02,15,-0.7321428571428571,-0.7362714290919632,,,,
linear,19,0.831115186214447,0.5428571428571428,T03,15,-0.6714285714285713,-0.6978525666583054,,,,
linear,19,0.831115186214447,0.5428571428571428,T04,15,-0.7607142857142856,-0.7578471709411486,,,,
linear,19,0.831115186214447,0.5428571428571428,T05,15,-0.8357142857142855,-0.5405598214283331,,,,
linear,23,0.618124783039093,0.6571428571428571,pooled,90,0.2782977322303165,0.30270176849926345,-0.3870455013382746,0.6333950845992342,-0.24718509056213364,0.6326953944288458
linear,23,0.618124783039093,0.6571428571428571,task_demeaned,90,-0.3466353870848253,-0.3740638511348378,-0.5597052406240995,-0.07042253521126761,-0.5385827519582479,-0.18518032553646752
linear,23,0.618124783039093,0.6571428571428571,Original,15,-0.6535714285714285,-0.6342989520044525,,,,
linear,23,0.618124783039093,0.6571428571428571,T01,15,-0.5428571428571428,-0.5792595768174247,,,,
linear,23,0.618124783039093,0.6571428571428571,T02,15,-0.035714285714285705,-0.17673795650912189,,,,
linear,23,0.618124783039093,0.6571428571428571,T03,15,-0.2071428571428571,-0.3866788388489161,,,,
linear,23,0.618124783039093,0.6571428571428571,T04,15,-0.24642857142857136,-0.35955045894945303,,,,
linear,23,0.618124783039093,0.6571428571428571,T05,15,0.1607142857142857,0.09965244173819071,,,,
linear,27,0.30132922530174255,0.7714285714285715,pooled,90,0.3638226941597728,0.3850689862245034,-0.41208153180975904,0.69868675641184,-0.3045140944178209,0.7376759892967084
linear,27,0.30132922530174255,0.7714285714285715,task_demeaned,90,-0.38148742643124667,-0.4405271455436138,-0.5081447162507207,-0.20904550978341332,-0.5627169129486836,-0.30395269867486807
linear,27,0.30132922530174255,0.7714285714285715,Original,15,-0.457142857142857,-0.6928848686268745,,,,
linear,27,0.30132922530174255,0.7714285714285715,T01,15,-0.6,-0.5225874807435157,,,,
linear,27,0.30132922530174255,0.7714285714285715,T02,15,0.125,-0.022392937713117136,,,,
linear,27,0.30132922530174255,0.7714285714285715,T03,15,-0.39999999999999997,-0.4359872752716959,,,,
linear,27,0.30132922530174255,0.7714285714285715,T04,15,-0.5785714285714285,-0.5561894349896225,,,,
linear,27,0.30132922530174255,0.7714285714285715,T05,15,-0.28928571428571426,-0.3982282073664144,,,,
linear,31,0.07776966691017151,0.8857142857142857,pooled,90,0.3536321356546075,0.3261995208165337,-0.48107268645217444,0.7785192116626186,-0.4279509722186053,0.8073237277731233
linear,31,0.07776966691017151,0.8857142857142857,task_demeaned,90,-0.423122196155904,-0.43609259051139954,-0.6274737492279184,-0.09826579359196119,-0.5708153990155483,-0.2337047866536028
linear,31,0.07776966691017151,0.8857142857142857,Original,15,-0.5285714285714286,-0.5307315348795911,,,,
linear,31,0.07776966691017151,0.8857142857142857,T01,15,-0.5928571428571427,-0.585395518069331,,,,
linear,31,0.07776966691017151,0.8857142857142857,T02,15,-0.3714285714285714,-0.5284735694983725,,,,
linear,31,0.07776966691017151,0.8857142857142857,T03,15,0.38928571428571423,0.4710229689439256,,,,
linear,31,0.07776966691017151,0.8857142857142857,T04,15,-0.9107142857142855,-0.8885448939562173,,,,
linear,31,0.07776966691017151,0.8857142857142857,T05,15,-0.37857142857142856,-0.4871097322808027,,,,
linear,35,0.009900989942252636,1.0,pooled,90,0.1702350084372556,0.21852323901111936,-0.4868791697553744,0.5339839407041383,-0.4977762584252559,0.6199369045460942
linear,35,0.009900989942252636,1.0,task_demeaned,90,-0.568440548215829,-0.6057870806076805,-0.7064756494174798,-0.45067720554938046,-0.6870327169047363,-0.5317010685150981
linear,35,0.009900989942252636,1.0,Original,15,-0.8714285714285712,-0.6884715896181189,,,,
linear,35,0.009900989942252636,1.0,T01,15,-0.557142857142857,-0.5596251673483562,,,,
linear,35,0.009900989942252636,1.0,T02,15,-0.7392857142857142,-0.7170414353683768,,,,
linear,35,0.009900989942252636,1.0,T03,15,-0.33928571428571425,-0.5140304606581009,,,,
linear,35,0.009900989942252636,1.0,T04,15,-0.5785714285714285,-0.6351340658780031,,,,
linear,35,0.009900989942252636,1.0,T05,15,-0.5964285714285712,-0.5883461986494455,,,,
mlp,0,0.9950248599052429,0.0,pooled,90,0.21512943984854097,0.26713841813905603,-0.37794419114164896,0.30249444307236356,-0.20621616640446386,0.4301500704925686
mlp,0,0.9950248599052429,0.0,task_demeaned,90,-0.5774128493229617,-0.46861630535246546,-0.8830164786435457,-0.24638397824205713,-0.8480473029619883,-0.11440672415525242
mlp,0,0.9950248599052429,0.0,Original,15,-0.6428571428571428,-0.42302672012728293,,,,
mlp,0,0.9950248599052429,0.0,T01,15,0.075,0.1614629550718076,,,,
mlp,0,0.9950248599052429,0.0,T02,15,-0.8571428571428571,-0.8337574615770093,,,,
mlp,0,0.9950248599052429,0.0,T03,15,-0.9464285714285712,-0.9203975189051141,,,,
mlp,0,0.9950248599052429,0.0,T04,15,-0.8035714285714284,-0.7658726111275346,,,,
mlp,0,0.9950248599052429,0.0,T05,15,-0.6928571428571427,-0.6242284310081443,,,,
mlp,4,0.9906675815582275,0.11428571428571428,pooled,90,0.2166111042515537,0.2581658623690457,-0.37246260353566574,0.30409717932880376,-0.2676185596902883,0.42285008077242503
mlp,4,0.9906675815582275,0.11428571428571428,task_demeaned,90,-0.5918837716590525,-0.46422889385465926,-0.8850177085907257,-0.2536364385141257,-0.8475692015659044,-0.11461323094166846
mlp,4,0.9906675815582275,0.11428571428571428,Original,15,-0.6178571428571428,-0.42146916581163807,,,,
mlp,4,0.9906675815582275,0.11428571428571428,T01,15,0.06071428571428571,0.15542158294755776,,,,
mlp,4,0.9906675815582275,0.11428571428571428,T02,15,-0.8214285714285712,-0.8330824287988111,,,,
mlp,4,0.9906675815582275,0.11428571428571428,T03,15,-0.9464285714285712,-0.9225821104718523,,,,
mlp,4,0.9906675815582275,0.11428571428571428,T04,15,-0.8428571428571429,-0.7544591641056814,,,,
mlp,4,0.9906675815582275,0.11428571428571428,T05,15,-0.7857142857142856,-0.7237013413523682,,,,
mlp,8,0.9814466834068298,0.22857142857142856,pooled,90,0.21417458945548828,0.25059895221247547,-0.4163186722675233,0.33514324605922624,-0.34248235503204866,0.44041641852040875
mlp,8,0.9814466834068298,0.22857142857142856,task_demeaned,90,-0.6197884512491253,-0.49369579416403137,-0.8918466353677621,-0.341288861437101,-0.8482149026092272,-0.17586171761601538
mlp,8,0.9814466834068298,0.22857142857142856,Original,15,-0.5214285714285714,-0.4268629380041297,,,,
mlp,8,0.9814466834068298,0.22857142857142856,T01,15,-0.049999999999999996,0.05369865106981026,,,,
mlp,8,0.9814466834068298,0.22857142857142856,T02,15,-0.8499999999999999,-0.8280598263383491,,,,
mlp,8,0.9814466834068298,0.22857142857142856,T03,15,-0.9464285714285712,-0.9198854387331646,,,,
mlp,8,0.9814466834068298,0.22857142857142856,T04,15,-0.7571428571428571,-0.7267441576537508,,,,
mlp,8,0.9814466834068298,0.22857142857142856,T05,15,-0.7785714285714285,-0.7097992355409769,,,,
mlp,12,0.9606394171714783,0.34285714285714286,pooled,90,0.2167757336296662,0.259945147792703,-0.3617811310631673,0.3571040276748209,-0.2690877281686705,0.44930297128270597
mlp,12,0.9606394171714783,0.34285714285714286,task_demeaned,90,-0.5986665020372886,-0.4726830659088769,-0.8554450202700786,-0.3254591878757928,-0.8465451720131972,-0.10799883998626748
mlp,12,0.9606394171714783,0.34285714285714286,Original,15,-0.7607142857142856,-0.4120981682501518,,,,
mlp,12,0.9606394171714783,0.34285714285714286,T01,15,-0.11785714285714284,0.16994027565041225,,,,
mlp,12,0.9606394171714783,0.34285714285714286,T02,15,-0.7892857142857141,-0.8189127487957584,,,,
mlp,12,0.9606394171714783,0.34285714285714286,T03,15,-0.932142857142857,-0.908941677188911,,,,
mlp,12,0.9606394171714783,0.34285714285714286,T04,15,-0.6714285714285713,-0.7112679067560621,,,,
mlp,12,0.9606394171714783,0.34285714285714286,T05,15,-0.7857142857142856,-0.8340706344723718,,,,
mlp,16,0.9109315872192383,0.45714285714285713,pooled,90,0.10767584475449644,0.03740044101033253,-0.418643891059786,0.3484335762216459,-0.433187023623701,0.35556195410449243
mlp,16,0.9109315872192383,0.45714285714285713,task_demeaned,90,-0.2672346380211549,-0.3115076128711502,-0.7997617368928381,0.266130959739564,-0.666581305625826,-0.08903391313307246
mlp,16,0.9109315872192383,0.45714285714285713,Original,15,-0.6857142857142856,-0.5264388562943008,,,,
mlp,16,0.9109315872192383,0.45714285714285713,T01,15,0.4357142857142856,0.04033904889832402,,,,
mlp,16,0.9109315872192383,0.45714285714285713,T02,15,0.5178571428571428,-0.1879857823538514,,,,
mlp,16,0.9109315872192383,0.45714285714285713,T03,15,-0.7964285714285713,-0.7561233599989985,,,,
mlp,16,0.9109315872192383,0.45714285714285713,T04,15,-0.5857142857142856,-0.6401068102646007,,,,
mlp,16,0.9109315872192383,0.45714285714285713,T05,15,-0.9392857142857142,-0.920608720177142,,,,
mlp,19,0.831115186214447,0.5428571428571428,pooled,90,-0.24454870971724904,-0.25052836323727656,-0.6300727054930653,-0.07012687008909989,-0.562094154352969,-0.049187936061771506
mlp,19,0.831115186214447,0.5428571428571428,task_demeaned,90,-0.540519405687945,-0.5771702520661937,-0.8349724075446834,-0.11663365105821902,-0.7400014433297684,-0.36799752457660373
mlp,19,0.831115186214447,0.5428571428571428,Original,15,-0.8714285714285712,-0.81919763111572,,,,
mlp,19,0.831115186214447,0.5428571428571428,T01,15,0.1928571428571428,-0.2935881405530924,,,,
mlp,19,0.831115186214447,0.5428571428571428,T02,15,-0.7357142857142855,-0.6228108379935525,,,,
mlp,19,0.831115186214447,0.5428571428571428,T03,15,-0.7535714285714286,-0.5997949595553895,,,,
mlp,19,0.831115186214447,0.5428571428571428,T04,15,-0.28571428571428564,-0.3937753806843301,,,,
mlp,19,0.831115186214447,0.5428571428571428,T05,15,-0.9178571428571428,-0.6921708824379404,,,,
mlp,23,0.618124783039093,0.6571428571428571,pooled,90,0.14405893731736427,0.17890368958242975,-0.4916368128474367,0.5713803466304394,-0.4091295839419901,0.658652229455992
mlp,23,0.618124783039093,0.6571428571428571,task_demeaned,90,-0.4213277359344775,-0.3431872709923429,-0.6669950363153812,-0.25126060349469,-0.6405618359910922,-0.17157553789213753
mlp,23,0.618124783039093,0.6571428571428571,Original,15,-0.9392857142857142,-0.9261904771884131,,,,
mlp,23,0.618124783039093,0.6571428571428571,T01,15,-0.13928571428571426,-0.07548962794452113,,,,
mlp,23,0.618124783039093,0.6571428571428571,T02,15,-0.4035714285714285,-0.45155696434089393,,,,
mlp,23,0.618124783039093,0.6571428571428571,T03,15,-0.37499999999999994,-0.5030242508002407,,,,
mlp,23,0.618124783039093,0.6571428571428571,T04,15,-0.41785714285714276,-0.6537971096339887,,,,
mlp,23,0.618124783039093,0.6571428571428571,T05,15,-0.4071428571428571,-0.5655495224909107,,,,
mlp,27,0.30132922530174255,0.7714285714285715,pooled,90,0.1773305346339054,0.2554951996898538,-0.5348938814888712,0.6226641960057648,-0.6394940501683586,0.7855229714479204
mlp,27,0.30132922530174255,0.7714285714285715,task_demeaned,90,-0.43662180516113097,-0.36885459597900827,-0.5847881209913813,-0.32791083230539186,-0.5315042249424047,-0.3246557910728362
mlp,27,0.30132922530174255,0.7714285714285715,Original,15,-0.657142857142857,-0.7334282178842549,,,,
mlp,27,0.30132922530174255,0.7714285714285715,T01,15,-0.3071428571428571,-0.4376142167974617,,,,
mlp,27,0.30132922530174255,0.7714285714285715,T02,15,-0.37499999999999994,-0.4089865667545992,,,,
mlp,27,0.30132922530174255,0.7714285714285715,T03,15,-0.47142857142857136,-0.419861786960335,,,,
mlp,27,0.30132922530174255,0.7714285714285715,T04,15,-0.7,-0.6394503400615928,,,,
mlp,27,0.30132922530174255,0.7714285714285715,T05,15,-0.2928571428571428,-0.3613702428194492,,,,
mlp,31,0.07776966691017151,0.8857142857142857,pooled,90,0.24825287072478083,0.24579315696037604,-0.5356304804248487,0.7442674241488618,-0.6130451946832354,0.7825262945390861
mlp,31,0.07776966691017151,0.8857142857142857,task_demeaned,90,-0.324114088159032,-0.416948292058026,-0.5100078218270142,-0.0035842591062127975,-0.6012296579506251,-0.16166052379165433
mlp,31,0.07776966691017151,0.8857142857142857,Original,15,-0.5249999999999999,-0.5943455443393028,,,,
mlp,31,0.07776966691017151,0.8857142857142857,T01,15,-0.22142857142857136,-0.2920099388599732,,,,
mlp,31,0.07776966691017151,0.8857142857142857,T02,15,-0.41785714285714276,-0.6410686863146516,,,,
mlp,31,0.07776966691017151,0.8857142857142857,T03,15,0.575,0.4164078251027126,,,,
mlp,31,0.07776966691017151,0.8857142857142857,T04,15,-0.7678571428571428,-0.7322528805186974,,,,
mlp,31,0.07776966691017151,0.8857142857142857,T05,15,-0.15714285714285714,-0.35660887508319195,,,,
mlp,35,0.009900989942252636,1.0,pooled,90,0.1513520187677491,0.10898125738298067,-0.5589029912377244,0.5993577868346301,-0.6652774993546798,0.6628113140270276
mlp,35,0.009900989942252636,1.0,task_demeaned,90,-0.5378030209490883,-0.607833855566442,-0.6446091144868471,-0.3429755270592584,-0.6911092799917735,-0.4689972361336631
mlp,35,0.009900989942252636,1.0,Original,15,-0.7071428571428571,-0.7404256941436497,,,,
mlp,35,0.009900989942252636,1.0,T01,15,-0.6321428571428571,-0.6727497754993256,,,,
mlp,35,0.009900989942252636,1.0,T02,15,-0.5785714285714285,-0.6618517744148421,,,,
mlp,35,0.009900989942252636,1.0,T03,15,-0.08214285714285713,-0.3389464377439184,,,,
mlp,35,0.009900989942252636,1.0,T04,15,-0.7499999999999999,-0.6772637931928185,,,,
mlp,35,0.009900989942252636,1.0,T05,15,-0.36785714285714277,-0.45076964389335067,,,,
