stage,argv,job_id,exit_code,requested_CPU_GiB,measured_CPU_VmHWM_GiB,GPU_allocated_peak_GiB,GPU_reserved_peak_GiB,seconds,request_basis,limitations
scripts/capture_extension.py,"[""scripts/capture_extension.py"", ""--worker"", ""0"", ""--workers"", ""4"", ""--limit"", ""2""]",49311,1,28,19.88553237915039,7.681660175323486,9.025390625,200.2954182624817,EX8 identical A2World flow capture observed peak 19.90 GiB CPU RAM; 28 GiB is 41 percent headroom. Pilot checks new compact feature storage and condition cache.,cgroup current includes page cache; polling may miss transients where memory.peak unavailable; GPU stats are PyTorch allocator only.
scripts/capture_extension.py,"[""scripts/capture_extension.py"", ""--worker"", ""0"", ""--workers"", ""4"", ""--limit"", ""2""]",49312,0,28,19.895389556884766,7.704395771026611,9.029296875,185.82116150856018,EX9 model loading pilot measured CPU HWM 19.89 GiB; 28 GiB adds 41 percent. Rechecking exact EX8 reference output before new inference.,cgroup current includes page cache; polling may miss transients where memory.peak unavailable; GPU stats are PyTorch allocator only.
scripts/recover_tracking_confidence.py,"[""scripts/recover_tracking_confidence.py"", ""--limit"", ""1""]",49313,0,8,1.2279739379882812,3.6149330139160156,4.392578125,8.470356225967407,"Short CoTracker3-only pilot: small tracker checkpoint, 41 frames at 256x256; measure loading and inference CPU VmHWM before full tracking replay. No A2World loaded.",cgroup current includes page cache; polling may miss transients where memory.peak unavailable; GPU stats are PyTorch allocator only.
scripts/recover_tracking_confidence.py,"[""scripts/recover_tracking_confidence.py""]",49314,0,2,1.306365966796875,3.62288236618042,4.392578125,109.43508529663086,CoTracker pilot job49313 CPU VmHWM 1.23 GiB including checkpoint loading and inference. 2 GiB request adds about 63 percent (integer GiB rounding); one video at a time. GPU allocator tracked separately.,cgroup current includes page cache; polling may miss transients where memory.peak unavailable; GPU stats are PyTorch allocator only.
scripts/capture_extension.py,"[""scripts/capture_extension.py"", ""--worker"", ""0"", ""--workers"", ""4""]",49315,0,28,19.88220977783203,7.751234531402588,9.05078125,6656.467022418976,"EX9 exact-reference paired inference pilot49312 passed, CPU HWM19.90 GiB;28GiB adds41percent. Same sequential batch1 inference with compact feature outputs.",cgroup current includes page cache; polling may miss transients where memory.peak unavailable; GPU stats are PyTorch allocator only.
scripts/capture_extension.py,"[""scripts/capture_extension.py"", ""--worker"", ""1"", ""--workers"", ""4""]",49316,0,28,19.878551483154297,7.751234531402588,9.05078125,6624.656933546066,"EX9 exact-reference paired inference pilot49312 passed, CPU HWM19.90 GiB;28GiB adds41percent. Same sequential batch1 inference with compact feature outputs.",cgroup current includes page cache; polling may miss transients where memory.peak unavailable; GPU stats are PyTorch allocator only.
scripts/capture_extension.py,"[""scripts/capture_extension.py"", ""--worker"", ""2"", ""--workers"", ""4""]",49317,0,28,19.89270782470703,7.751234531402588,9.05078125,6663.796004772186,"EX9 exact-reference paired inference pilot49312 passed, CPU HWM19.90 GiB;28GiB adds41percent. Same sequential batch1 inference with compact feature outputs.",cgroup current includes page cache; polling may miss transients where memory.peak unavailable; GPU stats are PyTorch allocator only.
scripts/capture_extension.py,"[""scripts/capture_extension.py"", ""--worker"", ""3"", ""--workers"", ""4""]",49318,0,28,19.891746520996094,7.751234531402588,9.05078125,6617.500720739365,"Fresh squeue showed exactly three RUNNING jobs49315,49316,49317; tracker49314 completed. EX9 pilot49312 CPU HWM19.90GiB;28GiB adds41percent. submit.py rechecks queue before sbatch.",cgroup current includes page cache; polling may miss transients where memory.peak unavailable; GPU stats are PyTorch allocator only.
scripts/capture_extension.py,"[""scripts/capture_extension.py"", ""--worker"", ""0"", ""--workers"", ""4"", ""--expand-until-covered""]",49319,0,28,19.892501831054688,7.701387882232666,9.029296875,586.2565290927887,A2World model+flow pilot VmHWM 19.90 GiB; 28 GiB allows 41% headroom. Reuse saved x_tau; adaptive valid-bound action calibration only.,cgroup current includes page cache; polling may miss transients where memory.peak unavailable; GPU stats are PyTorch allocator only.
scripts/capture_extension.py,"[""scripts/capture_extension.py"", ""--worker"", ""1"", ""--workers"", ""4"", ""--expand-until-covered""]",49320,0,28,19.889118194580078,7.701387882232666,9.029296875,589.4026935100555,A2World model+flow pilot VmHWM 19.90 GiB; 28 GiB allows 41% headroom. Reuse saved x_tau; adaptive valid-bound action calibration only.,cgroup current includes page cache; polling may miss transients where memory.peak unavailable; GPU stats are PyTorch allocator only.
scripts/capture_extension.py,"[""scripts/capture_extension.py"", ""--worker"", ""2"", ""--workers"", ""4"", ""--expand-until-covered""]",49321,0,28,19.891048431396484,7.701387882232666,9.029296875,582.0027985572815,A2World model+flow pilot VmHWM 19.90 GiB; 28 GiB allows 41% headroom. Reuse saved x_tau; adaptive valid-bound action calibration only.,cgroup current includes page cache; polling may miss transients where memory.peak unavailable; GPU stats are PyTorch allocator only.
scripts/capture_extension.py,"[""scripts/capture_extension.py"", ""--worker"", ""3"", ""--workers"", ""4"", ""--expand-until-covered""]",49322,0,28,19.890544891357422,7.701387882232666,9.029296875,575.6830773353577,A2World model+flow pilot VmHWM 19.90 GiB; 28 GiB allows 41% headroom. Reuse saved x_tau; adaptive valid-bound action calibration only.,cgroup current includes page cache; polling may miss transients where memory.peak unavailable; GPU stats are PyTorch allocator only.
experiments/[EX9]_flow_trajectory_analysis/scripts/reprobe.py,"[""experiments/[EX9]_flow_trajectory_analysis/scripts/reprobe.py"", ""--task"", ""T02"", ""--start"", ""4"", ""--stop"", ""7""]",,0,,0.7477226257324219,0.0,0.0,51.77581596374512,CPU-only small probes; no Slurm reservation,cgroup current includes page cache; polling may miss transients where memory.peak unavailable; GPU stats are PyTorch allocator only.
experiments/[EX9]_flow_trajectory_analysis/scripts/reprobe.py,"[""experiments/[EX9]_flow_trajectory_analysis/scripts/reprobe.py"", ""--task"", ""T05"", ""--start"", ""4"", ""--stop"", ""7""]",,0,,0.7473373413085938,0.0,0.0,56.435399293899536,CPU-only small probes; no Slurm reservation,cgroup current includes page cache; polling may miss transients where memory.peak unavailable; GPU stats are PyTorch allocator only.
experiments/[EX9]_flow_trajectory_analysis/scripts/reprobe.py,"[""experiments/[EX9]_flow_trajectory_analysis/scripts/reprobe.py"", ""--task"", ""Original"", ""--start"", ""7"", ""--stop"", ""10""]",,0,,0.7464866638183594,0.0,0.0,51.15310001373291,CPU-only small probes; no Slurm reservation,cgroup current includes page cache; polling may miss transients where memory.peak unavailable; GPU stats are PyTorch allocator only.
experiments/[EX9]_flow_trajectory_analysis/scripts/reprobe.py,"[""experiments/[EX9]_flow_trajectory_analysis/scripts/reprobe.py"", ""--task"", ""T05"", ""--start"", ""0"", ""--stop"", ""4""]",,0,,0.7457084655761719,0.0,0.0,58.36597228050232,CPU-only small probes; no Slurm reservation,cgroup current includes page cache; polling may miss transients where memory.peak unavailable; GPU stats are PyTorch allocator only.
experiments/[EX9]_flow_trajectory_analysis/scripts/reprobe.py,"[""experiments/[EX9]_flow_trajectory_analysis/scripts/reprobe.py"", ""--task"", ""T01"", ""--start"", ""7"", ""--stop"", ""10""]",,0,,0.7487525939941406,0.0,0.0,47.69132351875305,CPU-only small probes; no Slurm reservation,cgroup current includes page cache; polling may miss transients where memory.peak unavailable; GPU stats are PyTorch allocator only.
experiments/[EX9]_flow_trajectory_analysis/scripts/reprobe.py,"[""experiments/[EX9]_flow_trajectory_analysis/scripts/reprobe.py"", ""--task"", ""T04"", ""--start"", ""7"", ""--stop"", ""10""]",,0,,0.7465438842773438,0.0,0.0,55.13196063041687,CPU-only small probes; no Slurm reservation,cgroup current includes page cache; polling may miss transients where memory.peak unavailable; GPU stats are PyTorch allocator only.
experiments/[EX9]_flow_trajectory_analysis/scripts/reprobe.py,"[""experiments/[EX9]_flow_trajectory_analysis/scripts/reprobe.py"", ""--task"", ""T02"", ""--start"", ""7"", ""--stop"", ""10""]",,0,,0.7463340759277344,0.0,0.0,52.01866817474365,CPU-only small probes; no Slurm reservation,cgroup current includes page cache; polling may miss transients where memory.peak unavailable; GPU stats are PyTorch allocator only.
experiments/[EX9]_flow_trajectory_analysis/scripts/reprobe.py,"[""experiments/[EX9]_flow_trajectory_analysis/scripts/reprobe.py"", ""--task"", ""T01"", ""--start"", ""4"", ""--stop"", ""7""]",,0,,0.7462005615234375,0.0,0.0,43.641979455947876,CPU-only small probes; no Slurm reservation,cgroup current includes page cache; polling may miss transients where memory.peak unavailable; GPU stats are PyTorch allocator only.
experiments/[EX9]_flow_trajectory_analysis/scripts/reprobe.py,"[""experiments/[EX9]_flow_trajectory_analysis/scripts/reprobe.py"", ""--task"", ""T03"", ""--start"", ""4"", ""--stop"", ""7""]",,0,,0.7457084655761719,0.0,0.0,43.57969284057617,CPU-only small probes; no Slurm reservation,cgroup current includes page cache; polling may miss transients where memory.peak unavailable; GPU stats are PyTorch allocator only.
experiments/[EX9]_flow_trajectory_analysis/scripts/reprobe.py,"[""experiments/[EX9]_flow_trajectory_analysis/scripts/reprobe.py"", ""--task"", ""T04"", ""--start"", ""4"", ""--stop"", ""7""]",,0,,0.7462959289550781,0.0,0.0,46.5606951713562,CPU-only small probes; no Slurm reservation,cgroup current includes page cache; polling may miss transients where memory.peak unavailable; GPU stats are PyTorch allocator only.
experiments/[EX9]_flow_trajectory_analysis/scripts/reprobe.py,"[""experiments/[EX9]_flow_trajectory_analysis/scripts/reprobe.py"", ""--task"", ""T05"", ""--start"", ""7"", ""--stop"", ""10""]",,0,,0.74713134765625,0.0,0.0,51.54314684867859,CPU-only small probes; no Slurm reservation,cgroup current includes page cache; polling may miss transients where memory.peak unavailable; GPU stats are PyTorch allocator only.
experiments/[EX9]_flow_trajectory_analysis/scripts/reprobe.py,"[""experiments/[EX9]_flow_trajectory_analysis/scripts/reprobe.py"", ""--task"", ""T03"", ""--start"", ""0"", ""--stop"", ""4""]",,0,,0.7471923828125,0.0,0.0,52.9715793132782,CPU-only small probes; no Slurm reservation,cgroup current includes page cache; polling may miss transients where memory.peak unavailable; GPU stats are PyTorch allocator only.
experiments/[EX9]_flow_trajectory_analysis/scripts/reprobe.py,"[""experiments/[EX9]_flow_trajectory_analysis/scripts/reprobe.py"", ""--task"", ""T01"", ""--start"", ""0"", ""--stop"", ""4""]",,0,,0.745635986328125,0.0,0.0,57.007121324539185,CPU-only small probes; no Slurm reservation,cgroup current includes page cache; polling may miss transients where memory.peak unavailable; GPU stats are PyTorch allocator only.
experiments/[EX9]_flow_trajectory_analysis/scripts/reprobe.py,"[""experiments/[EX9]_flow_trajectory_analysis/scripts/reprobe.py"", ""--task"", ""Original"", ""--start"", ""0"", ""--stop"", ""4""]",,0,,0.7474708557128906,0.0,0.0,66.00029277801514,CPU-only small probes; no Slurm reservation,cgroup current includes page cache; polling may miss transients where memory.peak unavailable; GPU stats are PyTorch allocator only.
experiments/[EX9]_flow_trajectory_analysis/scripts/reprobe.py,"[""experiments/[EX9]_flow_trajectory_analysis/scripts/reprobe.py"", ""--task"", ""T02"", ""--start"", ""0"", ""--stop"", ""4""]",,0,,0.746978759765625,0.0,0.0,53.949323415756226,CPU-only small probes; no Slurm reservation,cgroup current includes page cache; polling may miss transients where memory.peak unavailable; GPU stats are PyTorch allocator only.
experiments/[EX9]_flow_trajectory_analysis/scripts/reprobe.py,"[""experiments/[EX9]_flow_trajectory_analysis/scripts/reprobe.py"", ""--task"", ""Original"", ""--start"", ""4"", ""--stop"", ""7""]",,0,,0.7463111877441406,0.0,0.0,41.36276936531067,CPU-only small probes; no Slurm reservation,cgroup current includes page cache; polling may miss transients where memory.peak unavailable; GPU stats are PyTorch allocator only.
experiments/[EX9]_flow_trajectory_analysis/scripts/reprobe.py,"[""experiments/[EX9]_flow_trajectory_analysis/scripts/reprobe.py"", ""--task"", ""T03"", ""--start"", ""7"", ""--stop"", ""10""]",,0,,0.7461891174316406,0.0,0.0,49.83165788650513,CPU-only small probes; no Slurm reservation,cgroup current includes page cache; polling may miss transients where memory.peak unavailable; GPU stats are PyTorch allocator only.
experiments/[EX9]_flow_trajectory_analysis/scripts/reprobe.py,"[""experiments/[EX9]_flow_trajectory_analysis/scripts/reprobe.py"", ""--task"", ""T04"", ""--start"", ""0"", ""--stop"", ""4""]",,0,,0.7471122741699219,0.0,0.0,77.291668176651,CPU-only small probes; no Slurm reservation,cgroup current includes page cache; polling may miss transients where memory.peak unavailable; GPU stats are PyTorch allocator only.
