grouping,feature,target,n,rho,pearson,rho_ci_low,rho_ci_high,pearson_ci_low,pearson_ci_high
pooled,D_flow_early,nD_traj_BG,270,0.7294735029134677,0.8596210433083225,0.5142019059141019,0.8568008950591879,0.6190680692673985,0.9220991005133462
pooled,D_flow_early,nADE_GT,270,0.3883470433217343,0.8432529142366453,-0.024063478372393025,0.7291897214524591,0.13240564901216906,0.9248923299957827
task_demeaned,D_flow_early,nD_traj_BG,270,0.7756341726986042,0.7915305901865919,0.5637909536831259,0.9083424408014573,0.6335019562336561,0.8928690363767101
task_demeaned,D_flow_early,nADE_GT,270,0.5530839471963492,0.7648334611996731,0.22064939015257298,0.8468671071785142,0.28517144185331544,0.8915734578551446
Original,D_flow_early,nD_traj_BG,45,0.8971014492753622,0.9279367783346452,,,,
Original,D_flow_early,nADE_GT,45,0.8990777338603424,0.9307878794185434,,,,
T01,D_flow_early,nD_traj_BG,45,0.6140974967061923,0.44378947067787183,,,,
T01,D_flow_early,nADE_GT,45,0.16679841897233202,0.07756124591870532,,,,
T02,D_flow_early,nD_traj_BG,45,0.7159420289855071,0.7803337497729931,,,,
T02,D_flow_early,nADE_GT,45,0.17312252964426875,0.5100537573014892,,,,
T03,D_flow_early,nD_traj_BG,45,0.8391304347826086,0.7677683130191028,,,,
T03,D_flow_early,nADE_GT,45,0.4529644268774703,0.5419251559275675,,,,
T04,D_flow_early,nD_traj_BG,45,0.3696969696969697,0.417286002499135,,,,
T04,D_flow_early,nADE_GT,45,0.2574440052700922,0.314619852966632,,,,
T05,D_flow_early,nD_traj_BG,45,0.8645586297760212,0.8655682375278301,,,,
T05,D_flow_early,nADE_GT,45,0.3140974967061923,0.2641971225204036,,,,
pooled,D_flow_mid,nD_traj_BG,270,0.5908854107128431,0.83167194806052,0.35969747268977686,0.7980025790874421,0.3163662196395533,0.9367906817079811
pooled,D_flow_mid,nADE_GT,270,0.20492614591573421,0.8064754219453442,-0.23883323811656676,0.6570533163833024,-0.16477581145244932,0.9327173845985591
task_demeaned,D_flow_mid,nD_traj_BG,270,0.6777008067478444,0.7937713522695369,0.48281029074180776,0.8632174131742004,0.453708144548183,0.9182902993369662
task_demeaned,D_flow_mid,nADE_GT,270,0.4962662191677678,0.7755677682431532,0.13812986352857712,0.8074677690283912,0.16449553347027185,0.9125240528941759
Original,D_flow_mid,nD_traj_BG,45,0.898945981554677,0.9426809566336718,,,,
Original,D_flow_mid,nADE_GT,45,0.8996047430830038,0.943758926671931,,,,
T01,D_flow_mid,nD_traj_BG,45,0.6114624505928854,0.42198509883105906,,,,
T01,D_flow_mid,nADE_GT,45,0.15520421607378126,0.06796703467655227,,,,
T02,D_flow_mid,nD_traj_BG,45,0.6075098814229248,0.6432019627411238,,,,
T02,D_flow_mid,nADE_GT,45,0.255862977602108,0.4381272096475774,,,,
T03,D_flow_mid,nD_traj_BG,45,0.8267457180500658,0.7712703926351121,,,,
T03,D_flow_mid,nADE_GT,45,0.49209486166007904,0.5881440789888286,,,,
T04,D_flow_mid,nD_traj_BG,45,0.39051383399209477,0.4102047851147995,,,,
T04,D_flow_mid,nADE_GT,45,0.11277997364953886,0.1683319668974958,,,,
T05,D_flow_mid,nD_traj_BG,45,0.6267457180500658,0.5711295477477338,,,,
T05,D_flow_mid,nADE_GT,45,0.09275362318840578,0.08149731000577205,,,,
pooled,D_flow_late,nD_traj_BG,270,0.2149717036203819,0.20926870852526694,0.05188146205130057,0.5265704869606084,0.006261986935305305,0.4467247404145516
pooled,D_flow_late,nADE_GT,270,-0.15354302985409032,0.17000673668563235,-0.5320760591794731,0.406312407308333,-0.4656580085989658,0.45090329029030357
task_demeaned,D_flow_late,nD_traj_BG,270,0.32149046397527165,0.1946499030967807,0.31453878903229504,0.3918690762537993,0.17780275907515997,0.31004754352442576
task_demeaned,D_flow_late,nADE_GT,270,0.2055071628783202,0.1815236515812748,0.08925958443078726,0.29721214271089524,0.08395599879900924,0.2865662935785153
Original,D_flow_late,nD_traj_BG,45,0.3704874835309618,0.35651526081800916,,,,
Original,D_flow_late,nADE_GT,45,0.38840579710144923,0.35977592382131823,,,,
T01,D_flow_late,nD_traj_BG,45,0.5213438735177865,0.4461040078025965,,,,
T01,D_flow_late,nADE_GT,45,0.1533596837944664,0.047302086343245585,,,,
T02,D_flow_late,nD_traj_BG,45,0.4035573122529644,0.26263562840199783,,,,
T02,D_flow_late,nADE_GT,45,0.2573122529644269,0.22721516362490077,,,,
T03,D_flow_late,nD_traj_BG,45,0.5363636363636364,0.33291613500250167,,,,
T03,D_flow_late,nADE_GT,45,0.24795783926218704,0.2177456700892234,,,,
T04,D_flow_late,nD_traj_BG,45,0.3395256916996047,0.32149741899015827,,,,
T04,D_flow_late,nADE_GT,45,-0.19565217391304346,-0.12568748972028113,,,,
T05,D_flow_late,nD_traj_BG,45,0.41146245059288533,0.30245296318837134,,,,
T05,D_flow_late,nADE_GT,45,0.15968379446640316,0.11518573132804852,,,,
pooled,D_flow_AUC_progress,nD_traj_BG,270,0.6106936385348982,0.8053524174965051,0.38310286517077646,0.8137229348149166,0.4021727067183924,0.9093344828549216
pooled,D_flow_AUC_progress,nADE_GT,270,0.23757039800881274,0.7801087541473476,-0.22763632816310608,0.6651351087698761,-0.14390120887763508,0.9081333792877839
task_demeaned,D_flow_AUC_progress,nD_traj_BG,270,0.6970792161453212,0.7521370939013245,0.5195644387133749,0.8628486417110995,0.5145173355130089,0.8841257399141444
task_demeaned,D_flow_AUC_progress,nADE_GT,270,0.5083139381579689,0.7297980852719971,0.18118867869886432,0.8089316907655867,0.21840594656281387,0.8796290081159537
Original,D_flow_AUC_progress,nD_traj_BG,45,0.8980237154150197,0.919789665331982,,,,
Original,D_flow_AUC_progress,nADE_GT,45,0.8993412384716732,0.9218830977804451,,,,
T01,D_flow_AUC_progress,nD_traj_BG,45,0.5795783926218708,0.441731925837387,,,,
T01,D_flow_AUC_progress,nADE_GT,45,0.15955204216073782,0.06811887452693012,,,,
T02,D_flow_AUC_progress,nD_traj_BG,45,0.6417654808959156,0.6562793059597358,,,,
T02,D_flow_AUC_progress,nADE_GT,45,0.30342555994729903,0.44440638466263716,,,,
T03,D_flow_AUC_progress,nD_traj_BG,45,0.799341238471673,0.7189154757779068,,,,
T03,D_flow_AUC_progress,nADE_GT,45,0.4661396574440052,0.5260769474018859,,,,
T04,D_flow_AUC_progress,nD_traj_BG,45,0.3891963109354414,0.4090955307829287,,,,
T04,D_flow_AUC_progress,nADE_GT,45,0.04189723320158102,0.16671827210469536,,,,
T05,D_flow_AUC_progress,nD_traj_BG,45,0.7994729907773385,0.7494244832434644,,,,
T05,D_flow_AUC_progress,nADE_GT,45,0.25942028985507243,0.2067976383854031,,,,
pooled,D_flow_max,nD_traj_BG,270,0.4644986747265242,0.8673556154977687,0.20183699070072994,0.7290105250322002,0.3586178257923719,0.9340275233820985
pooled,D_flow_max,nADE_GT,270,0.12186144909776234,0.8404781036318295,-0.4163838475291621,0.586391398512232,-0.24411136234062614,0.9283488627831389
task_demeaned,D_flow_max,nD_traj_BG,270,0.6971572541004218,0.8485855772729147,0.4169490285379828,0.903616514695616,0.47049134495003053,0.918643773068146
task_demeaned,D_flow_max,nADE_GT,270,0.5476639673459931,0.8320456574225722,0.14216625053730989,0.8599555677496553,0.2172580899142721,0.9159229346815293
Original,D_flow_max,nD_traj_BG,45,0.8562582345191041,0.9399076238922375,,,,
Original,D_flow_max,nADE_GT,45,0.8596837944664031,0.9415946817729239,,,,
T01,D_flow_max,nD_traj_BG,45,0.4997364953886692,0.4494730916245013,,,,
T01,D_flow_max,nADE_GT,45,0.12134387351778655,0.03029401337769971,,,,
T02,D_flow_max,nD_traj_BG,45,0.522266139657444,0.615573210283303,,,,
T02,D_flow_max,nADE_GT,45,0.4292490118577074,0.5451492282761347,,,,
T03,D_flow_max,nD_traj_BG,45,0.6534914361001316,0.6176685269280572,,,,
T03,D_flow_max,nADE_GT,45,0.358498023715415,0.47166470346078004,,,,
T04,D_flow_max,nD_traj_BG,45,0.33056653491436094,0.3269172423731255,,,,
T04,D_flow_max,nADE_GT,45,-0.18115942028985504,-0.10052356545411617,,,,
T05,D_flow_max,nD_traj_BG,45,0.7155467720685111,0.7962662319131865,,,,
T05,D_flow_max,nADE_GT,45,0.26060606060606056,0.241147670679199,,,,
pooled,progress_max,nD_traj_BG,270,-0.6409339034561572,-0.42813301406443993,-0.7196519171690757,-0.30271152441197496,-0.7756427455125485,-0.3266997483768796
pooled,progress_max,nADE_GT,270,-0.5384154220309387,-0.4199022563559884,-0.6950710329757213,-0.2503048884880037,-0.6226622534513784,-0.27436873708820775
task_demeaned,progress_max,nD_traj_BG,270,-0.6013323364915246,-0.2606927822720756,-0.7010756944545927,-0.42400913157579884,-0.7630288734573667,-0.23171017256201312
task_demeaned,progress_max,nADE_GT,270,-0.3794840005396011,-0.21568258339666807,-0.453809128256727,-0.233721689849687,-0.5144997124476448,-0.18362994295447177
Original,progress_max,nD_traj_BG,45,-0.44840663295425576,-0.3980511037760027,,,,
Original,progress_max,nADE_GT,45,-0.43463795999003246,-0.3924268109895647,,,,
T01,progress_max,nD_traj_BG,45,,,,,,
T01,progress_max,nADE_GT,45,,,,,,
T02,progress_max,nD_traj_BG,45,-0.4724240066828132,-0.8575349797113752,,,,
T02,progress_max,nADE_GT,45,-0.45967555969867185,-0.5974366526533164,,,,
T03,progress_max,nD_traj_BG,45,-0.47096107014364946,-0.6314884100982875,,,,
T03,progress_max,nADE_GT,45,-0.4008446117308718,-0.34130347570464625,,,,
T04,progress_max,nD_traj_BG,45,-0.23216087202511326,-0.2779063014874595,,,,
T04,progress_max,nADE_GT,45,-0.25537695922762454,-0.537161967774511,,,,
T05,progress_max,nD_traj_BG,45,-0.6923386903876146,-0.7091458312340425,,,,
T05,progress_max,nADE_GT,45,-0.2554220823003124,-0.21747169706951175,,,,
